[e766bf31-ae0d-4574-b20d-109b28683082] Started GET "/" for ::1 at 2026-06-10 18:21:10 -0600
[e766bf31-ae0d-4574-b20d-109b28683082] Processing by DashboardController#index as HTML
[e766bf31-ae0d-4574-b20d-109b28683082]   Rendering layout layouts/application.html.erb
[e766bf31-ae0d-4574-b20d-109b28683082]   Rendering dashboard/index.html.erb within layouts/application
[e766bf31-ae0d-4574-b20d-109b28683082]   Rendered dashboard/index.html.erb within layouts/application (Duration: 3.7ms | Allocations: 838)
[e766bf31-ae0d-4574-b20d-109b28683082]   Rendered layout layouts/application.html.erb (Duration: 248.9ms | Allocations: 13134)
[e766bf31-ae0d-4574-b20d-109b28683082] Completed 200 OK in 539ms (Views: 337.0ms | Allocations: 18886)


[8f2707f6-8ec3-42b6-a4b0-363569cb985d] Started GET "/favicon.ico" for ::1 at 2026-06-10 18:21:11 -0600
[8f2707f6-8ec3-42b6-a4b0-363569cb985d]   
[8f2707f6-8ec3-42b6-a4b0-363569cb985d] ActionController::RoutingError (No route matches [GET] "/favicon.ico"):
[8f2707f6-8ec3-42b6-a4b0-363569cb985d]   
[32ac8fac-49e3-4db2-90eb-6a8b0b16da18] Started GET "/groups" for ::1 at 2026-06-10 18:21:13 -0600
[32ac8fac-49e3-4db2-90eb-6a8b0b16da18] Processing by GroupsController#index as HTML
[32ac8fac-49e3-4db2-90eb-6a8b0b16da18]   Rendering layout layouts/application.html.erb
[32ac8fac-49e3-4db2-90eb-6a8b0b16da18]   Rendering groups/index.html.erb within layouts/application
[32ac8fac-49e3-4db2-90eb-6a8b0b16da18]   Rendered shared/_standings_table.html.erb (Duration: 1.1ms | Allocations: 411)
[32ac8fac-49e3-4db2-90eb-6a8b0b16da18]   Rendered shared/_standings_table.html.erb (Duration: 0.1ms | Allocations: 131)
[32ac8fac-49e3-4db2-90eb-6a8b0b16da18]   Rendered shared/_standings_table.html.erb (Duration: 0.1ms | Allocations: 131)
[32ac8fac-49e3-4db2-90eb-6a8b0b16da18]   Rendered shared/_standings_table.html.erb (Duration: 0.1ms | Allocations: 131)
[32ac8fac-49e3-4db2-90eb-6a8b0b16da18]   Rendered shared/_standings_table.html.erb (Duration: 0.1ms | Allocations: 131)
[32ac8fac-49e3-4db2-90eb-6a8b0b16da18]   Rendered shared/_standings_table.html.erb (Duration: 0.1ms | Allocations: 131)
[32ac8fac-49e3-4db2-90eb-6a8b0b16da18]   Rendered shared/_standings_table.html.erb (Duration: 0.1ms | Allocations: 131)
[32ac8fac-49e3-4db2-90eb-6a8b0b16da18]   Rendered shared/_standings_table.html.erb (Duration: 0.1ms | Allocations: 131)
[32ac8fac-49e3-4db2-90eb-6a8b0b16da18]   Rendered shared/_standings_table.html.erb (Duration: 0.1ms | Allocations: 131)
[32ac8fac-49e3-4db2-90eb-6a8b0b16da18]   Rendered shared/_standings_table.html.erb (Duration: 0.1ms | Allocations: 131)
[32ac8fac-49e3-4db2-90eb-6a8b0b16da18]   Rendered shared/_standings_table.html.erb (Duration: 0.0ms | Allocations: 131)
[32ac8fac-49e3-4db2-90eb-6a8b0b16da18]   Rendered shared/_standings_table.html.erb (Duration: 0.0ms | Allocations: 131)
[32ac8fac-49e3-4db2-90eb-6a8b0b16da18]   Rendered groups/index.html.erb within layouts/application (Duration: 10.7ms | Allocations: 3239)
[32ac8fac-49e3-4db2-90eb-6a8b0b16da18]   Rendered layout layouts/application.html.erb (Duration: 19.4ms | Allocations: 4930)
[32ac8fac-49e3-4db2-90eb-6a8b0b16da18] Completed 200 OK in 27ms (Views: 23.3ms | Allocations: 6124)


[0039446d-baae-4d4a-9404-b90cf4ec5227] Started GET "/groups/8" for ::1 at 2026-06-10 18:21:17 -0600
[0039446d-baae-4d4a-9404-b90cf4ec5227] Processing by GroupsController#show as HTML
[0039446d-baae-4d4a-9404-b90cf4ec5227]   Parameters: {"id" => "8"}
[0039446d-baae-4d4a-9404-b90cf4ec5227]   Rendering layout layouts/application.html.erb
[0039446d-baae-4d4a-9404-b90cf4ec5227]   Rendering groups/show.html.erb within layouts/application
[0039446d-baae-4d4a-9404-b90cf4ec5227]   Rendered shared/_standings_table.html.erb (Duration: 0.1ms | Allocations: 136)
[0039446d-baae-4d4a-9404-b90cf4ec5227]   Rendered shared/_match_card.html.erb (Duration: 22.2ms | Allocations: 1424)
[0039446d-baae-4d4a-9404-b90cf4ec5227]   Rendered shared/_match_card.html.erb (Duration: 1.1ms | Allocations: 252)
[0039446d-baae-4d4a-9404-b90cf4ec5227]   Rendered shared/_match_card.html.erb (Duration: 0.7ms | Allocations: 252)
[0039446d-baae-4d4a-9404-b90cf4ec5227]   Rendered shared/_match_card.html.erb (Duration: 0.7ms | Allocations: 252)
[0039446d-baae-4d4a-9404-b90cf4ec5227]   Rendered shared/_match_card.html.erb (Duration: 0.6ms | Allocations: 252)
[0039446d-baae-4d4a-9404-b90cf4ec5227]   Rendered shared/_match_card.html.erb (Duration: 0.6ms | Allocations: 252)
[0039446d-baae-4d4a-9404-b90cf4ec5227]   Rendered groups/show.html.erb within layouts/application (Duration: 33.9ms | Allocations: 3539)
[0039446d-baae-4d4a-9404-b90cf4ec5227]   Rendered layout layouts/application.html.erb (Duration: 42.4ms | Allocations: 5206)
[0039446d-baae-4d4a-9404-b90cf4ec5227] Completed 200 OK in 48ms (Views: 43.2ms | Allocations: 5559)


[be18b165-d2db-4e26-bf77-e123b71786f7] Started GET "/knockout" for ::1 at 2026-06-10 18:21:21 -0600
[be18b165-d2db-4e26-bf77-e123b71786f7] Processing by KnockoutController#index as HTML
[be18b165-d2db-4e26-bf77-e123b71786f7]   Rendering layout layouts/application.html.erb
[be18b165-d2db-4e26-bf77-e123b71786f7]   Rendering knockout/index.html.erb within layouts/application
[be18b165-d2db-4e26-bf77-e123b71786f7]   Rendered knockout/index.html.erb within layouts/application (Duration: 2.0ms | Allocations: 625)
[be18b165-d2db-4e26-bf77-e123b71786f7]   Rendered layout layouts/application.html.erb (Duration: 11.7ms | Allocations: 2293)
[be18b165-d2db-4e26-bf77-e123b71786f7] Completed 200 OK in 21ms (Views: 16.5ms | Allocations: 2646)


[72fc86f8-9e1e-46e7-9535-dab6c6557375] Started GET "/matches" for ::1 at 2026-06-10 18:21:24 -0600
[72fc86f8-9e1e-46e7-9535-dab6c6557375] Processing by MatchesController#index as HTML
[72fc86f8-9e1e-46e7-9535-dab6c6557375]   Rendering layout layouts/application.html.erb
[72fc86f8-9e1e-46e7-9535-dab6c6557375]   Rendering matches/index.html.erb within layouts/application
[72fc86f8-9e1e-46e7-9535-dab6c6557375]   Rendered shared/_match_card.html.erb (Duration: 113.7ms | Allocations: 1934)
[72fc86f8-9e1e-46e7-9535-dab6c6557375]   Rendered shared/_match_card.html.erb (Duration: 0.8ms | Allocations: 252)
[72fc86f8-9e1e-46e7-9535-dab6c6557375]   Rendered shared/_match_card.html.erb (Duration: 0.5ms | Allocations: 252)
[72fc86f8-9e1e-46e7-9535-dab6c6557375]   Rendered shared/_match_card.html.erb (Duration: 0.6ms | Allocations: 252)
[72fc86f8-9e1e-46e7-9535-dab6c6557375]   Rendered shared/_match_card.html.erb (Duration: 0.5ms | Allocations: 252)
[72fc86f8-9e1e-46e7-9535-dab6c6557375]   Rendered shared/_match_card.html.erb (Duration: 1.2ms | Allocations: 252)
[72fc86f8-9e1e-46e7-9535-dab6c6557375]   Rendered shared/_match_card.html.erb (Duration: 0.7ms | Allocations: 252)
[72fc86f8-9e1e-46e7-9535-dab6c6557375]   Rendered shared/_match_card.html.erb (Duration: 0.5ms | Allocations: 252)
[72fc86f8-9e1e-46e7-9535-dab6c6557375]   Rendered shared/_match_card.html.erb (Duration: 0.9ms | Allocations: 252)
[72fc86f8-9e1e-46e7-9535-dab6c6557375]   Rendered shared/_match_card.html.erb (Duration: 0.7ms | Allocations: 252)
[72fc86f8-9e1e-46e7-9535-dab6c6557375]   Rendered shared/_match_card.html.erb (Duration: 0.5ms | Allocations: 252)
[72fc86f8-9e1e-46e7-9535-dab6c6557375]   Rendered shared/_match_card.html.erb (Duration: 0.5ms | Allocations: 252)
[72fc86f8-9e1e-46e7-9535-dab6c6557375]   Rendered shared/_match_card.html.erb (Duration: 0.5ms | Allocations: 252)
[72fc86f8-9e1e-46e7-9535-dab6c6557375]   Rendered shared/_match_card.html.erb (Duration: 0.9ms | Allocations: 252)
[72fc86f8-9e1e-46e7-9535-dab6c6557375]   Rendered shared/_match_card.html.erb (Duration: 0.8ms | Allocations: 252)
[72fc86f8-9e1e-46e7-9535-dab6c6557375]   Rendered shared/_match_card.html.erb (Duration: 0.7ms | Allocations: 252)
[72fc86f8-9e1e-46e7-9535-dab6c6557375]   Rendered shared/_match_card.html.erb (Duration: 0.5ms | Allocations: 252)
[72fc86f8-9e1e-46e7-9535-dab6c6557375]   Rendered shared/_match_card.html.erb (Duration: 0.6ms | Allocations: 252)
[72fc86f8-9e1e-46e7-9535-dab6c6557375]   Rendered shared/_match_card.html.erb (Duration: 0.6ms | Allocations: 252)
[72fc86f8-9e1e-46e7-9535-dab6c6557375]   Rendered shared/_match_card.html.erb (Duration: 0.5ms | Allocations: 252)
[72fc86f8-9e1e-46e7-9535-dab6c6557375]   Rendered shared/_match_card.html.erb (Duration: 0.5ms | Allocations: 252)
[72fc86f8-9e1e-46e7-9535-dab6c6557375]   Rendered shared/_match_card.html.erb (Duration: 0.9ms | Allocations: 252)
[72fc86f8-9e1e-46e7-9535-dab6c6557375]   Rendered shared/_match_card.html.erb (Duration: 0.9ms | Allocations: 252)
[72fc86f8-9e1e-46e7-9535-dab6c6557375]   Rendered shared/_match_card.html.erb (Duration: 0.8ms | Allocations: 252)
[72fc86f8-9e1e-46e7-9535-dab6c6557375]   Rendered shared/_match_card.html.erb (Duration: 0.7ms | Allocations: 252)
[72fc86f8-9e1e-46e7-9535-dab6c6557375]   Rendered shared/_match_card.html.erb (Duration: 0.6ms | Allocations: 252)
[72fc86f8-9e1e-46e7-9535-dab6c6557375]   Rendered shared/_match_card.html.erb (Duration: 0.7ms | Allocations: 252)
[72fc86f8-9e1e-46e7-9535-dab6c6557375]   Rendered shared/_match_card.html.erb (Duration: 0.4ms | Allocations: 252)
[72fc86f8-9e1e-46e7-9535-dab6c6557375]   Rendered shared/_match_card.html.erb (Duration: 0.7ms | Allocations: 252)
[72fc86f8-9e1e-46e7-9535-dab6c6557375]   Rendered shared/_match_card.html.erb (Duration: 0.7ms | Allocations: 252)
[72fc86f8-9e1e-46e7-9535-dab6c6557375]   Rendered shared/_match_card.html.erb (Duration: 0.9ms | Allocations: 252)
[72fc86f8-9e1e-46e7-9535-dab6c6557375]   Rendered shared/_match_card.html.erb (Duration: 0.7ms | Allocations: 252)
[72fc86f8-9e1e-46e7-9535-dab6c6557375]   Rendered shared/_match_card.html.erb (Duration: 0.5ms | Allocations: 252)
[72fc86f8-9e1e-46e7-9535-dab6c6557375]   Rendered shared/_match_card.html.erb (Duration: 0.6ms | Allocations: 252)
[72fc86f8-9e1e-46e7-9535-dab6c6557375]   Rendered shared/_match_card.html.erb (Duration: 0.5ms | Allocations: 252)
[72fc86f8-9e1e-46e7-9535-dab6c6557375]   Rendered shared/_match_card.html.erb (Duration: 0.5ms | Allocations: 252)
[72fc86f8-9e1e-46e7-9535-dab6c6557375]   Rendered shared/_match_card.html.erb (Duration: 0.6ms | Allocations: 252)
[72fc86f8-9e1e-46e7-9535-dab6c6557375]   Rendered shared/_match_card.html.erb (Duration: 0.9ms | Allocations: 252)
[72fc86f8-9e1e-46e7-9535-dab6c6557375]   Rendered shared/_match_card.html.erb (Duration: 0.9ms | Allocations: 252)
[72fc86f8-9e1e-46e7-9535-dab6c6557375]   Rendered shared/_match_card.html.erb (Duration: 0.7ms | Allocations: 252)
[72fc86f8-9e1e-46e7-9535-dab6c6557375]   Rendered shared/_match_card.html.erb (Duration: 0.5ms | Allocations: 252)
[72fc86f8-9e1e-46e7-9535-dab6c6557375]   Rendered shared/_match_card.html.erb (Duration: 0.4ms | Allocations: 252)
[72fc86f8-9e1e-46e7-9535-dab6c6557375]   Rendered shared/_match_card.html.erb (Duration: 0.4ms | Allocations: 252)
[72fc86f8-9e1e-46e7-9535-dab6c6557375]   Rendered shared/_match_card.html.erb (Duration: 0.5ms | Allocations: 252)
[72fc86f8-9e1e-46e7-9535-dab6c6557375]   Rendered shared/_match_card.html.erb (Duration: 0.4ms | Allocations: 252)
[72fc86f8-9e1e-46e7-9535-dab6c6557375]   Rendered shared/_match_card.html.erb (Duration: 0.4ms | Allocations: 252)
[72fc86f8-9e1e-46e7-9535-dab6c6557375]   Rendered shared/_match_card.html.erb (Duration: 0.5ms | Allocations: 252)
[72fc86f8-9e1e-46e7-9535-dab6c6557375]   Rendered shared/_match_card.html.erb (Duration: 0.7ms | Allocations: 252)
[72fc86f8-9e1e-46e7-9535-dab6c6557375]   Rendered shared/_match_card.html.erb (Duration: 0.9ms | Allocations: 252)
[72fc86f8-9e1e-46e7-9535-dab6c6557375]   Rendered shared/_match_card.html.erb (Duration: 0.8ms | Allocations: 252)
[72fc86f8-9e1e-46e7-9535-dab6c6557375]   Rendered shared/_match_card.html.erb (Duration: 0.7ms | Allocations: 252)
[72fc86f8-9e1e-46e7-9535-dab6c6557375]   Rendered shared/_match_card.html.erb (Duration: 0.6ms | Allocations: 252)
[72fc86f8-9e1e-46e7-9535-dab6c6557375]   Rendered shared/_match_card.html.erb (Duration: 0.7ms | Allocations: 252)
[72fc86f8-9e1e-46e7-9535-dab6c6557375]   Rendered shared/_match_card.html.erb (Duration: 0.6ms | Allocations: 252)
[72fc86f8-9e1e-46e7-9535-dab6c6557375]   Rendered shared/_match_card.html.erb (Duration: 0.6ms | Allocations: 252)
[72fc86f8-9e1e-46e7-9535-dab6c6557375]   Rendered shared/_match_card.html.erb (Duration: 0.9ms | Allocations: 252)
[72fc86f8-9e1e-46e7-9535-dab6c6557375]   Rendered shared/_match_card.html.erb (Duration: 0.7ms | Allocations: 252)
[72fc86f8-9e1e-46e7-9535-dab6c6557375]   Rendered shared/_match_card.html.erb (Duration: 0.8ms | Allocations: 252)
[72fc86f8-9e1e-46e7-9535-dab6c6557375]   Rendered shared/_match_card.html.erb (Duration: 0.6ms | Allocations: 252)
[72fc86f8-9e1e-46e7-9535-dab6c6557375]   Rendered shared/_match_card.html.erb (Duration: 0.5ms | Allocations: 252)
[72fc86f8-9e1e-46e7-9535-dab6c6557375]   Rendered shared/_match_card.html.erb (Duration: 0.5ms | Allocations: 252)
[72fc86f8-9e1e-46e7-9535-dab6c6557375]   Rendered shared/_match_card.html.erb (Duration: 0.6ms | Allocations: 252)
[72fc86f8-9e1e-46e7-9535-dab6c6557375]   Rendered shared/_match_card.html.erb (Duration: 0.5ms | Allocations: 252)
[72fc86f8-9e1e-46e7-9535-dab6c6557375]   Rendered shared/_match_card.html.erb (Duration: 0.4ms | Allocations: 252)
[72fc86f8-9e1e-46e7-9535-dab6c6557375]   Rendered shared/_match_card.html.erb (Duration: 0.9ms | Allocations: 252)
[72fc86f8-9e1e-46e7-9535-dab6c6557375]   Rendered shared/_match_card.html.erb (Duration: 1.0ms | Allocations: 252)
[72fc86f8-9e1e-46e7-9535-dab6c6557375]   Rendered shared/_match_card.html.erb (Duration: 0.6ms | Allocations: 252)
[72fc86f8-9e1e-46e7-9535-dab6c6557375]   Rendered shared/_match_card.html.erb (Duration: 0.5ms | Allocations: 252)
[72fc86f8-9e1e-46e7-9535-dab6c6557375]   Rendered shared/_match_card.html.erb (Duration: 0.6ms | Allocations: 252)
[72fc86f8-9e1e-46e7-9535-dab6c6557375]   Rendered shared/_match_card.html.erb (Duration: 0.8ms | Allocations: 252)
[72fc86f8-9e1e-46e7-9535-dab6c6557375]   Rendered shared/_match_card.html.erb (Duration: 0.6ms | Allocations: 252)
[72fc86f8-9e1e-46e7-9535-dab6c6557375]   Rendered shared/_match_card.html.erb (Duration: 0.5ms | Allocations: 252)
[72fc86f8-9e1e-46e7-9535-dab6c6557375]   Rendered matches/index.html.erb within layouts/application (Duration: 186.7ms | Allocations: 25039)
[72fc86f8-9e1e-46e7-9535-dab6c6557375]   Rendered layout layouts/application.html.erb (Duration: 195.2ms | Allocations: 26707)
[72fc86f8-9e1e-46e7-9535-dab6c6557375] Completed 200 OK in 205ms (Views: 200.0ms | Allocations: 27408)


[48811976-6f31-4c03-b40c-0da64cc9dedf] Started GET "/" for ::1 at 2026-06-10 18:21:28 -0600
[48811976-6f31-4c03-b40c-0da64cc9dedf] Processing by DashboardController#index as HTML
[48811976-6f31-4c03-b40c-0da64cc9dedf]   Rendering layout layouts/application.html.erb
[48811976-6f31-4c03-b40c-0da64cc9dedf]   Rendering dashboard/index.html.erb within layouts/application
[48811976-6f31-4c03-b40c-0da64cc9dedf]   Rendered dashboard/index.html.erb within layouts/application (Duration: 0.4ms | Allocations: 157)
[48811976-6f31-4c03-b40c-0da64cc9dedf]   Rendered layout layouts/application.html.erb (Duration: 15.0ms | Allocations: 1823)
[48811976-6f31-4c03-b40c-0da64cc9dedf] Completed 200 OK in 17ms (Views: 16.3ms | Allocations: 2025)


[4c30d164-f1da-4d80-99ac-645f441e7a7e] Started GET "/matches" for ::1 at 2026-06-10 18:22:07 -0600
[4c30d164-f1da-4d80-99ac-645f441e7a7e] Processing by MatchesController#index as HTML
[4c30d164-f1da-4d80-99ac-645f441e7a7e]   Rendering layout layouts/application.html.erb
[4c30d164-f1da-4d80-99ac-645f441e7a7e]   Rendering matches/index.html.erb within layouts/application
[4c30d164-f1da-4d80-99ac-645f441e7a7e]   Rendered shared/_match_card.html.erb (Duration: 1.8ms | Allocations: 530)
[4c30d164-f1da-4d80-99ac-645f441e7a7e]   Rendered shared/_match_card.html.erb (Duration: 0.9ms | Allocations: 252)
[4c30d164-f1da-4d80-99ac-645f441e7a7e]   Rendered shared/_match_card.html.erb (Duration: 0.8ms | Allocations: 252)
[4c30d164-f1da-4d80-99ac-645f441e7a7e]   Rendered shared/_match_card.html.erb (Duration: 1.3ms | Allocations: 252)
[4c30d164-f1da-4d80-99ac-645f441e7a7e]   Rendered shared/_match_card.html.erb (Duration: 0.9ms | Allocations: 252)
[4c30d164-f1da-4d80-99ac-645f441e7a7e]   Rendered shared/_match_card.html.erb (Duration: 8.6ms | Allocations: 252)
[4c30d164-f1da-4d80-99ac-645f441e7a7e]   Rendered shared/_match_card.html.erb (Duration: 1.2ms | Allocations: 253)
[4c30d164-f1da-4d80-99ac-645f441e7a7e]   Rendered shared/_match_card.html.erb (Duration: 1.0ms | Allocations: 252)
[4c30d164-f1da-4d80-99ac-645f441e7a7e]   Rendered shared/_match_card.html.erb (Duration: 0.8ms | Allocations: 252)
[4c30d164-f1da-4d80-99ac-645f441e7a7e]   Rendered shared/_match_card.html.erb (Duration: 0.7ms | Allocations: 252)
[4c30d164-f1da-4d80-99ac-645f441e7a7e]   Rendered shared/_match_card.html.erb (Duration: 0.6ms | Allocations: 252)
[4c30d164-f1da-4d80-99ac-645f441e7a7e]   Rendered shared/_match_card.html.erb (Duration: 0.8ms | Allocations: 252)
[4c30d164-f1da-4d80-99ac-645f441e7a7e]   Rendered shared/_match_card.html.erb (Duration: 1.3ms | Allocations: 252)
[4c30d164-f1da-4d80-99ac-645f441e7a7e]   Rendered shared/_match_card.html.erb (Duration: 0.8ms | Allocations: 252)
[4c30d164-f1da-4d80-99ac-645f441e7a7e]   Rendered shared/_match_card.html.erb (Duration: 0.7ms | Allocations: 252)
[4c30d164-f1da-4d80-99ac-645f441e7a7e]   Rendered shared/_match_card.html.erb (Duration: 0.9ms | Allocations: 252)
[4c30d164-f1da-4d80-99ac-645f441e7a7e]   Rendered shared/_match_card.html.erb (Duration: 0.7ms | Allocations: 252)
[4c30d164-f1da-4d80-99ac-645f441e7a7e]   Rendered shared/_match_card.html.erb (Duration: 0.7ms | Allocations: 252)
[4c30d164-f1da-4d80-99ac-645f441e7a7e]   Rendered shared/_match_card.html.erb (Duration: 0.9ms | Allocations: 252)
[4c30d164-f1da-4d80-99ac-645f441e7a7e]   Rendered shared/_match_card.html.erb (Duration: 0.9ms | Allocations: 252)
[4c30d164-f1da-4d80-99ac-645f441e7a7e]   Rendered shared/_match_card.html.erb (Duration: 1.9ms | Allocations: 252)
[4c30d164-f1da-4d80-99ac-645f441e7a7e]   Rendered shared/_match_card.html.erb (Duration: 0.8ms | Allocations: 252)
[4c30d164-f1da-4d80-99ac-645f441e7a7e]   Rendered shared/_match_card.html.erb (Duration: 0.7ms | Allocations: 252)
[4c30d164-f1da-4d80-99ac-645f441e7a7e]   Rendered shared/_match_card.html.erb (Duration: 0.7ms | Allocations: 252)
[4c30d164-f1da-4d80-99ac-645f441e7a7e]   Rendered shared/_match_card.html.erb (Duration: 1.0ms | Allocations: 252)
[4c30d164-f1da-4d80-99ac-645f441e7a7e]   Rendered shared/_match_card.html.erb (Duration: 0.9ms | Allocations: 252)
[4c30d164-f1da-4d80-99ac-645f441e7a7e]   Rendered shared/_match_card.html.erb (Duration: 0.8ms | Allocations: 252)
[4c30d164-f1da-4d80-99ac-645f441e7a7e]   Rendered shared/_match_card.html.erb (Duration: 0.8ms | Allocations: 252)
[4c30d164-f1da-4d80-99ac-645f441e7a7e]   Rendered shared/_match_card.html.erb (Duration: 0.8ms | Allocations: 252)
[4c30d164-f1da-4d80-99ac-645f441e7a7e]   Rendered shared/_match_card.html.erb (Duration: 0.8ms | Allocations: 252)
[4c30d164-f1da-4d80-99ac-645f441e7a7e]   Rendered shared/_match_card.html.erb (Duration: 1.3ms | Allocations: 252)
[4c30d164-f1da-4d80-99ac-645f441e7a7e]   Rendered shared/_match_card.html.erb (Duration: 0.9ms | Allocations: 252)
[4c30d164-f1da-4d80-99ac-645f441e7a7e]   Rendered shared/_match_card.html.erb (Duration: 0.6ms | Allocations: 252)
[4c30d164-f1da-4d80-99ac-645f441e7a7e]   Rendered shared/_match_card.html.erb (Duration: 0.6ms | Allocations: 252)
[4c30d164-f1da-4d80-99ac-645f441e7a7e]   Rendered shared/_match_card.html.erb (Duration: 1.1ms | Allocations: 252)
[4c30d164-f1da-4d80-99ac-645f441e7a7e]   Rendered shared/_match_card.html.erb (Duration: 0.7ms | Allocations: 252)
[4c30d164-f1da-4d80-99ac-645f441e7a7e]   Rendered shared/_match_card.html.erb (Duration: 1.0ms | Allocations: 252)
[4c30d164-f1da-4d80-99ac-645f441e7a7e]   Rendered shared/_match_card.html.erb (Duration: 1.3ms | Allocations: 252)
[4c30d164-f1da-4d80-99ac-645f441e7a7e]   Rendered shared/_match_card.html.erb (Duration: 0.7ms | Allocations: 252)
[4c30d164-f1da-4d80-99ac-645f441e7a7e]   Rendered shared/_match_card.html.erb (Duration: 0.5ms | Allocations: 252)
[4c30d164-f1da-4d80-99ac-645f441e7a7e]   Rendered shared/_match_card.html.erb (Duration: 0.5ms | Allocations: 252)
[4c30d164-f1da-4d80-99ac-645f441e7a7e]   Rendered shared/_match_card.html.erb (Duration: 0.5ms | Allocations: 252)
[4c30d164-f1da-4d80-99ac-645f441e7a7e]   Rendered shared/_match_card.html.erb (Duration: 0.5ms | Allocations: 252)
[4c30d164-f1da-4d80-99ac-645f441e7a7e]   Rendered shared/_match_card.html.erb (Duration: 0.5ms | Allocations: 252)
[4c30d164-f1da-4d80-99ac-645f441e7a7e]   Rendered shared/_match_card.html.erb (Duration: 1.9ms | Allocations: 252)
[4c30d164-f1da-4d80-99ac-645f441e7a7e]   Rendered shared/_match_card.html.erb (Duration: 0.8ms | Allocations: 252)
[4c30d164-f1da-4d80-99ac-645f441e7a7e]   Rendered shared/_match_card.html.erb (Duration: 0.7ms | Allocations: 252)
[4c30d164-f1da-4d80-99ac-645f441e7a7e]   Rendered shared/_match_card.html.erb (Duration: 0.9ms | Allocations: 252)
[4c30d164-f1da-4d80-99ac-645f441e7a7e]   Rendered shared/_match_card.html.erb (Duration: 0.6ms | Allocations: 252)
[4c30d164-f1da-4d80-99ac-645f441e7a7e]   Rendered shared/_match_card.html.erb (Duration: 0.6ms | Allocations: 252)
[4c30d164-f1da-4d80-99ac-645f441e7a7e]   Rendered shared/_match_card.html.erb (Duration: 0.7ms | Allocations: 252)
[4c30d164-f1da-4d80-99ac-645f441e7a7e]   Rendered shared/_match_card.html.erb (Duration: 1.0ms | Allocations: 252)
[4c30d164-f1da-4d80-99ac-645f441e7a7e]   Rendered shared/_match_card.html.erb (Duration: 0.7ms | Allocations: 252)
[4c30d164-f1da-4d80-99ac-645f441e7a7e]   Rendered shared/_match_card.html.erb (Duration: 0.6ms | Allocations: 252)
[4c30d164-f1da-4d80-99ac-645f441e7a7e]   Rendered shared/_match_card.html.erb (Duration: 0.6ms | Allocations: 252)
[4c30d164-f1da-4d80-99ac-645f441e7a7e]   Rendered shared/_match_card.html.erb (Duration: 0.6ms | Allocations: 252)
[4c30d164-f1da-4d80-99ac-645f441e7a7e]   Rendered shared/_match_card.html.erb (Duration: 0.5ms | Allocations: 252)
[4c30d164-f1da-4d80-99ac-645f441e7a7e]   Rendered shared/_match_card.html.erb (Duration: 0.4ms | Allocations: 252)
[4c30d164-f1da-4d80-99ac-645f441e7a7e]   Rendered shared/_match_card.html.erb (Duration: 0.4ms | Allocations: 252)
[4c30d164-f1da-4d80-99ac-645f441e7a7e]   Rendered shared/_match_card.html.erb (Duration: 1.5ms | Allocations: 252)
[4c30d164-f1da-4d80-99ac-645f441e7a7e]   Rendered shared/_match_card.html.erb (Duration: 1.2ms | Allocations: 252)
[4c30d164-f1da-4d80-99ac-645f441e7a7e]   Rendered shared/_match_card.html.erb (Duration: 1.1ms | Allocations: 252)
[4c30d164-f1da-4d80-99ac-645f441e7a7e]   Rendered shared/_match_card.html.erb (Duration: 0.6ms | Allocations: 252)
[4c30d164-f1da-4d80-99ac-645f441e7a7e]   Rendered shared/_match_card.html.erb (Duration: 0.5ms | Allocations: 252)
[4c30d164-f1da-4d80-99ac-645f441e7a7e]   Rendered shared/_match_card.html.erb (Duration: 0.6ms | Allocations: 252)
[4c30d164-f1da-4d80-99ac-645f441e7a7e]   Rendered shared/_match_card.html.erb (Duration: 0.6ms | Allocations: 252)
[4c30d164-f1da-4d80-99ac-645f441e7a7e]   Rendered shared/_match_card.html.erb (Duration: 0.9ms | Allocations: 252)
[4c30d164-f1da-4d80-99ac-645f441e7a7e]   Rendered shared/_match_card.html.erb (Duration: 0.8ms | Allocations: 252)
[4c30d164-f1da-4d80-99ac-645f441e7a7e]   Rendered shared/_match_card.html.erb (Duration: 0.4ms | Allocations: 252)
[4c30d164-f1da-4d80-99ac-645f441e7a7e]   Rendered shared/_match_card.html.erb (Duration: 0.5ms | Allocations: 252)
[4c30d164-f1da-4d80-99ac-645f441e7a7e]   Rendered shared/_match_card.html.erb (Duration: 0.6ms | Allocations: 252)
[4c30d164-f1da-4d80-99ac-645f441e7a7e]   Rendered shared/_match_card.html.erb (Duration: 0.7ms | Allocations: 252)
[4c30d164-f1da-4d80-99ac-645f441e7a7e]   Rendered matches/index.html.erb within layouts/application (Duration: 99.9ms | Allocations: 23261)
[4c30d164-f1da-4d80-99ac-645f441e7a7e]   Rendered layout layouts/application.html.erb (Duration: 109.2ms | Allocations: 24945)
[4c30d164-f1da-4d80-99ac-645f441e7a7e] Completed 200 OK in 110ms (Views: 110.0ms | Allocations: 25492)


[53f69924-e530-42ac-8676-18f87280e138] Started GET "/" for ::1 at 2026-06-10 18:22:11 -0600
[53f69924-e530-42ac-8676-18f87280e138] Processing by DashboardController#index as HTML
[53f69924-e530-42ac-8676-18f87280e138]   Rendering layout layouts/application.html.erb
[53f69924-e530-42ac-8676-18f87280e138]   Rendering dashboard/index.html.erb within layouts/application
[53f69924-e530-42ac-8676-18f87280e138]   Rendered dashboard/index.html.erb within layouts/application (Duration: 0.5ms | Allocations: 157)
[53f69924-e530-42ac-8676-18f87280e138]   Rendered layout layouts/application.html.erb (Duration: 10.9ms | Allocations: 1823)
[53f69924-e530-42ac-8676-18f87280e138] Completed 200 OK in 13ms (Views: 12.4ms | Allocations: 2026)


[da310562-1e64-406b-a78d-607567b8fabb] Started GET "/" for ::1 at 2026-06-10 18:34:45 -0600
[da310562-1e64-406b-a78d-607567b8fabb] Processing by DashboardController#index as HTML
[da310562-1e64-406b-a78d-607567b8fabb]   Rendering layout layouts/application.html.erb
[da310562-1e64-406b-a78d-607567b8fabb]   Rendering dashboard/index.html.erb within layouts/application
[da310562-1e64-406b-a78d-607567b8fabb]   Rendered dashboard/index.html.erb within layouts/application (Duration: 1.3ms | Allocations: 577)
[da310562-1e64-406b-a78d-607567b8fabb]   Rendered layout layouts/application.html.erb (Duration: 12.4ms | Allocations: 2468)
[da310562-1e64-406b-a78d-607567b8fabb] Completed 200 OK in 6116ms (Views: 19.4ms | Allocations: 18019)


[97d6e1b7-45eb-46e9-ad36-cd9b63e31801] Started GET "/" for ::1 at 2026-06-10 18:37:49 -0600
[97d6e1b7-45eb-46e9-ad36-cd9b63e31801] Processing by DashboardController#index as HTML
[97d6e1b7-45eb-46e9-ad36-cd9b63e31801]   Rendering layout layouts/application.html.erb
[97d6e1b7-45eb-46e9-ad36-cd9b63e31801]   Rendering dashboard/index.html.erb within layouts/application
[97d6e1b7-45eb-46e9-ad36-cd9b63e31801]   Rendered dashboard/index.html.erb within layouts/application (Duration: 2.1ms | Allocations: 834)
[97d6e1b7-45eb-46e9-ad36-cd9b63e31801]   Rendered layout layouts/application.html.erb (Duration: 106.3ms | Allocations: 5780)
[97d6e1b7-45eb-46e9-ad36-cd9b63e31801] Completed 200 OK in 472ms (Views: 125.4ms | Allocations: 19139)


[0146ded1-5456-4cd9-a412-1b769986af82] Started GET "/matches" for ::1 at 2026-06-10 18:37:51 -0600
[0146ded1-5456-4cd9-a412-1b769986af82] Processing by MatchesController#index as HTML
[0146ded1-5456-4cd9-a412-1b769986af82]   Rendering layout layouts/application.html.erb
[0146ded1-5456-4cd9-a412-1b769986af82]   Rendering matches/index.html.erb within layouts/application
[0146ded1-5456-4cd9-a412-1b769986af82]   Rendered shared/_match_card.html.erb (Duration: 39.3ms | Allocations: 3643)
[0146ded1-5456-4cd9-a412-1b769986af82]   Rendered shared/_match_card.html.erb (Duration: 0.7ms | Allocations: 253)
[0146ded1-5456-4cd9-a412-1b769986af82]   Rendered shared/_match_card.html.erb (Duration: 0.6ms | Allocations: 252)
[0146ded1-5456-4cd9-a412-1b769986af82]   Rendered shared/_match_card.html.erb (Duration: 1.2ms | Allocations: 252)
[0146ded1-5456-4cd9-a412-1b769986af82]   Rendered shared/_match_card.html.erb (Duration: 0.8ms | Allocations: 252)
[0146ded1-5456-4cd9-a412-1b769986af82]   Rendered shared/_match_card.html.erb (Duration: 0.8ms | Allocations: 252)
[0146ded1-5456-4cd9-a412-1b769986af82]   Rendered shared/_match_card.html.erb (Duration: 0.8ms | Allocations: 252)
[0146ded1-5456-4cd9-a412-1b769986af82]   Rendered shared/_match_card.html.erb (Duration: 0.7ms | Allocations: 252)
[0146ded1-5456-4cd9-a412-1b769986af82]   Rendered shared/_match_card.html.erb (Duration: 0.8ms | Allocations: 252)
[0146ded1-5456-4cd9-a412-1b769986af82]   Rendered shared/_match_card.html.erb (Duration: 0.8ms | Allocations: 252)
[0146ded1-5456-4cd9-a412-1b769986af82]   Rendered shared/_match_card.html.erb (Duration: 0.8ms | Allocations: 252)
[0146ded1-5456-4cd9-a412-1b769986af82]   Rendered shared/_match_card.html.erb (Duration: 0.6ms | Allocations: 252)
[0146ded1-5456-4cd9-a412-1b769986af82]   Rendered shared/_match_card.html.erb (Duration: 0.9ms | Allocations: 252)
[0146ded1-5456-4cd9-a412-1b769986af82]   Rendered shared/_match_card.html.erb (Duration: 2.2ms | Allocations: 252)
[0146ded1-5456-4cd9-a412-1b769986af82]   Rendered shared/_match_card.html.erb (Duration: 0.9ms | Allocations: 252)
[0146ded1-5456-4cd9-a412-1b769986af82]   Rendered shared/_match_card.html.erb (Duration: 0.9ms | Allocations: 252)
[0146ded1-5456-4cd9-a412-1b769986af82]   Rendered shared/_match_card.html.erb (Duration: 1.0ms | Allocations: 252)
[0146ded1-5456-4cd9-a412-1b769986af82]   Rendered shared/_match_card.html.erb (Duration: 1.5ms | Allocations: 252)
[0146ded1-5456-4cd9-a412-1b769986af82]   Rendered shared/_match_card.html.erb (Duration: 0.9ms | Allocations: 252)
[0146ded1-5456-4cd9-a412-1b769986af82]   Rendered shared/_match_card.html.erb (Duration: 0.9ms | Allocations: 252)
[0146ded1-5456-4cd9-a412-1b769986af82]   Rendered shared/_match_card.html.erb (Duration: 0.8ms | Allocations: 252)
[0146ded1-5456-4cd9-a412-1b769986af82]   Rendered shared/_match_card.html.erb (Duration: 0.9ms | Allocations: 252)
[0146ded1-5456-4cd9-a412-1b769986af82]   Rendered shared/_match_card.html.erb (Duration: 1.3ms | Allocations: 252)
[0146ded1-5456-4cd9-a412-1b769986af82]   Rendered shared/_match_card.html.erb (Duration: 0.8ms | Allocations: 252)
[0146ded1-5456-4cd9-a412-1b769986af82]   Rendered shared/_match_card.html.erb (Duration: 0.7ms | Allocations: 252)
[0146ded1-5456-4cd9-a412-1b769986af82]   Rendered shared/_match_card.html.erb (Duration: 0.6ms | Allocations: 252)
[0146ded1-5456-4cd9-a412-1b769986af82]   Rendered shared/_match_card.html.erb (Duration: 26.6ms | Allocations: 252)
[0146ded1-5456-4cd9-a412-1b769986af82]   Rendered shared/_match_card.html.erb (Duration: 1.2ms | Allocations: 253)
[0146ded1-5456-4cd9-a412-1b769986af82]   Rendered shared/_match_card.html.erb (Duration: 0.9ms | Allocations: 252)
[0146ded1-5456-4cd9-a412-1b769986af82]   Rendered shared/_match_card.html.erb (Duration: 0.9ms | Allocations: 252)
[0146ded1-5456-4cd9-a412-1b769986af82]   Rendered shared/_match_card.html.erb (Duration: 0.9ms | Allocations: 252)
[0146ded1-5456-4cd9-a412-1b769986af82]   Rendered shared/_match_card.html.erb (Duration: 0.9ms | Allocations: 252)
[0146ded1-5456-4cd9-a412-1b769986af82]   Rendered shared/_match_card.html.erb (Duration: 0.9ms | Allocations: 252)
[0146ded1-5456-4cd9-a412-1b769986af82]   Rendered shared/_match_card.html.erb (Duration: 0.6ms | Allocations: 252)
[0146ded1-5456-4cd9-a412-1b769986af82]   Rendered shared/_match_card.html.erb (Duration: 0.8ms | Allocations: 252)
[0146ded1-5456-4cd9-a412-1b769986af82]   Rendered shared/_match_card.html.erb (Duration: 1.3ms | Allocations: 252)
[0146ded1-5456-4cd9-a412-1b769986af82]   Rendered shared/_match_card.html.erb (Duration: 0.7ms | Allocations: 252)
[0146ded1-5456-4cd9-a412-1b769986af82]   Rendered shared/_match_card.html.erb (Duration: 2.0ms | Allocations: 252)
[0146ded1-5456-4cd9-a412-1b769986af82]   Rendered shared/_match_card.html.erb (Duration: 0.7ms | Allocations: 252)
[0146ded1-5456-4cd9-a412-1b769986af82]   Rendered shared/_match_card.html.erb (Duration: 0.8ms | Allocations: 252)
[0146ded1-5456-4cd9-a412-1b769986af82]   Rendered shared/_match_card.html.erb (Duration: 0.7ms | Allocations: 252)
[0146ded1-5456-4cd9-a412-1b769986af82]   Rendered shared/_match_card.html.erb (Duration: 1.6ms | Allocations: 252)
[0146ded1-5456-4cd9-a412-1b769986af82]   Rendered shared/_match_card.html.erb (Duration: 1.4ms | Allocations: 252)
[0146ded1-5456-4cd9-a412-1b769986af82]   Rendered shared/_match_card.html.erb (Duration: 0.7ms | Allocations: 252)
[0146ded1-5456-4cd9-a412-1b769986af82]   Rendered shared/_match_card.html.erb (Duration: 0.7ms | Allocations: 252)
[0146ded1-5456-4cd9-a412-1b769986af82]   Rendered shared/_match_card.html.erb (Duration: 1.5ms | Allocations: 252)
[0146ded1-5456-4cd9-a412-1b769986af82]   Rendered shared/_match_card.html.erb (Duration: 0.9ms | Allocations: 252)
[0146ded1-5456-4cd9-a412-1b769986af82]   Rendered shared/_match_card.html.erb (Duration: 1.3ms | Allocations: 252)
[0146ded1-5456-4cd9-a412-1b769986af82]   Rendered shared/_match_card.html.erb (Duration: 1.2ms | Allocations: 252)
[0146ded1-5456-4cd9-a412-1b769986af82]   Rendered shared/_match_card.html.erb (Duration: 1.1ms | Allocations: 252)
[0146ded1-5456-4cd9-a412-1b769986af82]   Rendered shared/_match_card.html.erb (Duration: 0.8ms | Allocations: 252)
[0146ded1-5456-4cd9-a412-1b769986af82]   Rendered shared/_match_card.html.erb (Duration: 1.1ms | Allocations: 252)
[0146ded1-5456-4cd9-a412-1b769986af82]   Rendered shared/_match_card.html.erb (Duration: 1.7ms | Allocations: 252)
[0146ded1-5456-4cd9-a412-1b769986af82]   Rendered shared/_match_card.html.erb (Duration: 2.1ms | Allocations: 252)
[0146ded1-5456-4cd9-a412-1b769986af82]   Rendered shared/_match_card.html.erb (Duration: 0.9ms | Allocations: 252)
[0146ded1-5456-4cd9-a412-1b769986af82]   Rendered shared/_match_card.html.erb (Duration: 1.8ms | Allocations: 252)
[0146ded1-5456-4cd9-a412-1b769986af82]   Rendered shared/_match_card.html.erb (Duration: 1.0ms | Allocations: 252)
[0146ded1-5456-4cd9-a412-1b769986af82]   Rendered shared/_match_card.html.erb (Duration: 1.0ms | Allocations: 252)
[0146ded1-5456-4cd9-a412-1b769986af82]   Rendered shared/_match_card.html.erb (Duration: 0.8ms | Allocations: 252)
[0146ded1-5456-4cd9-a412-1b769986af82]   Rendered shared/_match_card.html.erb (Duration: 0.7ms | Allocations: 252)
[0146ded1-5456-4cd9-a412-1b769986af82]   Rendered shared/_match_card.html.erb (Duration: 1.2ms | Allocations: 252)
[0146ded1-5456-4cd9-a412-1b769986af82]   Rendered shared/_match_card.html.erb (Duration: 1.3ms | Allocations: 252)
[0146ded1-5456-4cd9-a412-1b769986af82]   Rendered shared/_match_card.html.erb (Duration: 1.0ms | Allocations: 252)
[0146ded1-5456-4cd9-a412-1b769986af82]   Rendered shared/_match_card.html.erb (Duration: 1.5ms | Allocations: 252)
[0146ded1-5456-4cd9-a412-1b769986af82]   Rendered shared/_match_card.html.erb (Duration: 1.1ms | Allocations: 252)
[0146ded1-5456-4cd9-a412-1b769986af82]   Rendered shared/_match_card.html.erb (Duration: 0.7ms | Allocations: 252)
[0146ded1-5456-4cd9-a412-1b769986af82]   Rendered shared/_match_card.html.erb (Duration: 0.8ms | Allocations: 252)
[0146ded1-5456-4cd9-a412-1b769986af82]   Rendered shared/_match_card.html.erb (Duration: 1.6ms | Allocations: 252)
[0146ded1-5456-4cd9-a412-1b769986af82]   Rendered shared/_match_card.html.erb (Duration: 1.7ms | Allocations: 252)
[0146ded1-5456-4cd9-a412-1b769986af82]   Rendered shared/_match_card.html.erb (Duration: 1.4ms | Allocations: 252)
[0146ded1-5456-4cd9-a412-1b769986af82]   Rendered shared/_match_card.html.erb (Duration: 0.8ms | Allocations: 252)
[0146ded1-5456-4cd9-a412-1b769986af82]   Rendered shared/_match_card.html.erb (Duration: 0.8ms | Allocations: 252)
[0146ded1-5456-4cd9-a412-1b769986af82]   Rendered matches/index.html.erb within layouts/application (Duration: 199.3ms | Allocations: 26784)
[0146ded1-5456-4cd9-a412-1b769986af82]   Rendered layout layouts/application.html.erb (Duration: 213.6ms | Allocations: 28470)
[0146ded1-5456-4cd9-a412-1b769986af82] Completed 200 OK in 819ms (Views: 218.3ms | Allocations: 30959)


[107cd4cc-2cb3-464f-ad11-d822e2dc2e4d] Started PATCH "/matches/1/result" for ::1 at 2026-06-10 18:37:57 -0600
[107cd4cc-2cb3-464f-ad11-d822e2dc2e4d] Processing by MatchesController#result as HTML
[107cd4cc-2cb3-464f-ad11-d822e2dc2e4d]   Parameters: {"authenticity_token" => "DS5A2D8a2EGFp4Zc-zZV9pL9U8UyhVVpPNSmOy9EW9Y2CZM6KMg6qx8LdTEuo6tKBlZ1rraRlMvXWT3HElBXwQ", "home_goals" => "1", "away_goals" => "0", "commit" => "REGISTRAR RESULTADO", "id" => "1"}
[107cd4cc-2cb3-464f-ad11-d822e2dc2e4d] [31mUnpermitted parameters: :_method, :authenticity_token, :commit, :id. Context: { controller: MatchesController, action: result, request: #<ActionDispatch::Request:0x00000220d11b9ba0>, params: {"_method" => "patch", "authenticity_token" => "DS5A2D8a2EGFp4Zc-zZV9pL9U8UyhVVpPNSmOy9EW9Y2CZM6KMg6qx8LdTEuo6tKBlZ1rraRlMvXWT3HElBXwQ", "home_goals" => "1", "away_goals" => "0", "commit" => "REGISTRAR RESULTADO", "controller" => "matches", "action" => "result", "id" => "1"} }[0m
[107cd4cc-2cb3-464f-ad11-d822e2dc2e4d] Redirected to http://localhost:4000/matches
[107cd4cc-2cb3-464f-ad11-d822e2dc2e4d] Completed 302 Found in 146ms (Allocations: 1222)


[d40cb870-c129-4346-bb78-b2895729c28c] Started GET "/matches" for ::1 at 2026-06-10 18:37:57 -0600
[d40cb870-c129-4346-bb78-b2895729c28c] Processing by MatchesController#index as HTML
[d40cb870-c129-4346-bb78-b2895729c28c]   Rendering layout layouts/application.html.erb
[d40cb870-c129-4346-bb78-b2895729c28c]   Rendering matches/index.html.erb within layouts/application
[d40cb870-c129-4346-bb78-b2895729c28c]   Rendered shared/_match_card.html.erb (Duration: 1.5ms | Allocations: 31)
[d40cb870-c129-4346-bb78-b2895729c28c]   Rendered shared/_match_card.html.erb (Duration: 1.7ms | Allocations: 543)
[d40cb870-c129-4346-bb78-b2895729c28c]   Rendered shared/_match_card.html.erb (Duration: 0.8ms | Allocations: 252)
[d40cb870-c129-4346-bb78-b2895729c28c]   Rendered shared/_match_card.html.erb (Duration: 1.1ms | Allocations: 252)
[d40cb870-c129-4346-bb78-b2895729c28c]   Rendered shared/_match_card.html.erb (Duration: 0.8ms | Allocations: 252)
[d40cb870-c129-4346-bb78-b2895729c28c]   Rendered shared/_match_card.html.erb (Duration: 0.8ms | Allocations: 252)
[d40cb870-c129-4346-bb78-b2895729c28c]   Rendered shared/_match_card.html.erb (Duration: 2.0ms | Allocations: 252)
[d40cb870-c129-4346-bb78-b2895729c28c]   Rendered shared/_match_card.html.erb (Duration: 2.7ms | Allocations: 252)
[d40cb870-c129-4346-bb78-b2895729c28c]   Rendered shared/_match_card.html.erb (Duration: 0.9ms | Allocations: 252)
[d40cb870-c129-4346-bb78-b2895729c28c]   Rendered shared/_match_card.html.erb (Duration: 1.0ms | Allocations: 252)
[d40cb870-c129-4346-bb78-b2895729c28c]   Rendered shared/_match_card.html.erb (Duration: 0.9ms | Allocations: 252)
[d40cb870-c129-4346-bb78-b2895729c28c]   Rendered shared/_match_card.html.erb (Duration: 0.9ms | Allocations: 252)
[d40cb870-c129-4346-bb78-b2895729c28c]   Rendered shared/_match_card.html.erb (Duration: 1.0ms | Allocations: 252)
[d40cb870-c129-4346-bb78-b2895729c28c]   Rendered shared/_match_card.html.erb (Duration: 2.4ms | Allocations: 252)
[d40cb870-c129-4346-bb78-b2895729c28c]   Rendered shared/_match_card.html.erb (Duration: 1.2ms | Allocations: 252)
[d40cb870-c129-4346-bb78-b2895729c28c]   Rendered shared/_match_card.html.erb (Duration: 1.7ms | Allocations: 252)
[d40cb870-c129-4346-bb78-b2895729c28c]   Rendered shared/_match_card.html.erb (Duration: 0.8ms | Allocations: 252)
[d40cb870-c129-4346-bb78-b2895729c28c]   Rendered shared/_match_card.html.erb (Duration: 1.1ms | Allocations: 252)
[d40cb870-c129-4346-bb78-b2895729c28c]   Rendered shared/_match_card.html.erb (Duration: 2.5ms | Allocations: 252)
[d40cb870-c129-4346-bb78-b2895729c28c]   Rendered shared/_match_card.html.erb (Duration: 2.1ms | Allocations: 252)
[d40cb870-c129-4346-bb78-b2895729c28c]   Rendered shared/_match_card.html.erb (Duration: 1.2ms | Allocations: 252)
[d40cb870-c129-4346-bb78-b2895729c28c]   Rendered shared/_match_card.html.erb (Duration: 2.4ms | Allocations: 252)
[d40cb870-c129-4346-bb78-b2895729c28c]   Rendered shared/_match_card.html.erb (Duration: 1.7ms | Allocations: 252)
[d40cb870-c129-4346-bb78-b2895729c28c]   Rendered shared/_match_card.html.erb (Duration: 4.2ms | Allocations: 252)
[d40cb870-c129-4346-bb78-b2895729c28c]   Rendered shared/_match_card.html.erb (Duration: 1.1ms | Allocations: 252)
[d40cb870-c129-4346-bb78-b2895729c28c]   Rendered shared/_match_card.html.erb (Duration: 4.0ms | Allocations: 252)
[d40cb870-c129-4346-bb78-b2895729c28c]   Rendered shared/_match_card.html.erb (Duration: 3.1ms | Allocations: 252)
[d40cb870-c129-4346-bb78-b2895729c28c]   Rendered shared/_match_card.html.erb (Duration: 0.7ms | Allocations: 252)
[d40cb870-c129-4346-bb78-b2895729c28c]   Rendered shared/_match_card.html.erb (Duration: 7.9ms | Allocations: 252)
[d40cb870-c129-4346-bb78-b2895729c28c]   Rendered shared/_match_card.html.erb (Duration: 2.0ms | Allocations: 252)
[d40cb870-c129-4346-bb78-b2895729c28c]   Rendered shared/_match_card.html.erb (Duration: 2.4ms | Allocations: 252)
[d40cb870-c129-4346-bb78-b2895729c28c]   Rendered shared/_match_card.html.erb (Duration: 2.7ms | Allocations: 252)
[d40cb870-c129-4346-bb78-b2895729c28c]   Rendered shared/_match_card.html.erb (Duration: 0.8ms | Allocations: 252)
[d40cb870-c129-4346-bb78-b2895729c28c]   Rendered shared/_match_card.html.erb (Duration: 5.6ms | Allocations: 252)
[d40cb870-c129-4346-bb78-b2895729c28c]   Rendered shared/_match_card.html.erb (Duration: 1.0ms | Allocations: 252)
[d40cb870-c129-4346-bb78-b2895729c28c]   Rendered shared/_match_card.html.erb (Duration: 1.6ms | Allocations: 252)
[d40cb870-c129-4346-bb78-b2895729c28c]   Rendered shared/_match_card.html.erb (Duration: 0.5ms | Allocations: 252)
[d40cb870-c129-4346-bb78-b2895729c28c]   Rendered shared/_match_card.html.erb (Duration: 2.9ms | Allocations: 252)
[d40cb870-c129-4346-bb78-b2895729c28c]   Rendered shared/_match_card.html.erb (Duration: 3.1ms | Allocations: 252)
[d40cb870-c129-4346-bb78-b2895729c28c]   Rendered shared/_match_card.html.erb (Duration: 1.8ms | Allocations: 252)
[d40cb870-c129-4346-bb78-b2895729c28c]   Rendered shared/_match_card.html.erb (Duration: 0.9ms | Allocations: 252)
[d40cb870-c129-4346-bb78-b2895729c28c]   Rendered shared/_match_card.html.erb (Duration: 1.8ms | Allocations: 252)
[d40cb870-c129-4346-bb78-b2895729c28c]   Rendered shared/_match_card.html.erb (Duration: 1.3ms | Allocations: 252)
[d40cb870-c129-4346-bb78-b2895729c28c]   Rendered shared/_match_card.html.erb (Duration: 1.7ms | Allocations: 252)
[d40cb870-c129-4346-bb78-b2895729c28c]   Rendered shared/_match_card.html.erb (Duration: 1.8ms | Allocations: 252)
[d40cb870-c129-4346-bb78-b2895729c28c]   Rendered shared/_match_card.html.erb (Duration: 2.0ms | Allocations: 252)
[d40cb870-c129-4346-bb78-b2895729c28c]   Rendered shared/_match_card.html.erb (Duration: 2.1ms | Allocations: 252)
[d40cb870-c129-4346-bb78-b2895729c28c]   Rendered shared/_match_card.html.erb (Duration: 1.3ms | Allocations: 252)
[d40cb870-c129-4346-bb78-b2895729c28c]   Rendered shared/_match_card.html.erb (Duration: 3.3ms | Allocations: 252)
[d40cb870-c129-4346-bb78-b2895729c28c]   Rendered shared/_match_card.html.erb (Duration: 3.0ms | Allocations: 252)
[d40cb870-c129-4346-bb78-b2895729c28c]   Rendered shared/_match_card.html.erb (Duration: 0.8ms | Allocations: 252)
[d40cb870-c129-4346-bb78-b2895729c28c]   Rendered shared/_match_card.html.erb (Duration: 3.6ms | Allocations: 252)
[d40cb870-c129-4346-bb78-b2895729c28c]   Rendered shared/_match_card.html.erb (Duration: 1.3ms | Allocations: 252)
[d40cb870-c129-4346-bb78-b2895729c28c]   Rendered shared/_match_card.html.erb (Duration: 2.1ms | Allocations: 252)
[d40cb870-c129-4346-bb78-b2895729c28c]   Rendered shared/_match_card.html.erb (Duration: 6.7ms | Allocations: 252)
[d40cb870-c129-4346-bb78-b2895729c28c]   Rendered shared/_match_card.html.erb (Duration: 1.0ms | Allocations: 253)
[d40cb870-c129-4346-bb78-b2895729c28c]   Rendered shared/_match_card.html.erb (Duration: 0.9ms | Allocations: 252)
[d40cb870-c129-4346-bb78-b2895729c28c]   Rendered shared/_match_card.html.erb (Duration: 1.0ms | Allocations: 252)
[d40cb870-c129-4346-bb78-b2895729c28c]   Rendered shared/_match_card.html.erb (Duration: 1.2ms | Allocations: 252)
[d40cb870-c129-4346-bb78-b2895729c28c]   Rendered shared/_match_card.html.erb (Duration: 1.8ms | Allocations: 252)
[d40cb870-c129-4346-bb78-b2895729c28c]   Rendered shared/_match_card.html.erb (Duration: 0.7ms | Allocations: 252)
[d40cb870-c129-4346-bb78-b2895729c28c]   Rendered shared/_match_card.html.erb (Duration: 1.4ms | Allocations: 252)
[d40cb870-c129-4346-bb78-b2895729c28c]   Rendered shared/_match_card.html.erb (Duration: 1.1ms | Allocations: 252)
[d40cb870-c129-4346-bb78-b2895729c28c]   Rendered shared/_match_card.html.erb (Duration: 0.7ms | Allocations: 252)
[d40cb870-c129-4346-bb78-b2895729c28c]   Rendered shared/_match_card.html.erb (Duration: 0.6ms | Allocations: 252)
[d40cb870-c129-4346-bb78-b2895729c28c]   Rendered shared/_match_card.html.erb (Duration: 0.6ms | Allocations: 252)
[d40cb870-c129-4346-bb78-b2895729c28c]   Rendered shared/_match_card.html.erb (Duration: 1.5ms | Allocations: 252)
[d40cb870-c129-4346-bb78-b2895729c28c]   Rendered shared/_match_card.html.erb (Duration: 2.1ms | Allocations: 252)
[d40cb870-c129-4346-bb78-b2895729c28c]   Rendered shared/_match_card.html.erb (Duration: 1.0ms | Allocations: 252)
[d40cb870-c129-4346-bb78-b2895729c28c]   Rendered shared/_match_card.html.erb (Duration: 0.9ms | Allocations: 252)
[d40cb870-c129-4346-bb78-b2895729c28c]   Rendered shared/_match_card.html.erb (Duration: 0.6ms | Allocations: 252)
[d40cb870-c129-4346-bb78-b2895729c28c]   Rendered shared/_match_card.html.erb (Duration: 0.7ms | Allocations: 252)
[d40cb870-c129-4346-bb78-b2895729c28c]   Rendered matches/index.html.erb within layouts/application (Duration: 190.8ms | Allocations: 22982)
[d40cb870-c129-4346-bb78-b2895729c28c]   Rendered layout layouts/application.html.erb (Duration: 202.6ms | Allocations: 24663)
[d40cb870-c129-4346-bb78-b2895729c28c] Completed 200 OK in 617ms (Views: 204.5ms | Allocations: 26966)


[c59887c7-631a-40a3-a156-4d28c9524079] Started GET "/matches?status=played" for ::1 at 2026-06-10 18:38:01 -0600
[c59887c7-631a-40a3-a156-4d28c9524079] Processing by MatchesController#index as HTML
[c59887c7-631a-40a3-a156-4d28c9524079]   Parameters: {"status" => "played"}
[c59887c7-631a-40a3-a156-4d28c9524079]   Rendering layout layouts/application.html.erb
[c59887c7-631a-40a3-a156-4d28c9524079]   Rendering matches/index.html.erb within layouts/application
[c59887c7-631a-40a3-a156-4d28c9524079]   Rendered shared/_match_card.html.erb (Duration: 0.0ms | Allocations: 31)
[c59887c7-631a-40a3-a156-4d28c9524079]   Rendered matches/index.html.erb within layouts/application (Duration: 1.3ms | Allocations: 982)
[c59887c7-631a-40a3-a156-4d28c9524079]   Rendered layout layouts/application.html.erb (Duration: 13.1ms | Allocations: 2647)
[c59887c7-631a-40a3-a156-4d28c9524079] Completed 200 OK in 106ms (Views: 14.4ms | Allocations: 3324)


[212b48f6-b489-44ff-abe2-3a4b4251ddd9] Started GET "/matches" for ::1 at 2026-06-10 18:38:02 -0600
[212b48f6-b489-44ff-abe2-3a4b4251ddd9] Processing by MatchesController#index as HTML
[212b48f6-b489-44ff-abe2-3a4b4251ddd9]   Rendering layout layouts/application.html.erb
[212b48f6-b489-44ff-abe2-3a4b4251ddd9]   Rendering matches/index.html.erb within layouts/application
[212b48f6-b489-44ff-abe2-3a4b4251ddd9]   Rendered shared/_match_card.html.erb (Duration: 0.1ms | Allocations: 31)
[212b48f6-b489-44ff-abe2-3a4b4251ddd9]   Rendered shared/_match_card.html.erb (Duration: 1.1ms | Allocations: 538)
[212b48f6-b489-44ff-abe2-3a4b4251ddd9]   Rendered shared/_match_card.html.erb (Duration: 1.6ms | Allocations: 252)
[212b48f6-b489-44ff-abe2-3a4b4251ddd9]   Rendered shared/_match_card.html.erb (Duration: 0.8ms | Allocations: 252)
[212b48f6-b489-44ff-abe2-3a4b4251ddd9]   Rendered shared/_match_card.html.erb (Duration: 1.0ms | Allocations: 252)
[212b48f6-b489-44ff-abe2-3a4b4251ddd9]   Rendered shared/_match_card.html.erb (Duration: 0.9ms | Allocations: 252)
[212b48f6-b489-44ff-abe2-3a4b4251ddd9]   Rendered shared/_match_card.html.erb (Duration: 0.7ms | Allocations: 252)
[212b48f6-b489-44ff-abe2-3a4b4251ddd9]   Rendered shared/_match_card.html.erb (Duration: 1.9ms | Allocations: 252)
[212b48f6-b489-44ff-abe2-3a4b4251ddd9]   Rendered shared/_match_card.html.erb (Duration: 1.2ms | Allocations: 252)
[212b48f6-b489-44ff-abe2-3a4b4251ddd9]   Rendered shared/_match_card.html.erb (Duration: 1.8ms | Allocations: 252)
[212b48f6-b489-44ff-abe2-3a4b4251ddd9]   Rendered shared/_match_card.html.erb (Duration: 2.5ms | Allocations: 252)
[212b48f6-b489-44ff-abe2-3a4b4251ddd9]   Rendered shared/_match_card.html.erb (Duration: 1.1ms | Allocations: 252)
[212b48f6-b489-44ff-abe2-3a4b4251ddd9]   Rendered shared/_match_card.html.erb (Duration: 0.8ms | Allocations: 252)
[212b48f6-b489-44ff-abe2-3a4b4251ddd9]   Rendered shared/_match_card.html.erb (Duration: 0.7ms | Allocations: 252)
[212b48f6-b489-44ff-abe2-3a4b4251ddd9]   Rendered shared/_match_card.html.erb (Duration: 2.9ms | Allocations: 252)
[212b48f6-b489-44ff-abe2-3a4b4251ddd9]   Rendered shared/_match_card.html.erb (Duration: 1.1ms | Allocations: 252)
[212b48f6-b489-44ff-abe2-3a4b4251ddd9]   Rendered shared/_match_card.html.erb (Duration: 1.0ms | Allocations: 252)
[212b48f6-b489-44ff-abe2-3a4b4251ddd9]   Rendered shared/_match_card.html.erb (Duration: 0.9ms | Allocations: 252)
[212b48f6-b489-44ff-abe2-3a4b4251ddd9]   Rendered shared/_match_card.html.erb (Duration: 2.6ms | Allocations: 252)
[212b48f6-b489-44ff-abe2-3a4b4251ddd9]   Rendered shared/_match_card.html.erb (Duration: 2.0ms | Allocations: 252)
[212b48f6-b489-44ff-abe2-3a4b4251ddd9]   Rendered shared/_match_card.html.erb (Duration: 1.0ms | Allocations: 252)
[212b48f6-b489-44ff-abe2-3a4b4251ddd9]   Rendered shared/_match_card.html.erb (Duration: 1.1ms | Allocations: 252)
[212b48f6-b489-44ff-abe2-3a4b4251ddd9]   Rendered shared/_match_card.html.erb (Duration: 2.0ms | Allocations: 252)
[212b48f6-b489-44ff-abe2-3a4b4251ddd9]   Rendered shared/_match_card.html.erb (Duration: 1.3ms | Allocations: 252)
[212b48f6-b489-44ff-abe2-3a4b4251ddd9]   Rendered shared/_match_card.html.erb (Duration: 0.9ms | Allocations: 252)
[212b48f6-b489-44ff-abe2-3a4b4251ddd9]   Rendered shared/_match_card.html.erb (Duration: 1.9ms | Allocations: 252)
[212b48f6-b489-44ff-abe2-3a4b4251ddd9]   Rendered shared/_match_card.html.erb (Duration: 0.9ms | Allocations: 252)
[212b48f6-b489-44ff-abe2-3a4b4251ddd9]   Rendered shared/_match_card.html.erb (Duration: 1.7ms | Allocations: 252)
[212b48f6-b489-44ff-abe2-3a4b4251ddd9]   Rendered shared/_match_card.html.erb (Duration: 3.7ms | Allocations: 252)
[212b48f6-b489-44ff-abe2-3a4b4251ddd9]   Rendered shared/_match_card.html.erb (Duration: 1.5ms | Allocations: 252)
[212b48f6-b489-44ff-abe2-3a4b4251ddd9]   Rendered shared/_match_card.html.erb (Duration: 1.0ms | Allocations: 252)
[212b48f6-b489-44ff-abe2-3a4b4251ddd9]   Rendered shared/_match_card.html.erb (Duration: 3.3ms | Allocations: 252)
[212b48f6-b489-44ff-abe2-3a4b4251ddd9]   Rendered shared/_match_card.html.erb (Duration: 0.8ms | Allocations: 252)
[212b48f6-b489-44ff-abe2-3a4b4251ddd9]   Rendered shared/_match_card.html.erb (Duration: 1.3ms | Allocations: 252)
[212b48f6-b489-44ff-abe2-3a4b4251ddd9]   Rendered shared/_match_card.html.erb (Duration: 1.0ms | Allocations: 252)
[212b48f6-b489-44ff-abe2-3a4b4251ddd9]   Rendered shared/_match_card.html.erb (Duration: 1.5ms | Allocations: 252)
[212b48f6-b489-44ff-abe2-3a4b4251ddd9]   Rendered shared/_match_card.html.erb (Duration: 0.9ms | Allocations: 252)
[212b48f6-b489-44ff-abe2-3a4b4251ddd9]   Rendered shared/_match_card.html.erb (Duration: 0.9ms | Allocations: 252)
[212b48f6-b489-44ff-abe2-3a4b4251ddd9]   Rendered shared/_match_card.html.erb (Duration: 1.5ms | Allocations: 252)
[212b48f6-b489-44ff-abe2-3a4b4251ddd9]   Rendered shared/_match_card.html.erb (Duration: 1.8ms | Allocations: 252)
[212b48f6-b489-44ff-abe2-3a4b4251ddd9]   Rendered shared/_match_card.html.erb (Duration: 1.4ms | Allocations: 252)
[212b48f6-b489-44ff-abe2-3a4b4251ddd9]   Rendered shared/_match_card.html.erb (Duration: 0.7ms | Allocations: 252)
[212b48f6-b489-44ff-abe2-3a4b4251ddd9]   Rendered shared/_match_card.html.erb (Duration: 1.8ms | Allocations: 252)
[212b48f6-b489-44ff-abe2-3a4b4251ddd9]   Rendered shared/_match_card.html.erb (Duration: 1.5ms | Allocations: 252)
[212b48f6-b489-44ff-abe2-3a4b4251ddd9]   Rendered shared/_match_card.html.erb (Duration: 0.9ms | Allocations: 252)
[212b48f6-b489-44ff-abe2-3a4b4251ddd9]   Rendered shared/_match_card.html.erb (Duration: 1.0ms | Allocations: 252)
[212b48f6-b489-44ff-abe2-3a4b4251ddd9]   Rendered shared/_match_card.html.erb (Duration: 0.8ms | Allocations: 252)
[212b48f6-b489-44ff-abe2-3a4b4251ddd9]   Rendered shared/_match_card.html.erb (Duration: 1.7ms | Allocations: 252)
[212b48f6-b489-44ff-abe2-3a4b4251ddd9]   Rendered shared/_match_card.html.erb (Duration: 0.9ms | Allocations: 252)
[212b48f6-b489-44ff-abe2-3a4b4251ddd9]   Rendered shared/_match_card.html.erb (Duration: 0.9ms | Allocations: 252)
[212b48f6-b489-44ff-abe2-3a4b4251ddd9]   Rendered shared/_match_card.html.erb (Duration: 0.8ms | Allocations: 252)
[212b48f6-b489-44ff-abe2-3a4b4251ddd9]   Rendered shared/_match_card.html.erb (Duration: 1.6ms | Allocations: 252)
[212b48f6-b489-44ff-abe2-3a4b4251ddd9]   Rendered shared/_match_card.html.erb (Duration: 1.1ms | Allocations: 252)
[212b48f6-b489-44ff-abe2-3a4b4251ddd9]   Rendered shared/_match_card.html.erb (Duration: 0.7ms | Allocations: 252)
[212b48f6-b489-44ff-abe2-3a4b4251ddd9]   Rendered shared/_match_card.html.erb (Duration: 0.5ms | Allocations: 252)
[212b48f6-b489-44ff-abe2-3a4b4251ddd9]   Rendered shared/_match_card.html.erb (Duration: 0.7ms | Allocations: 252)
[212b48f6-b489-44ff-abe2-3a4b4251ddd9]   Rendered shared/_match_card.html.erb (Duration: 2.2ms | Allocations: 252)
[212b48f6-b489-44ff-abe2-3a4b4251ddd9]   Rendered shared/_match_card.html.erb (Duration: 2.0ms | Allocations: 252)
[212b48f6-b489-44ff-abe2-3a4b4251ddd9]   Rendered shared/_match_card.html.erb (Duration: 0.9ms | Allocations: 252)
[212b48f6-b489-44ff-abe2-3a4b4251ddd9]   Rendered shared/_match_card.html.erb (Duration: 1.6ms | Allocations: 252)
[212b48f6-b489-44ff-abe2-3a4b4251ddd9]   Rendered shared/_match_card.html.erb (Duration: 1.5ms | Allocations: 252)
[212b48f6-b489-44ff-abe2-3a4b4251ddd9]   Rendered shared/_match_card.html.erb (Duration: 1.1ms | Allocations: 252)
[212b48f6-b489-44ff-abe2-3a4b4251ddd9]   Rendered shared/_match_card.html.erb (Duration: 0.8ms | Allocations: 252)
[212b48f6-b489-44ff-abe2-3a4b4251ddd9]   Rendered shared/_match_card.html.erb (Duration: 0.7ms | Allocations: 252)
[212b48f6-b489-44ff-abe2-3a4b4251ddd9]   Rendered shared/_match_card.html.erb (Duration: 2.9ms | Allocations: 252)
[212b48f6-b489-44ff-abe2-3a4b4251ddd9]   Rendered shared/_match_card.html.erb (Duration: 0.8ms | Allocations: 252)
[212b48f6-b489-44ff-abe2-3a4b4251ddd9]   Rendered shared/_match_card.html.erb (Duration: 1.2ms | Allocations: 252)
[212b48f6-b489-44ff-abe2-3a4b4251ddd9]   Rendered shared/_match_card.html.erb (Duration: 1.5ms | Allocations: 252)
[212b48f6-b489-44ff-abe2-3a4b4251ddd9]   Rendered shared/_match_card.html.erb (Duration: 1.2ms | Allocations: 252)
[212b48f6-b489-44ff-abe2-3a4b4251ddd9]   Rendered shared/_match_card.html.erb (Duration: 0.7ms | Allocations: 252)
[212b48f6-b489-44ff-abe2-3a4b4251ddd9]   Rendered shared/_match_card.html.erb (Duration: 1.0ms | Allocations: 252)
[212b48f6-b489-44ff-abe2-3a4b4251ddd9]   Rendered shared/_match_card.html.erb (Duration: 0.8ms | Allocations: 252)
[212b48f6-b489-44ff-abe2-3a4b4251ddd9]   Rendered matches/index.html.erb within layouts/application (Duration: 152.8ms | Allocations: 22975)
[212b48f6-b489-44ff-abe2-3a4b4251ddd9]   Rendered layout layouts/application.html.erb (Duration: 165.7ms | Allocations: 24640)
[212b48f6-b489-44ff-abe2-3a4b4251ddd9] Completed 200 OK in 608ms (Views: 167.2ms | Allocations: 26941)


[9ba8f449-66bb-457a-b1f8-98c8da94f91f] Started GET "/" for ::1 at 2026-06-10 18:38:05 -0600
[9ba8f449-66bb-457a-b1f8-98c8da94f91f] Processing by DashboardController#index as HTML
[9ba8f449-66bb-457a-b1f8-98c8da94f91f]   Rendering layout layouts/application.html.erb
[9ba8f449-66bb-457a-b1f8-98c8da94f91f]   Rendering dashboard/index.html.erb within layouts/application
[9ba8f449-66bb-457a-b1f8-98c8da94f91f]   Rendered dashboard/index.html.erb within layouts/application (Duration: 0.5ms | Allocations: 155)
[9ba8f449-66bb-457a-b1f8-98c8da94f91f]   Rendered layout layouts/application.html.erb (Duration: 10.7ms | Allocations: 1819)
[9ba8f449-66bb-457a-b1f8-98c8da94f91f] Completed 200 OK in 234ms (Views: 12.0ms | Allocations: 3158)


[12d0a6d8-4782-4256-a6d8-868c2a40792e] Started GET "/groups" for ::1 at 2026-06-10 18:38:07 -0600
[12d0a6d8-4782-4256-a6d8-868c2a40792e] Processing by GroupsController#index as HTML
[12d0a6d8-4782-4256-a6d8-868c2a40792e]   Rendering layout layouts/application.html.erb
[12d0a6d8-4782-4256-a6d8-868c2a40792e]   Rendering groups/index.html.erb within layouts/application
[12d0a6d8-4782-4256-a6d8-868c2a40792e]   Rendered shared/_standings_table.html.erb (Duration: 2.5ms | Allocations: 401)
[12d0a6d8-4782-4256-a6d8-868c2a40792e]   Rendered shared/_standings_table.html.erb (Duration: 0.8ms | Allocations: 131)
[12d0a6d8-4782-4256-a6d8-868c2a40792e]   Rendered shared/_standings_table.html.erb (Duration: 0.1ms | Allocations: 131)
[12d0a6d8-4782-4256-a6d8-868c2a40792e]   Rendered shared/_standings_table.html.erb (Duration: 0.1ms | Allocations: 131)
[12d0a6d8-4782-4256-a6d8-868c2a40792e]   Rendered shared/_standings_table.html.erb (Duration: 0.1ms | Allocations: 131)
[12d0a6d8-4782-4256-a6d8-868c2a40792e]   Rendered shared/_standings_table.html.erb (Duration: 0.1ms | Allocations: 131)
[12d0a6d8-4782-4256-a6d8-868c2a40792e]   Rendered shared/_standings_table.html.erb (Duration: 0.2ms | Allocations: 131)
[12d0a6d8-4782-4256-a6d8-868c2a40792e]   Rendered shared/_standings_table.html.erb (Duration: 0.2ms | Allocations: 131)
[12d0a6d8-4782-4256-a6d8-868c2a40792e]   Rendered shared/_standings_table.html.erb (Duration: 0.1ms | Allocations: 131)
[12d0a6d8-4782-4256-a6d8-868c2a40792e]   Rendered shared/_standings_table.html.erb (Duration: 0.1ms | Allocations: 131)
[12d0a6d8-4782-4256-a6d8-868c2a40792e]   Rendered shared/_standings_table.html.erb (Duration: 0.1ms | Allocations: 131)
[12d0a6d8-4782-4256-a6d8-868c2a40792e]   Rendered shared/_standings_table.html.erb (Duration: 0.1ms | Allocations: 131)
[12d0a6d8-4782-4256-a6d8-868c2a40792e]   Rendered groups/index.html.erb within layouts/application (Duration: 30.2ms | Allocations: 3205)
[12d0a6d8-4782-4256-a6d8-868c2a40792e]   Rendered layout layouts/application.html.erb (Duration: 44.8ms | Allocations: 4870)
[12d0a6d8-4782-4256-a6d8-868c2a40792e] Completed 200 OK in 223ms (Views: 49.7ms | Allocations: 6929)


[dc7db2d3-bb89-4a1b-8771-6f46a051ec5f] Started GET "/" for ::1 at 2026-06-10 18:38:10 -0600
[dc7db2d3-bb89-4a1b-8771-6f46a051ec5f] Processing by DashboardController#index as HTML
[dc7db2d3-bb89-4a1b-8771-6f46a051ec5f]   Rendering layout layouts/application.html.erb
[dc7db2d3-bb89-4a1b-8771-6f46a051ec5f]   Rendering dashboard/index.html.erb within layouts/application
[dc7db2d3-bb89-4a1b-8771-6f46a051ec5f]   Rendered dashboard/index.html.erb within layouts/application (Duration: 0.4ms | Allocations: 155)
[dc7db2d3-bb89-4a1b-8771-6f46a051ec5f]   Rendered layout layouts/application.html.erb (Duration: 10.0ms | Allocations: 1835)
[dc7db2d3-bb89-4a1b-8771-6f46a051ec5f] Completed 200 OK in 243ms (Views: 11.4ms | Allocations: 3184)


[89d19664-f1d8-43ba-bb56-bf39a049dfa8] Started GET "/" for ::1 at 2026-06-11 10:58:38 -0600
[89d19664-f1d8-43ba-bb56-bf39a049dfa8] Processing by DashboardController#index as HTML
[89d19664-f1d8-43ba-bb56-bf39a049dfa8]   Rendering layout layouts/application.html.erb
[89d19664-f1d8-43ba-bb56-bf39a049dfa8]   Rendering dashboard/index.html.erb within layouts/application
[89d19664-f1d8-43ba-bb56-bf39a049dfa8]   Rendered dashboard/index.html.erb within layouts/application (Duration: 2.2ms | Allocations: 832)
[89d19664-f1d8-43ba-bb56-bf39a049dfa8]   Rendered layout layouts/application.html.erb (Duration: 236.1ms | Allocations: 5484)
[89d19664-f1d8-43ba-bb56-bf39a049dfa8] Completed 200 OK in 10267ms (Views: 394.0ms | Allocations: 18881)


[848ae42f-58d3-4779-8472-a9507483595d] Started GET "/favicon.ico" for ::1 at 2026-06-11 10:58:50 -0600
[848ae42f-58d3-4779-8472-a9507483595d]   
[848ae42f-58d3-4779-8472-a9507483595d] ActionController::RoutingError (No route matches [GET] "/favicon.ico"):
[848ae42f-58d3-4779-8472-a9507483595d]   
[76669a1f-7fbe-4197-af39-c0833322ff92] Started GET "/groups" for ::1 at 2026-06-11 10:58:54 -0600
[76669a1f-7fbe-4197-af39-c0833322ff92] Processing by GroupsController#index as HTML
[76669a1f-7fbe-4197-af39-c0833322ff92]   Rendering layout layouts/application.html.erb
[76669a1f-7fbe-4197-af39-c0833322ff92]   Rendering groups/index.html.erb within layouts/application
[76669a1f-7fbe-4197-af39-c0833322ff92]   Rendered shared/_standings_table.html.erb (Duration: 1.6ms | Allocations: 404)
[76669a1f-7fbe-4197-af39-c0833322ff92]   Rendered shared/_standings_table.html.erb (Duration: 0.1ms | Allocations: 131)
[76669a1f-7fbe-4197-af39-c0833322ff92]   Rendered shared/_standings_table.html.erb (Duration: 0.1ms | Allocations: 131)
[76669a1f-7fbe-4197-af39-c0833322ff92]   Rendered shared/_standings_table.html.erb (Duration: 0.1ms | Allocations: 131)
[76669a1f-7fbe-4197-af39-c0833322ff92]   Rendered shared/_standings_table.html.erb (Duration: 0.2ms | Allocations: 131)
[76669a1f-7fbe-4197-af39-c0833322ff92]   Rendered shared/_standings_table.html.erb (Duration: 0.1ms | Allocations: 131)
[76669a1f-7fbe-4197-af39-c0833322ff92]   Rendered shared/_standings_table.html.erb (Duration: 0.1ms | Allocations: 131)
[76669a1f-7fbe-4197-af39-c0833322ff92]   Rendered shared/_standings_table.html.erb (Duration: 0.1ms | Allocations: 131)
[76669a1f-7fbe-4197-af39-c0833322ff92]   Rendered shared/_standings_table.html.erb (Duration: 0.1ms | Allocations: 131)
[76669a1f-7fbe-4197-af39-c0833322ff92]   Rendered shared/_standings_table.html.erb (Duration: 0.1ms | Allocations: 131)
[76669a1f-7fbe-4197-af39-c0833322ff92]   Rendered shared/_standings_table.html.erb (Duration: 0.3ms | Allocations: 131)
[76669a1f-7fbe-4197-af39-c0833322ff92]   Rendered shared/_standings_table.html.erb (Duration: 0.1ms | Allocations: 131)
[76669a1f-7fbe-4197-af39-c0833322ff92]   Rendered groups/index.html.erb within layouts/application (Duration: 46.6ms | Allocations: 3220)
[76669a1f-7fbe-4197-af39-c0833322ff92]   Rendered layout layouts/application.html.erb (Duration: 61.5ms | Allocations: 4909)
[76669a1f-7fbe-4197-af39-c0833322ff92] Completed 200 OK in 288ms (Views: 66.4ms | Allocations: 6991)


[c44beeaf-a050-4893-af7a-7670d09af4a6] Started GET "/matches" for ::1 at 2026-06-11 10:58:56 -0600
[c44beeaf-a050-4893-af7a-7670d09af4a6] Processing by MatchesController#index as HTML
[c44beeaf-a050-4893-af7a-7670d09af4a6]   Rendering layout layouts/application.html.erb
[c44beeaf-a050-4893-af7a-7670d09af4a6]   Rendering matches/index.html.erb within layouts/application
[c44beeaf-a050-4893-af7a-7670d09af4a6]   Rendered shared/_match_card.html.erb (Duration: 3.4ms | Allocations: 665)
[c44beeaf-a050-4893-af7a-7670d09af4a6]   Rendered shared/_match_card.html.erb (Duration: 30.5ms | Allocations: 733)
[c44beeaf-a050-4893-af7a-7670d09af4a6]   Rendered shared/_match_card.html.erb (Duration: 1.1ms | Allocations: 252)
[c44beeaf-a050-4893-af7a-7670d09af4a6]   Rendered shared/_match_card.html.erb (Duration: 0.9ms | Allocations: 252)
[c44beeaf-a050-4893-af7a-7670d09af4a6]   Rendered shared/_match_card.html.erb (Duration: 0.9ms | Allocations: 252)
[c44beeaf-a050-4893-af7a-7670d09af4a6]   Rendered shared/_match_card.html.erb (Duration: 0.8ms | Allocations: 252)
[c44beeaf-a050-4893-af7a-7670d09af4a6]   Rendered shared/_match_card.html.erb (Duration: 0.8ms | Allocations: 252)
[c44beeaf-a050-4893-af7a-7670d09af4a6]   Rendered shared/_match_card.html.erb (Duration: 0.7ms | Allocations: 252)
[c44beeaf-a050-4893-af7a-7670d09af4a6]   Rendered shared/_match_card.html.erb (Duration: 1.0ms | Allocations: 252)
[c44beeaf-a050-4893-af7a-7670d09af4a6]   Rendered shared/_match_card.html.erb (Duration: 1.4ms | Allocations: 252)
[c44beeaf-a050-4893-af7a-7670d09af4a6]   Rendered shared/_match_card.html.erb (Duration: 0.8ms | Allocations: 252)
[c44beeaf-a050-4893-af7a-7670d09af4a6]   Rendered shared/_match_card.html.erb (Duration: 1.0ms | Allocations: 252)
[c44beeaf-a050-4893-af7a-7670d09af4a6]   Rendered shared/_match_card.html.erb (Duration: 1.1ms | Allocations: 252)
[c44beeaf-a050-4893-af7a-7670d09af4a6]   Rendered shared/_match_card.html.erb (Duration: 2.7ms | Allocations: 252)
[c44beeaf-a050-4893-af7a-7670d09af4a6]   Rendered shared/_match_card.html.erb (Duration: 0.9ms | Allocations: 252)
[c44beeaf-a050-4893-af7a-7670d09af4a6]   Rendered shared/_match_card.html.erb (Duration: 0.8ms | Allocations: 252)
[c44beeaf-a050-4893-af7a-7670d09af4a6]   Rendered shared/_match_card.html.erb (Duration: 0.9ms | Allocations: 252)
[c44beeaf-a050-4893-af7a-7670d09af4a6]   Rendered shared/_match_card.html.erb (Duration: 1.7ms | Allocations: 252)
[c44beeaf-a050-4893-af7a-7670d09af4a6]   Rendered shared/_match_card.html.erb (Duration: 0.8ms | Allocations: 252)
[c44beeaf-a050-4893-af7a-7670d09af4a6]   Rendered shared/_match_card.html.erb (Duration: 0.8ms | Allocations: 252)
[c44beeaf-a050-4893-af7a-7670d09af4a6]   Rendered shared/_match_card.html.erb (Duration: 0.9ms | Allocations: 252)
[c44beeaf-a050-4893-af7a-7670d09af4a6]   Rendered shared/_match_card.html.erb (Duration: 2.6ms | Allocations: 252)
[c44beeaf-a050-4893-af7a-7670d09af4a6]   Rendered shared/_match_card.html.erb (Duration: 0.9ms | Allocations: 252)
[c44beeaf-a050-4893-af7a-7670d09af4a6]   Rendered shared/_match_card.html.erb (Duration: 0.7ms | Allocations: 252)
[c44beeaf-a050-4893-af7a-7670d09af4a6]   Rendered shared/_match_card.html.erb (Duration: 0.9ms | Allocations: 252)
[c44beeaf-a050-4893-af7a-7670d09af4a6]   Rendered shared/_match_card.html.erb (Duration: 1.8ms | Allocations: 252)
[c44beeaf-a050-4893-af7a-7670d09af4a6]   Rendered shared/_match_card.html.erb (Duration: 1.4ms | Allocations: 252)
[c44beeaf-a050-4893-af7a-7670d09af4a6]   Rendered shared/_match_card.html.erb (Duration: 0.8ms | Allocations: 252)
[c44beeaf-a050-4893-af7a-7670d09af4a6]   Rendered shared/_match_card.html.erb (Duration: 0.7ms | Allocations: 252)
[c44beeaf-a050-4893-af7a-7670d09af4a6]   Rendered shared/_match_card.html.erb (Duration: 1.1ms | Allocations: 252)
[c44beeaf-a050-4893-af7a-7670d09af4a6]   Rendered shared/_match_card.html.erb (Duration: 1.1ms | Allocations: 252)
[c44beeaf-a050-4893-af7a-7670d09af4a6]   Rendered shared/_match_card.html.erb (Duration: 1.3ms | Allocations: 252)
[c44beeaf-a050-4893-af7a-7670d09af4a6]   Rendered shared/_match_card.html.erb (Duration: 0.8ms | Allocations: 252)
[c44beeaf-a050-4893-af7a-7670d09af4a6]   Rendered shared/_match_card.html.erb (Duration: 0.9ms | Allocations: 252)
[c44beeaf-a050-4893-af7a-7670d09af4a6]   Rendered shared/_match_card.html.erb (Duration: 0.7ms | Allocations: 252)
[c44beeaf-a050-4893-af7a-7670d09af4a6]   Rendered shared/_match_card.html.erb (Duration: 1.1ms | Allocations: 252)
[c44beeaf-a050-4893-af7a-7670d09af4a6]   Rendered shared/_match_card.html.erb (Duration: 0.9ms | Allocations: 252)
[c44beeaf-a050-4893-af7a-7670d09af4a6]   Rendered shared/_match_card.html.erb (Duration: 0.7ms | Allocations: 252)
[c44beeaf-a050-4893-af7a-7670d09af4a6]   Rendered shared/_match_card.html.erb (Duration: 1.2ms | Allocations: 252)
[c44beeaf-a050-4893-af7a-7670d09af4a6]   Rendered shared/_match_card.html.erb (Duration: 2.1ms | Allocations: 252)
[c44beeaf-a050-4893-af7a-7670d09af4a6]   Rendered shared/_match_card.html.erb (Duration: 1.3ms | Allocations: 252)
[c44beeaf-a050-4893-af7a-7670d09af4a6]   Rendered shared/_match_card.html.erb (Duration: 0.7ms | Allocations: 252)
[c44beeaf-a050-4893-af7a-7670d09af4a6]   Rendered shared/_match_card.html.erb (Duration: 0.6ms | Allocations: 252)
[c44beeaf-a050-4893-af7a-7670d09af4a6]   Rendered shared/_match_card.html.erb (Duration: 1.0ms | Allocations: 252)
[c44beeaf-a050-4893-af7a-7670d09af4a6]   Rendered shared/_match_card.html.erb (Duration: 1.5ms | Allocations: 252)
[c44beeaf-a050-4893-af7a-7670d09af4a6]   Rendered shared/_match_card.html.erb (Duration: 1.0ms | Allocations: 252)
[c44beeaf-a050-4893-af7a-7670d09af4a6]   Rendered shared/_match_card.html.erb (Duration: 0.8ms | Allocations: 252)
[c44beeaf-a050-4893-af7a-7670d09af4a6]   Rendered shared/_match_card.html.erb (Duration: 0.7ms | Allocations: 252)
[c44beeaf-a050-4893-af7a-7670d09af4a6]   Rendered shared/_match_card.html.erb (Duration: 0.8ms | Allocations: 252)
[c44beeaf-a050-4893-af7a-7670d09af4a6]   Rendered shared/_match_card.html.erb (Duration: 1.5ms | Allocations: 252)
[c44beeaf-a050-4893-af7a-7670d09af4a6]   Rendered shared/_match_card.html.erb (Duration: 0.9ms | Allocations: 252)
[c44beeaf-a050-4893-af7a-7670d09af4a6]   Rendered shared/_match_card.html.erb (Duration: 0.8ms | Allocations: 252)
[c44beeaf-a050-4893-af7a-7670d09af4a6]   Rendered shared/_match_card.html.erb (Duration: 0.8ms | Allocations: 252)
[c44beeaf-a050-4893-af7a-7670d09af4a6]   Rendered shared/_match_card.html.erb (Duration: 0.8ms | Allocations: 252)
[c44beeaf-a050-4893-af7a-7670d09af4a6]   Rendered shared/_match_card.html.erb (Duration: 1.7ms | Allocations: 252)
[c44beeaf-a050-4893-af7a-7670d09af4a6]   Rendered shared/_match_card.html.erb (Duration: 0.8ms | Allocations: 252)
[c44beeaf-a050-4893-af7a-7670d09af4a6]   Rendered shared/_match_card.html.erb (Duration: 0.9ms | Allocations: 252)
[c44beeaf-a050-4893-af7a-7670d09af4a6]   Rendered shared/_match_card.html.erb (Duration: 0.8ms | Allocations: 252)
[c44beeaf-a050-4893-af7a-7670d09af4a6]   Rendered shared/_match_card.html.erb (Duration: 1.1ms | Allocations: 252)
[c44beeaf-a050-4893-af7a-7670d09af4a6]   Rendered shared/_match_card.html.erb (Duration: 1.5ms | Allocations: 252)
[c44beeaf-a050-4893-af7a-7670d09af4a6]   Rendered shared/_match_card.html.erb (Duration: 0.9ms | Allocations: 252)
[c44beeaf-a050-4893-af7a-7670d09af4a6]   Rendered shared/_match_card.html.erb (Duration: 0.8ms | Allocations: 252)
[c44beeaf-a050-4893-af7a-7670d09af4a6]   Rendered shared/_match_card.html.erb (Duration: 0.9ms | Allocations: 252)
[c44beeaf-a050-4893-af7a-7670d09af4a6]   Rendered shared/_match_card.html.erb (Duration: 1.1ms | Allocations: 252)
[c44beeaf-a050-4893-af7a-7670d09af4a6]   Rendered shared/_match_card.html.erb (Duration: 1.0ms | Allocations: 252)
[c44beeaf-a050-4893-af7a-7670d09af4a6]   Rendered shared/_match_card.html.erb (Duration: 1.3ms | Allocations: 252)
[c44beeaf-a050-4893-af7a-7670d09af4a6]   Rendered shared/_match_card.html.erb (Duration: 0.8ms | Allocations: 252)
[c44beeaf-a050-4893-af7a-7670d09af4a6]   Rendered shared/_match_card.html.erb (Duration: 0.8ms | Allocations: 252)
[c44beeaf-a050-4893-af7a-7670d09af4a6]   Rendered shared/_match_card.html.erb (Duration: 1.6ms | Allocations: 252)
[c44beeaf-a050-4893-af7a-7670d09af4a6]   Rendered shared/_match_card.html.erb (Duration: 1.4ms | Allocations: 252)
[c44beeaf-a050-4893-af7a-7670d09af4a6]   Rendered shared/_match_card.html.erb (Duration: 1.0ms | Allocations: 252)
[c44beeaf-a050-4893-af7a-7670d09af4a6]   Rendered shared/_match_card.html.erb (Duration: 1.0ms | Allocations: 252)
[c44beeaf-a050-4893-af7a-7670d09af4a6]   Rendered matches/index.html.erb within layouts/application (Duration: 275.8ms | Allocations: 24243)
[c44beeaf-a050-4893-af7a-7670d09af4a6]   Rendered layout layouts/application.html.erb (Duration: 292.3ms | Allocations: 25909)
[c44beeaf-a050-4893-af7a-7670d09af4a6] Completed 200 OK in 1141ms (Views: 297.7ms | Allocations: 28394)


[53e8a3a9-75c2-47b4-b745-6b4f18705083] Started GET "/" for ::1 at 2026-06-11 11:01:23 -0600
[53e8a3a9-75c2-47b4-b745-6b4f18705083] Processing by DashboardController#index as HTML
[53e8a3a9-75c2-47b4-b745-6b4f18705083]   Rendering layout layouts/application.html.erb
[53e8a3a9-75c2-47b4-b745-6b4f18705083]   Rendering dashboard/index.html.erb within layouts/application
[53e8a3a9-75c2-47b4-b745-6b4f18705083]   Rendered dashboard/index.html.erb within layouts/application (Duration: 0.4ms | Allocations: 155)
[53e8a3a9-75c2-47b4-b745-6b4f18705083]   Rendered layout layouts/application.html.erb (Duration: 12.8ms | Allocations: 1820)
[53e8a3a9-75c2-47b4-b745-6b4f18705083] Completed 200 OK in 292ms (Views: 15.7ms | Allocations: 3156)


[e1b2c27a-acf8-46aa-a3b9-42611a153275] Started GET "/" for ::1 at 2026-06-11 11:34:50 -0600
[e1b2c27a-acf8-46aa-a3b9-42611a153275] Processing by DashboardController#index as HTML
[e1b2c27a-acf8-46aa-a3b9-42611a153275]   Rendering layout layouts/application.html.erb
[e1b2c27a-acf8-46aa-a3b9-42611a153275]   Rendering dashboard/index.html.erb within layouts/application
[e1b2c27a-acf8-46aa-a3b9-42611a153275]   Rendered dashboard/index.html.erb within layouts/application (Duration: 46.4ms | Allocations: 614)
[e1b2c27a-acf8-46aa-a3b9-42611a153275]   Rendered layout layouts/application.html.erb (Duration: 310.5ms | Allocations: 6914)
[e1b2c27a-acf8-46aa-a3b9-42611a153275] Completed 200 OK in 843ms (Views: 323.4ms | Allocations: 8929)


[c395de22-3c68-44fa-9c74-f318ef3e016d] Started GET "/knockout" for ::1 at 2026-06-11 11:34:53 -0600
[c395de22-3c68-44fa-9c74-f318ef3e016d] Processing by KnockoutController#index as HTML
[c395de22-3c68-44fa-9c74-f318ef3e016d]   Rendering layout layouts/application.html.erb
[c395de22-3c68-44fa-9c74-f318ef3e016d]   Rendering knockout/index.html.erb within layouts/application
[c395de22-3c68-44fa-9c74-f318ef3e016d]   Rendered knockout/index.html.erb within layouts/application (Duration: 2.1ms | Allocations: 624)
[c395de22-3c68-44fa-9c74-f318ef3e016d]   Rendered layout layouts/application.html.erb (Duration: 16.0ms | Allocations: 2362)
[c395de22-3c68-44fa-9c74-f318ef3e016d] Completed 200 OK in 412ms (Views: 22.6ms | Allocations: 3858)


[a81a2a2f-64b8-4373-a724-2e9d0a50128a] Started GET "/stats" for ::1 at 2026-06-11 11:34:55 -0600
[a81a2a2f-64b8-4373-a724-2e9d0a50128a] Processing by StatsController#index as HTML
[a81a2a2f-64b8-4373-a724-2e9d0a50128a]   Rendering layout layouts/application.html.erb
[a81a2a2f-64b8-4373-a724-2e9d0a50128a]   Rendering stats/index.html.erb within layouts/application
[a81a2a2f-64b8-4373-a724-2e9d0a50128a]   Rendered stats/index.html.erb within layouts/application (Duration: 2.3ms | Allocations: 743)
[a81a2a2f-64b8-4373-a724-2e9d0a50128a]   Rendered layout layouts/application.html.erb (Duration: 19.3ms | Allocations: 2501)
[a81a2a2f-64b8-4373-a724-2e9d0a50128a] Completed 200 OK in 31ms (Views: 24.7ms | Allocations: 2837)


[109639a3-c6be-44db-8d6f-08d2276c3543] Started GET "/admin" for ::1 at 2026-06-11 11:34:57 -0600
[109639a3-c6be-44db-8d6f-08d2276c3543] Processing by AdminController#index as HTML
[109639a3-c6be-44db-8d6f-08d2276c3543] Completed 406 Not Acceptable in 9ms (Allocations: 377)


[109639a3-c6be-44db-8d6f-08d2276c3543]   
[109639a3-c6be-44db-8d6f-08d2276c3543] ActionController::MissingExactTemplate (AdminController#index is missing a template for request formats: text/html):
[109639a3-c6be-44db-8d6f-08d2276c3543]   
[109639a3-c6be-44db-8d6f-08d2276c3543] actionpack (7.1.6) lib/action_controller/metal/implicit_render.rb:47:in 'ActionController::ImplicitRender#default_render'
[109639a3-c6be-44db-8d6f-08d2276c3543] actionpack (7.1.6) lib/action_controller/metal/basic_implicit_render.rb:7:in 'ActionController::BasicImplicitRender#send_action'
[109639a3-c6be-44db-8d6f-08d2276c3543] actionpack (7.1.6) lib/abstract_controller/base.rb:224:in 'AbstractController::Base#process_action'
[109639a3-c6be-44db-8d6f-08d2276c3543] actionpack (7.1.6) lib/action_controller/metal/rendering.rb:165:in 'ActionController::Rendering#process_action'
[109639a3-c6be-44db-8d6f-08d2276c3543] actionpack (7.1.6) lib/abstract_controller/callbacks.rb:259:in 'block in AbstractController::Callbacks#process_action'
[109639a3-c6be-44db-8d6f-08d2276c3543] activesupport (7.1.6) lib/active_support/callbacks.rb:110:in 'ActiveSupport::Callbacks#run_callbacks'
[109639a3-c6be-44db-8d6f-08d2276c3543] actionpack (7.1.6) lib/abstract_controller/callbacks.rb:258:in 'AbstractController::Callbacks#process_action'
[109639a3-c6be-44db-8d6f-08d2276c3543] actionpack (7.1.6) lib/action_controller/metal/rescue.rb:25:in 'ActionController::Rescue#process_action'
[109639a3-c6be-44db-8d6f-08d2276c3543] actionpack (7.1.6) lib/action_controller/metal/instrumentation.rb:74:in 'block in ActionController::Instrumentation#process_action'
[109639a3-c6be-44db-8d6f-08d2276c3543] activesupport (7.1.6) lib/active_support/notifications.rb:206:in 'block in ActiveSupport::Notifications.instrument'
[109639a3-c6be-44db-8d6f-08d2276c3543] activesupport (7.1.6) lib/active_support/notifications/instrumenter.rb:58:in 'ActiveSupport::Notifications::Instrumenter#instrument'
[109639a3-c6be-44db-8d6f-08d2276c3543] activesupport (7.1.6) lib/active_support/notifications.rb:206:in 'ActiveSupport::Notifications.instrument'
[109639a3-c6be-44db-8d6f-08d2276c3543] actionpack (7.1.6) lib/action_controller/metal/instrumentation.rb:73:in 'ActionController::Instrumentation#process_action'
[109639a3-c6be-44db-8d6f-08d2276c3543] actionpack (7.1.6) lib/action_controller/metal/params_wrapper.rb:261:in 'ActionController::ParamsWrapper#process_action'
[109639a3-c6be-44db-8d6f-08d2276c3543] actionpack (7.1.6) lib/abstract_controller/base.rb:160:in 'AbstractController::Base#process'
[109639a3-c6be-44db-8d6f-08d2276c3543] actionview (7.1.6) lib/action_view/rendering.rb:40:in 'ActionView::Rendering#process'
[109639a3-c6be-44db-8d6f-08d2276c3543] actionpack (7.1.6) lib/action_controller/metal.rb:227:in 'ActionController::Metal#dispatch'
[109639a3-c6be-44db-8d6f-08d2276c3543] actionpack (7.1.6) lib/action_controller/metal.rb:309:in 'ActionController::Metal.dispatch'
[109639a3-c6be-44db-8d6f-08d2276c3543] actionpack (7.1.6) lib/action_dispatch/routing/route_set.rb:49:in 'ActionDispatch::Routing::RouteSet::Dispatcher#dispatch'
[109639a3-c6be-44db-8d6f-08d2276c3543] actionpack (7.1.6) lib/action_dispatch/routing/route_set.rb:32:in 'ActionDispatch::Routing::RouteSet::Dispatcher#serve'
[109639a3-c6be-44db-8d6f-08d2276c3543] actionpack (7.1.6) lib/action_dispatch/journey/router.rb:51:in 'block in ActionDispatch::Journey::Router#serve'
[109639a3-c6be-44db-8d6f-08d2276c3543] actionpack (7.1.6) lib/action_dispatch/journey/router.rb:131:in 'block in ActionDispatch::Journey::Router#find_routes'
[109639a3-c6be-44db-8d6f-08d2276c3543] actionpack (7.1.6) lib/action_dispatch/journey/router.rb:124:in 'Array#each'
[109639a3-c6be-44db-8d6f-08d2276c3543] actionpack (7.1.6) lib/action_dispatch/journey/router.rb:124:in 'ActionDispatch::Journey::Router#find_routes'
[109639a3-c6be-44db-8d6f-08d2276c3543] actionpack (7.1.6) lib/action_dispatch/journey/router.rb:32:in 'ActionDispatch::Journey::Router#serve'
[109639a3-c6be-44db-8d6f-08d2276c3543] actionpack (7.1.6) lib/action_dispatch/routing/route_set.rb:882:in 'ActionDispatch::Routing::RouteSet#call'
[109639a3-c6be-44db-8d6f-08d2276c3543] rack (3.2.6) lib/rack/tempfile_reaper.rb:20:in 'Rack::TempfileReaper#call'
[109639a3-c6be-44db-8d6f-08d2276c3543] rack (3.2.6) lib/rack/etag.rb:29:in 'Rack::ETag#call'
[109639a3-c6be-44db-8d6f-08d2276c3543] rack (3.2.6) lib/rack/conditional_get.rb:31:in 'Rack::ConditionalGet#call'
[109639a3-c6be-44db-8d6f-08d2276c3543] rack (3.2.6) lib/rack/head.rb:15:in 'Rack::Head#call'
[109639a3-c6be-44db-8d6f-08d2276c3543] actionpack (7.1.6) lib/action_dispatch/http/permissions_policy.rb:36:in 'ActionDispatch::PermissionsPolicy::Middleware#call'
[109639a3-c6be-44db-8d6f-08d2276c3543] actionpack (7.1.6) lib/action_dispatch/http/content_security_policy.rb:36:in 'ActionDispatch::ContentSecurityPolicy::Middleware#call'
[109639a3-c6be-44db-8d6f-08d2276c3543] rack-session (2.1.2) lib/rack/session/abstract/id.rb:274:in 'Rack::Session::Abstract::Persisted#context'
[109639a3-c6be-44db-8d6f-08d2276c3543] rack-session (2.1.2) lib/rack/session/abstract/id.rb:268:in 'Rack::Session::Abstract::Persisted#call'
[109639a3-c6be-44db-8d6f-08d2276c3543] actionpack (7.1.6) lib/action_dispatch/middleware/cookies.rb:689:in 'ActionDispatch::Cookies#call'
[109639a3-c6be-44db-8d6f-08d2276c3543] actionpack (7.1.6) lib/action_dispatch/middleware/callbacks.rb:29:in 'block in ActionDispatch::Callbacks#call'
[109639a3-c6be-44db-8d6f-08d2276c3543] activesupport (7.1.6) lib/active_support/callbacks.rb:101:in 'ActiveSupport::Callbacks#run_callbacks'
[109639a3-c6be-44db-8d6f-08d2276c3543] actionpack (7.1.6) lib/action_dispatch/middleware/callbacks.rb:28:in 'ActionDispatch::Callbacks#call'
[109639a3-c6be-44db-8d6f-08d2276c3543] actionpack (7.1.6) lib/action_dispatch/middleware/executor.rb:14:in 'ActionDispatch::Executor#call'
[109639a3-c6be-44db-8d6f-08d2276c3543] actionpack (7.1.6) lib/action_dispatch/middleware/actionable_exceptions.rb:16:in 'ActionDispatch::ActionableExceptions#call'
[109639a3-c6be-44db-8d6f-08d2276c3543] actionpack (7.1.6) lib/action_dispatch/middleware/debug_exceptions.rb:29:in 'ActionDispatch::DebugExceptions#call'
[109639a3-c6be-44db-8d6f-08d2276c3543] actionpack (7.1.6) lib/action_dispatch/middleware/show_exceptions.rb:31:in 'ActionDispatch::ShowExceptions#call'
[109639a3-c6be-44db-8d6f-08d2276c3543] railties (7.1.6) lib/rails/rack/logger.rb:37:in 'Rails::Rack::Logger#call_app'
[109639a3-c6be-44db-8d6f-08d2276c3543] railties (7.1.6) lib/rails/rack/logger.rb:24:in 'block in Rails::Rack::Logger#call'
[109639a3-c6be-44db-8d6f-08d2276c3543] activesupport (7.1.6) lib/active_support/tagged_logging.rb:139:in 'block in ActiveSupport::TaggedLogging#tagged'
[109639a3-c6be-44db-8d6f-08d2276c3543] activesupport (7.1.6) lib/active_support/tagged_logging.rb:39:in 'ActiveSupport::TaggedLogging::Formatter#tagged'
[109639a3-c6be-44db-8d6f-08d2276c3543] activesupport (7.1.6) lib/active_support/tagged_logging.rb:139:in 'ActiveSupport::TaggedLogging#tagged'
[109639a3-c6be-44db-8d6f-08d2276c3543] activesupport (7.1.6) lib/active_support/broadcast_logger.rb:241:in 'ActiveSupport::BroadcastLogger#method_missing'
[109639a3-c6be-44db-8d6f-08d2276c3543] railties (7.1.6) lib/rails/rack/logger.rb:24:in 'Rails::Rack::Logger#call'
[109639a3-c6be-44db-8d6f-08d2276c3543] sprockets-rails (3.5.2) lib/sprockets/rails/quiet_assets.rb:17:in 'Sprockets::Rails::QuietAssets#call'
[109639a3-c6be-44db-8d6f-08d2276c3543] actionpack (7.1.6) lib/action_dispatch/middleware/remote_ip.rb:92:in 'ActionDispatch::RemoteIp#call'
[109639a3-c6be-44db-8d6f-08d2276c3543] actionpack (7.1.6) lib/action_dispatch/middleware/request_id.rb:28:in 'ActionDispatch::RequestId#call'
[109639a3-c6be-44db-8d6f-08d2276c3543] rack (3.2.6) lib/rack/method_override.rb:28:in 'Rack::MethodOverride#call'
[109639a3-c6be-44db-8d6f-08d2276c3543] rack (3.2.6) lib/rack/runtime.rb:24:in 'Rack::Runtime#call'
[109639a3-c6be-44db-8d6f-08d2276c3543] actionpack (7.1.6) lib/action_dispatch/middleware/server_timing.rb:59:in 'block in ActionDispatch::ServerTiming#call'
[109639a3-c6be-44db-8d6f-08d2276c3543] actionpack (7.1.6) lib/action_dispatch/middleware/server_timing.rb:24:in 'ActionDispatch::ServerTiming::Subscriber#collect_events'
[109639a3-c6be-44db-8d6f-08d2276c3543] actionpack (7.1.6) lib/action_dispatch/middleware/server_timing.rb:58:in 'ActionDispatch::ServerTiming#call'
[109639a3-c6be-44db-8d6f-08d2276c3543] actionpack (7.1.6) lib/action_dispatch/middleware/executor.rb:14:in 'ActionDispatch::Executor#call'
[109639a3-c6be-44db-8d6f-08d2276c3543] actionpack (7.1.6) lib/action_dispatch/middleware/static.rb:25:in 'ActionDispatch::Static#call'
[109639a3-c6be-44db-8d6f-08d2276c3543] rack (3.2.6) lib/rack/sendfile.rb:131:in 'Rack::Sendfile#call'
[109639a3-c6be-44db-8d6f-08d2276c3543] actionpack (7.1.6) lib/action_dispatch/middleware/host_authorization.rb:141:in 'ActionDispatch::HostAuthorization#call'
[109639a3-c6be-44db-8d6f-08d2276c3543] railties (7.1.6) lib/rails/engine.rb:536:in 'Rails::Engine#call'
[109639a3-c6be-44db-8d6f-08d2276c3543] puma (8.0.2) lib/puma/configuration.rb:305:in 'Puma::Configuration::ConfigMiddleware#call'
[109639a3-c6be-44db-8d6f-08d2276c3543] puma (8.0.2) lib/puma/response.rb:79:in 'block in Puma::Response#handle_request'
[109639a3-c6be-44db-8d6f-08d2276c3543] puma (8.0.2) lib/puma/thread_pool.rb:434:in 'Puma::ThreadPool#with_force_shutdown'
[109639a3-c6be-44db-8d6f-08d2276c3543] puma (8.0.2) lib/puma/response.rb:78:in 'Puma::Response#handle_request'
[109639a3-c6be-44db-8d6f-08d2276c3543] puma (8.0.2) lib/puma/server.rb:508:in 'Puma::Server#process_client'
[109639a3-c6be-44db-8d6f-08d2276c3543] puma (8.0.2) lib/puma/server.rb:263:in 'block in Puma::Server#run'
[109639a3-c6be-44db-8d6f-08d2276c3543] puma (8.0.2) lib/puma/thread_pool.rb:246:in 'block in Puma::ThreadPool#spawn_thread'
[17eaacbf-e557-4558-bafa-059e075201e2] Started GET "/" for ::1 at 2026-06-11 11:35:04 -0600
[17eaacbf-e557-4558-bafa-059e075201e2] Processing by DashboardController#index as HTML
[17eaacbf-e557-4558-bafa-059e075201e2]   Rendering layout layouts/application.html.erb
[17eaacbf-e557-4558-bafa-059e075201e2]   Rendering dashboard/index.html.erb within layouts/application
[17eaacbf-e557-4558-bafa-059e075201e2]   Rendered dashboard/index.html.erb within layouts/application (Duration: 0.5ms | Allocations: 195)
[17eaacbf-e557-4558-bafa-059e075201e2]   Rendered layout layouts/application.html.erb (Duration: 14.4ms | Allocations: 1947)
[17eaacbf-e557-4558-bafa-059e075201e2] Completed 200 OK in 314ms (Views: 17.9ms | Allocations: 3302)


[c1a15127-adc1-4308-b498-19ecfbec5d88] Started GET "/" for ::1 at 2026-06-11 11:38:02 -0600
[c1a15127-adc1-4308-b498-19ecfbec5d88] Processing by DashboardController#index as HTML
[c1a15127-adc1-4308-b498-19ecfbec5d88]   Rendering layout layouts/application.html.erb
[c1a15127-adc1-4308-b498-19ecfbec5d88]   Rendering dashboard/index.html.erb within layouts/application
[c1a15127-adc1-4308-b498-19ecfbec5d88]   Rendered dashboard/index.html.erb within layouts/application (Duration: 2.8ms | Allocations: 612)
[c1a15127-adc1-4308-b498-19ecfbec5d88]   Rendered layout layouts/application.html.erb (Duration: 21.1ms | Allocations: 2573)
[c1a15127-adc1-4308-b498-19ecfbec5d88] Completed 200 OK in 295ms (Views: 30.5ms | Allocations: 4592)


[40683143-30f8-4775-8ad7-6c7d974411fa] Started GET "/admin" for ::1 at 2026-06-11 11:38:05 -0600
[40683143-30f8-4775-8ad7-6c7d974411fa] Processing by AdminController#index as HTML
[40683143-30f8-4775-8ad7-6c7d974411fa]   Rendering layout layouts/application.html.erb
[40683143-30f8-4775-8ad7-6c7d974411fa]   Rendering admin/index.html.erb within layouts/application
[40683143-30f8-4775-8ad7-6c7d974411fa]   Rendered admin/index.html.erb within layouts/application (Duration: 1.9ms | Allocations: 985)
[40683143-30f8-4775-8ad7-6c7d974411fa]   Rendered layout layouts/application.html.erb (Duration: 18.1ms | Allocations: 2744)
[40683143-30f8-4775-8ad7-6c7d974411fa] Completed 200 OK in 31ms (Views: 24.1ms | Allocations: 3079)


[4f5bc997-8894-488c-a03d-544f130c2bbf] Started GET "/" for ::1 at 2026-06-11 11:38:12 -0600
[4f5bc997-8894-488c-a03d-544f130c2bbf] Processing by DashboardController#index as HTML
[4f5bc997-8894-488c-a03d-544f130c2bbf]   Rendering layout layouts/application.html.erb
[4f5bc997-8894-488c-a03d-544f130c2bbf]   Rendering dashboard/index.html.erb within layouts/application
[4f5bc997-8894-488c-a03d-544f130c2bbf]   Rendered dashboard/index.html.erb within layouts/application (Duration: 0.6ms | Allocations: 195)
[4f5bc997-8894-488c-a03d-544f130c2bbf]   Rendered layout layouts/application.html.erb (Duration: 13.4ms | Allocations: 1931)
[4f5bc997-8894-488c-a03d-544f130c2bbf] Completed 200 OK in 279ms (Views: 15.8ms | Allocations: 3261)


[ff5ae7e7-d262-4bf9-b738-cf0fe1eeec10] Started GET "/" for ::1 at 2026-06-11 11:38:40 -0600
[ff5ae7e7-d262-4bf9-b738-cf0fe1eeec10] Processing by DashboardController#index as HTML
[ff5ae7e7-d262-4bf9-b738-cf0fe1eeec10]   Rendering layout layouts/application.html.erb
[ff5ae7e7-d262-4bf9-b738-cf0fe1eeec10]   Rendering dashboard/index.html.erb within layouts/application
[ff5ae7e7-d262-4bf9-b738-cf0fe1eeec10]   Rendered dashboard/index.html.erb within layouts/application (Duration: 1.5ms | Allocations: 612)
[ff5ae7e7-d262-4bf9-b738-cf0fe1eeec10]   Rendered layout layouts/application.html.erb (Duration: 15.3ms | Allocations: 2572)
[ff5ae7e7-d262-4bf9-b738-cf0fe1eeec10] Completed 200 OK in 308ms (Views: 23.6ms | Allocations: 4582)


[1177bfa3-47aa-45b5-a90a-78df0e488eed] Started GET "/matches" for ::1 at 2026-06-11 11:38:43 -0600
[1177bfa3-47aa-45b5-a90a-78df0e488eed] Processing by MatchesController#index as HTML
[6958c98c-cb63-438c-8682-5db926e058d6] Started GET "/knockout" for ::1 at 2026-06-11 11:38:43 -0600
[1177bfa3-47aa-45b5-a90a-78df0e488eed]   Rendering layout layouts/application.html.erb
[1177bfa3-47aa-45b5-a90a-78df0e488eed]   Rendering matches/index.html.erb within layouts/application
[1177bfa3-47aa-45b5-a90a-78df0e488eed]   Rendered shared/_match_card.html.erb (Duration: 2.5ms | Allocations: 633)
[6958c98c-cb63-438c-8682-5db926e058d6] Processing by KnockoutController#index as HTML
[1177bfa3-47aa-45b5-a90a-78df0e488eed]   Rendered shared/_match_card.html.erb (Duration: 159.1ms | Allocations: 2078)
[1177bfa3-47aa-45b5-a90a-78df0e488eed]   Rendered shared/_match_card.html.erb (Duration: 1.0ms | Allocations: 252)
[1177bfa3-47aa-45b5-a90a-78df0e488eed]   Rendered shared/_match_card.html.erb (Duration: 1.2ms | Allocations: 252)
[1177bfa3-47aa-45b5-a90a-78df0e488eed]   Rendered shared/_match_card.html.erb (Duration: 0.7ms | Allocations: 252)
[1177bfa3-47aa-45b5-a90a-78df0e488eed]   Rendered shared/_match_card.html.erb (Duration: 0.7ms | Allocations: 252)
[1177bfa3-47aa-45b5-a90a-78df0e488eed]   Rendered shared/_match_card.html.erb (Duration: 0.7ms | Allocations: 252)
[1177bfa3-47aa-45b5-a90a-78df0e488eed]   Rendered shared/_match_card.html.erb (Duration: 0.6ms | Allocations: 252)
[1177bfa3-47aa-45b5-a90a-78df0e488eed]   Rendered shared/_match_card.html.erb (Duration: 0.7ms | Allocations: 252)
[1177bfa3-47aa-45b5-a90a-78df0e488eed]   Rendered shared/_match_card.html.erb (Duration: 1.3ms | Allocations: 252)
[1177bfa3-47aa-45b5-a90a-78df0e488eed]   Rendered shared/_match_card.html.erb (Duration: 1.5ms | Allocations: 252)
[1177bfa3-47aa-45b5-a90a-78df0e488eed]   Rendered shared/_match_card.html.erb (Duration: 0.7ms | Allocations: 252)
[1177bfa3-47aa-45b5-a90a-78df0e488eed]   Rendered shared/_match_card.html.erb (Duration: 0.5ms | Allocations: 252)
[1177bfa3-47aa-45b5-a90a-78df0e488eed]   Rendered shared/_match_card.html.erb (Duration: 0.7ms | Allocations: 252)
[1177bfa3-47aa-45b5-a90a-78df0e488eed]   Rendered shared/_match_card.html.erb (Duration: 0.9ms | Allocations: 252)
[1177bfa3-47aa-45b5-a90a-78df0e488eed]   Rendered shared/_match_card.html.erb (Duration: 1.0ms | Allocations: 252)
[1177bfa3-47aa-45b5-a90a-78df0e488eed]   Rendered shared/_match_card.html.erb (Duration: 0.9ms | Allocations: 252)
[1177bfa3-47aa-45b5-a90a-78df0e488eed]   Rendered shared/_match_card.html.erb (Duration: 0.7ms | Allocations: 252)
[1177bfa3-47aa-45b5-a90a-78df0e488eed]   Rendered shared/_match_card.html.erb (Duration: 0.7ms | Allocations: 252)
[1177bfa3-47aa-45b5-a90a-78df0e488eed]   Rendered shared/_match_card.html.erb (Duration: 1.0ms | Allocations: 252)
[1177bfa3-47aa-45b5-a90a-78df0e488eed]   Rendered shared/_match_card.html.erb (Duration: 1.4ms | Allocations: 252)
[1177bfa3-47aa-45b5-a90a-78df0e488eed]   Rendered shared/_match_card.html.erb (Duration: 0.8ms | Allocations: 252)
[1177bfa3-47aa-45b5-a90a-78df0e488eed]   Rendered shared/_match_card.html.erb (Duration: 1.0ms | Allocations: 252)
[1177bfa3-47aa-45b5-a90a-78df0e488eed]   Rendered shared/_match_card.html.erb (Duration: 1.0ms | Allocations: 252)
[1177bfa3-47aa-45b5-a90a-78df0e488eed]   Rendered shared/_match_card.html.erb (Duration: 1.2ms | Allocations: 252)
[1177bfa3-47aa-45b5-a90a-78df0e488eed]   Rendered shared/_match_card.html.erb (Duration: 1.1ms | Allocations: 252)
[1177bfa3-47aa-45b5-a90a-78df0e488eed]   Rendered shared/_match_card.html.erb (Duration: 0.9ms | Allocations: 252)
[1177bfa3-47aa-45b5-a90a-78df0e488eed]   Rendered shared/_match_card.html.erb (Duration: 0.9ms | Allocations: 252)
[1177bfa3-47aa-45b5-a90a-78df0e488eed]   Rendered shared/_match_card.html.erb (Duration: 1.1ms | Allocations: 252)
[1177bfa3-47aa-45b5-a90a-78df0e488eed]   Rendered shared/_match_card.html.erb (Duration: 1.1ms | Allocations: 252)
[1177bfa3-47aa-45b5-a90a-78df0e488eed]   Rendered shared/_match_card.html.erb (Duration: 1.4ms | Allocations: 252)
[1177bfa3-47aa-45b5-a90a-78df0e488eed]   Rendered shared/_match_card.html.erb (Duration: 1.2ms | Allocations: 252)
[1177bfa3-47aa-45b5-a90a-78df0e488eed]   Rendered shared/_match_card.html.erb (Duration: 0.9ms | Allocations: 252)
[1177bfa3-47aa-45b5-a90a-78df0e488eed]   Rendered shared/_match_card.html.erb (Duration: 1.5ms | Allocations: 252)
[1177bfa3-47aa-45b5-a90a-78df0e488eed]   Rendered shared/_match_card.html.erb (Duration: 1.3ms | Allocations: 252)
[1177bfa3-47aa-45b5-a90a-78df0e488eed]   Rendered shared/_match_card.html.erb (Duration: 0.8ms | Allocations: 252)
[1177bfa3-47aa-45b5-a90a-78df0e488eed]   Rendered shared/_match_card.html.erb (Duration: 1.1ms | Allocations: 252)
[1177bfa3-47aa-45b5-a90a-78df0e488eed]   Rendered shared/_match_card.html.erb (Duration: 1.2ms | Allocations: 252)
[1177bfa3-47aa-45b5-a90a-78df0e488eed]   Rendered shared/_match_card.html.erb (Duration: 1.5ms | Allocations: 252)
[1177bfa3-47aa-45b5-a90a-78df0e488eed]   Rendered shared/_match_card.html.erb (Duration: 1.1ms | Allocations: 252)
[1177bfa3-47aa-45b5-a90a-78df0e488eed]   Rendered shared/_match_card.html.erb (Duration: 1.3ms | Allocations: 252)
[1177bfa3-47aa-45b5-a90a-78df0e488eed]   Rendered shared/_match_card.html.erb (Duration: 0.9ms | Allocations: 252)
[1177bfa3-47aa-45b5-a90a-78df0e488eed]   Rendered shared/_match_card.html.erb (Duration: 1.0ms | Allocations: 252)
[1177bfa3-47aa-45b5-a90a-78df0e488eed]   Rendered shared/_match_card.html.erb (Duration: 1.1ms | Allocations: 252)
[1177bfa3-47aa-45b5-a90a-78df0e488eed]   Rendered shared/_match_card.html.erb (Duration: 1.3ms | Allocations: 252)
[1177bfa3-47aa-45b5-a90a-78df0e488eed]   Rendered shared/_match_card.html.erb (Duration: 1.8ms | Allocations: 252)
[1177bfa3-47aa-45b5-a90a-78df0e488eed]   Rendered shared/_match_card.html.erb (Duration: 1.4ms | Allocations: 252)
[1177bfa3-47aa-45b5-a90a-78df0e488eed]   Rendered shared/_match_card.html.erb (Duration: 1.6ms | Allocations: 252)
[1177bfa3-47aa-45b5-a90a-78df0e488eed]   Rendered shared/_match_card.html.erb (Duration: 1.7ms | Allocations: 252)
[1177bfa3-47aa-45b5-a90a-78df0e488eed]   Rendered shared/_match_card.html.erb (Duration: 1.8ms | Allocations: 252)
[1177bfa3-47aa-45b5-a90a-78df0e488eed]   Rendered shared/_match_card.html.erb (Duration: 2.0ms | Allocations: 252)
[1177bfa3-47aa-45b5-a90a-78df0e488eed]   Rendered shared/_match_card.html.erb (Duration: 1.5ms | Allocations: 252)
[1177bfa3-47aa-45b5-a90a-78df0e488eed]   Rendered shared/_match_card.html.erb (Duration: 1.4ms | Allocations: 252)
[1177bfa3-47aa-45b5-a90a-78df0e488eed]   Rendered shared/_match_card.html.erb (Duration: 0.9ms | Allocations: 252)
[1177bfa3-47aa-45b5-a90a-78df0e488eed]   Rendered shared/_match_card.html.erb (Duration: 1.1ms | Allocations: 252)
[1177bfa3-47aa-45b5-a90a-78df0e488eed]   Rendered shared/_match_card.html.erb (Duration: 1.2ms | Allocations: 252)
[1177bfa3-47aa-45b5-a90a-78df0e488eed]   Rendered shared/_match_card.html.erb (Duration: 1.2ms | Allocations: 252)
[1177bfa3-47aa-45b5-a90a-78df0e488eed]   Rendered shared/_match_card.html.erb (Duration: 1.6ms | Allocations: 252)
[1177bfa3-47aa-45b5-a90a-78df0e488eed]   Rendered shared/_match_card.html.erb (Duration: 1.8ms | Allocations: 252)
[1177bfa3-47aa-45b5-a90a-78df0e488eed]   Rendered shared/_match_card.html.erb (Duration: 1.2ms | Allocations: 252)
[1177bfa3-47aa-45b5-a90a-78df0e488eed]   Rendered shared/_match_card.html.erb (Duration: 1.0ms | Allocations: 252)
[1177bfa3-47aa-45b5-a90a-78df0e488eed]   Rendered shared/_match_card.html.erb (Duration: 1.4ms | Allocations: 252)
[1177bfa3-47aa-45b5-a90a-78df0e488eed]   Rendered shared/_match_card.html.erb (Duration: 1.1ms | Allocations: 252)
[1177bfa3-47aa-45b5-a90a-78df0e488eed]   Rendered shared/_match_card.html.erb (Duration: 1.0ms | Allocations: 252)
[1177bfa3-47aa-45b5-a90a-78df0e488eed]   Rendered shared/_match_card.html.erb (Duration: 1.6ms | Allocations: 252)
[1177bfa3-47aa-45b5-a90a-78df0e488eed]   Rendered shared/_match_card.html.erb (Duration: 2.1ms | Allocations: 252)
[1177bfa3-47aa-45b5-a90a-78df0e488eed]   Rendered shared/_match_card.html.erb (Duration: 2.1ms | Allocations: 252)
[1177bfa3-47aa-45b5-a90a-78df0e488eed]   Rendered shared/_match_card.html.erb (Duration: 2.2ms | Allocations: 252)
[1177bfa3-47aa-45b5-a90a-78df0e488eed]   Rendered shared/_match_card.html.erb (Duration: 1.4ms | Allocations: 252)
[1177bfa3-47aa-45b5-a90a-78df0e488eed]   Rendered shared/_match_card.html.erb (Duration: 4.4ms | Allocations: 252)
[1177bfa3-47aa-45b5-a90a-78df0e488eed]   Rendered shared/_match_card.html.erb (Duration: 2.8ms | Allocations: 252)
[1177bfa3-47aa-45b5-a90a-78df0e488eed]   Rendered shared/_match_card.html.erb (Duration: 1.7ms | Allocations: 252)
[1177bfa3-47aa-45b5-a90a-78df0e488eed]   Rendered matches/index.html.erb within layouts/application (Duration: 329.9ms | Allocations: 26300)
[a6ac31d5-4b32-4ff9-b52a-e8a572860a52] Started GET "/stats" for ::1 at 2026-06-11 11:38:44 -0600
[1177bfa3-47aa-45b5-a90a-78df0e488eed]   Rendered layout layouts/application.html.erb (Duration: 373.1ms | Allocations: 28078)
[1177bfa3-47aa-45b5-a90a-78df0e488eed] Completed 200 OK in 848ms (Views: 379.8ms | Allocations: 30948)


[a6ac31d5-4b32-4ff9-b52a-e8a572860a52] Processing by StatsController#index as HTML
[a6ac31d5-4b32-4ff9-b52a-e8a572860a52]   Rendering layout layouts/application.html.erb
[a6ac31d5-4b32-4ff9-b52a-e8a572860a52]   Rendering stats/index.html.erb within layouts/application
[6958c98c-cb63-438c-8682-5db926e058d6]   Rendering layout layouts/application.html.erb
[6958c98c-cb63-438c-8682-5db926e058d6]   Rendering knockout/index.html.erb within layouts/application
[a6ac31d5-4b32-4ff9-b52a-e8a572860a52]   Rendered stats/index.html.erb within layouts/application (Duration: 2.8ms | Allocations: 800)
[6958c98c-cb63-438c-8682-5db926e058d6]   Rendered knockout/index.html.erb within layouts/application (Duration: 4.8ms | Allocations: 1953)
[6958c98c-cb63-438c-8682-5db926e058d6]   Rendered layout layouts/application.html.erb (Duration: 22.3ms | Allocations: 4248)
[6958c98c-cb63-438c-8682-5db926e058d6] Completed 200 OK in 392ms (Views: 29.8ms | Allocations: 32308)


[a6ac31d5-4b32-4ff9-b52a-e8a572860a52]   Rendered layout layouts/application.html.erb (Duration: 25.1ms | Allocations: 5403)
[a6ac31d5-4b32-4ff9-b52a-e8a572860a52] Completed 200 OK in 46ms (Views: 37.8ms | Allocations: 6461)


[924f0a95-e893-4e42-8347-dcba8934e25e] Started GET "/" for ::1 at 2026-06-11 11:38:45 -0600
[924f0a95-e893-4e42-8347-dcba8934e25e] Processing by DashboardController#index as HTML
[924f0a95-e893-4e42-8347-dcba8934e25e]   Rendering layout layouts/application.html.erb
[924f0a95-e893-4e42-8347-dcba8934e25e]   Rendering dashboard/index.html.erb within layouts/application
[924f0a95-e893-4e42-8347-dcba8934e25e]   Rendered dashboard/index.html.erb within layouts/application (Duration: 0.7ms | Allocations: 195)
[924f0a95-e893-4e42-8347-dcba8934e25e]   Rendered layout layouts/application.html.erb (Duration: 15.3ms | Allocations: 1932)
[924f0a95-e893-4e42-8347-dcba8934e25e] Completed 200 OK in 251ms (Views: 16.7ms | Allocations: 3269)


[ad691565-229f-4c44-bfc1-4543a75d87f0] Started GET "/admin" for ::1 at 2026-06-11 11:38:47 -0600
[ad691565-229f-4c44-bfc1-4543a75d87f0] Processing by AdminController#index as HTML
[ad691565-229f-4c44-bfc1-4543a75d87f0]   Rendering layout layouts/application.html.erb
[ad691565-229f-4c44-bfc1-4543a75d87f0]   Rendering admin/index.html.erb within layouts/application
[ad691565-229f-4c44-bfc1-4543a75d87f0]   Rendered admin/index.html.erb within layouts/application (Duration: 2.6ms | Allocations: 989)
[ad691565-229f-4c44-bfc1-4543a75d87f0]   Rendered layout layouts/application.html.erb (Duration: 14.8ms | Allocations: 2763)
[ad691565-229f-4c44-bfc1-4543a75d87f0] Completed 200 OK in 24ms (Views: 18.2ms | Allocations: 3096)


[3582a47a-6d81-4a3e-9e99-f2b08a867123] Started GET "/" for ::1 at 2026-06-11 11:38:48 -0600
[3582a47a-6d81-4a3e-9e99-f2b08a867123] Processing by DashboardController#index as HTML
[3582a47a-6d81-4a3e-9e99-f2b08a867123]   Rendering layout layouts/application.html.erb
[3582a47a-6d81-4a3e-9e99-f2b08a867123]   Rendering dashboard/index.html.erb within layouts/application
[3582a47a-6d81-4a3e-9e99-f2b08a867123]   Rendered dashboard/index.html.erb within layouts/application (Duration: 1.5ms | Allocations: 195)
[3582a47a-6d81-4a3e-9e99-f2b08a867123]   Rendered layout layouts/application.html.erb (Duration: 19.3ms | Allocations: 1931)
[3582a47a-6d81-4a3e-9e99-f2b08a867123] Completed 200 OK in 304ms (Views: 21.5ms | Allocations: 3277)


[70e992a9-b732-4bab-b5b2-11cd70e82165] Started GET "/" for ::1 at 2026-06-11 12:02:09 -0600
[70e992a9-b732-4bab-b5b2-11cd70e82165] Processing by DashboardController#index as HTML
[70e992a9-b732-4bab-b5b2-11cd70e82165]   Rendering layout layouts/application.html.erb
[70e992a9-b732-4bab-b5b2-11cd70e82165]   Rendering dashboard/index.html.erb within layouts/application
[70e992a9-b732-4bab-b5b2-11cd70e82165]   Rendered dashboard/index.html.erb within layouts/application (Duration: 2.2ms | Allocations: 612)
[70e992a9-b732-4bab-b5b2-11cd70e82165]   Rendered layout layouts/application.html.erb (Duration: 122.8ms | Allocations: 6366)
[70e992a9-b732-4bab-b5b2-11cd70e82165] Completed 200 OK in 414ms (Views: 135.2ms | Allocations: 8383)


[9cebfd8b-7b16-409e-88d0-5dedf33eabc7] Started GET "/" for ::1 at 2026-06-11 12:02:12 -0600
[9cebfd8b-7b16-409e-88d0-5dedf33eabc7] Processing by DashboardController#index as HTML
[9cebfd8b-7b16-409e-88d0-5dedf33eabc7]   Rendering layout layouts/application.html.erb
[9cebfd8b-7b16-409e-88d0-5dedf33eabc7]   Rendering dashboard/index.html.erb within layouts/application
[9cebfd8b-7b16-409e-88d0-5dedf33eabc7]   Rendered dashboard/index.html.erb within layouts/application (Duration: 0.4ms | Allocations: 195)
[9cebfd8b-7b16-409e-88d0-5dedf33eabc7]   Rendered layout layouts/application.html.erb (Duration: 9.7ms | Allocations: 1931)
[9cebfd8b-7b16-409e-88d0-5dedf33eabc7] Completed 200 OK in 249ms (Views: 11.5ms | Allocations: 3261)


[07649a32-2465-4042-b911-6cc637cbeb09] Started GET "/" for ::1 at 2026-06-11 12:25:08 -0600
[07649a32-2465-4042-b911-6cc637cbeb09] Processing by DashboardController#index as HTML
[07649a32-2465-4042-b911-6cc637cbeb09]   Rendering layout layouts/application.html.erb
[07649a32-2465-4042-b911-6cc637cbeb09]   Rendering dashboard/index.html.erb within layouts/application
[07649a32-2465-4042-b911-6cc637cbeb09]   Rendered dashboard/index.html.erb within layouts/application (Duration: 2.8ms | Allocations: 612)
[07649a32-2465-4042-b911-6cc637cbeb09]   Rendered layout layouts/application.html.erb (Duration: 20.5ms | Allocations: 2571)
[07649a32-2465-4042-b911-6cc637cbeb09] Completed 200 OK in 447ms (Views: 29.9ms | Allocations: 4588)


[cc81c007-1c82-497c-8896-1c69f0fd7398] Started GET "/matches" for ::1 at 2026-06-11 12:25:19 -0600
[cc81c007-1c82-497c-8896-1c69f0fd7398] Processing by MatchesController#index as HTML
[cc81c007-1c82-497c-8896-1c69f0fd7398]   Rendering layout layouts/application.html.erb
[cc81c007-1c82-497c-8896-1c69f0fd7398]   Rendering matches/index.html.erb within layouts/application
[cc81c007-1c82-497c-8896-1c69f0fd7398]   Rendered shared/_match_card.html.erb (Duration: 2.2ms | Allocations: 631)
[cc81c007-1c82-497c-8896-1c69f0fd7398]   Rendered shared/_match_card.html.erb (Duration: 4.0ms | Allocations: 580)
[cc81c007-1c82-497c-8896-1c69f0fd7398]   Rendered shared/_match_card.html.erb (Duration: 0.7ms | Allocations: 252)
[cc81c007-1c82-497c-8896-1c69f0fd7398]   Rendered shared/_match_card.html.erb (Duration: 1.0ms | Allocations: 252)
[cc81c007-1c82-497c-8896-1c69f0fd7398]   Rendered shared/_match_card.html.erb (Duration: 0.7ms | Allocations: 252)
[cc81c007-1c82-497c-8896-1c69f0fd7398]   Rendered shared/_match_card.html.erb (Duration: 1.4ms | Allocations: 252)
[cc81c007-1c82-497c-8896-1c69f0fd7398]   Rendered shared/_match_card.html.erb (Duration: 1.1ms | Allocations: 252)
[cc81c007-1c82-497c-8896-1c69f0fd7398]   Rendered shared/_match_card.html.erb (Duration: 0.7ms | Allocations: 252)
[cc81c007-1c82-497c-8896-1c69f0fd7398]   Rendered shared/_match_card.html.erb (Duration: 1.3ms | Allocations: 252)
[cc81c007-1c82-497c-8896-1c69f0fd7398]   Rendered shared/_match_card.html.erb (Duration: 1.0ms | Allocations: 252)
[cc81c007-1c82-497c-8896-1c69f0fd7398]   Rendered shared/_match_card.html.erb (Duration: 1.1ms | Allocations: 252)
[cc81c007-1c82-497c-8896-1c69f0fd7398]   Rendered shared/_match_card.html.erb (Duration: 0.7ms | Allocations: 252)
[cc81c007-1c82-497c-8896-1c69f0fd7398]   Rendered shared/_match_card.html.erb (Duration: 1.1ms | Allocations: 252)
[cc81c007-1c82-497c-8896-1c69f0fd7398]   Rendered shared/_match_card.html.erb (Duration: 1.1ms | Allocations: 252)
[cc81c007-1c82-497c-8896-1c69f0fd7398]   Rendered shared/_match_card.html.erb (Duration: 1.2ms | Allocations: 252)
[cc81c007-1c82-497c-8896-1c69f0fd7398]   Rendered shared/_match_card.html.erb (Duration: 1.0ms | Allocations: 252)
[cc81c007-1c82-497c-8896-1c69f0fd7398]   Rendered shared/_match_card.html.erb (Duration: 1.3ms | Allocations: 252)
[cc81c007-1c82-497c-8896-1c69f0fd7398]   Rendered shared/_match_card.html.erb (Duration: 1.1ms | Allocations: 252)
[cc81c007-1c82-497c-8896-1c69f0fd7398]   Rendered shared/_match_card.html.erb (Duration: 0.8ms | Allocations: 252)
[cc81c007-1c82-497c-8896-1c69f0fd7398]   Rendered shared/_match_card.html.erb (Duration: 1.8ms | Allocations: 252)
[cc81c007-1c82-497c-8896-1c69f0fd7398]   Rendered shared/_match_card.html.erb (Duration: 1.4ms | Allocations: 252)
[cc81c007-1c82-497c-8896-1c69f0fd7398]   Rendered shared/_match_card.html.erb (Duration: 1.0ms | Allocations: 252)
[cc81c007-1c82-497c-8896-1c69f0fd7398]   Rendered shared/_match_card.html.erb (Duration: 1.4ms | Allocations: 252)
[cc81c007-1c82-497c-8896-1c69f0fd7398]   Rendered shared/_match_card.html.erb (Duration: 2.1ms | Allocations: 252)
[cc81c007-1c82-497c-8896-1c69f0fd7398]   Rendered shared/_match_card.html.erb (Duration: 0.8ms | Allocations: 252)
[cc81c007-1c82-497c-8896-1c69f0fd7398]   Rendered shared/_match_card.html.erb (Duration: 1.5ms | Allocations: 252)
[cc81c007-1c82-497c-8896-1c69f0fd7398]   Rendered shared/_match_card.html.erb (Duration: 1.4ms | Allocations: 252)
[cc81c007-1c82-497c-8896-1c69f0fd7398]   Rendered shared/_match_card.html.erb (Duration: 2.5ms | Allocations: 252)
[cc81c007-1c82-497c-8896-1c69f0fd7398]   Rendered shared/_match_card.html.erb (Duration: 1.5ms | Allocations: 252)
[cc81c007-1c82-497c-8896-1c69f0fd7398]   Rendered shared/_match_card.html.erb (Duration: 1.1ms | Allocations: 252)
[cc81c007-1c82-497c-8896-1c69f0fd7398]   Rendered shared/_match_card.html.erb (Duration: 1.8ms | Allocations: 252)
[cc81c007-1c82-497c-8896-1c69f0fd7398]   Rendered shared/_match_card.html.erb (Duration: 1.5ms | Allocations: 252)
[cc81c007-1c82-497c-8896-1c69f0fd7398]   Rendered shared/_match_card.html.erb (Duration: 2.0ms | Allocations: 252)
[cc81c007-1c82-497c-8896-1c69f0fd7398]   Rendered shared/_match_card.html.erb (Duration: 1.1ms | Allocations: 252)
[cc81c007-1c82-497c-8896-1c69f0fd7398]   Rendered shared/_match_card.html.erb (Duration: 1.0ms | Allocations: 252)
[cc81c007-1c82-497c-8896-1c69f0fd7398]   Rendered shared/_match_card.html.erb (Duration: 1.9ms | Allocations: 252)
[cc81c007-1c82-497c-8896-1c69f0fd7398]   Rendered shared/_match_card.html.erb (Duration: 1.8ms | Allocations: 252)
[cc81c007-1c82-497c-8896-1c69f0fd7398]   Rendered shared/_match_card.html.erb (Duration: 1.6ms | Allocations: 252)
[cc81c007-1c82-497c-8896-1c69f0fd7398]   Rendered shared/_match_card.html.erb (Duration: 1.2ms | Allocations: 252)
[cc81c007-1c82-497c-8896-1c69f0fd7398]   Rendered shared/_match_card.html.erb (Duration: 1.6ms | Allocations: 252)
[cc81c007-1c82-497c-8896-1c69f0fd7398]   Rendered shared/_match_card.html.erb (Duration: 2.3ms | Allocations: 252)
[cc81c007-1c82-497c-8896-1c69f0fd7398]   Rendered shared/_match_card.html.erb (Duration: 1.7ms | Allocations: 252)
[cc81c007-1c82-497c-8896-1c69f0fd7398]   Rendered shared/_match_card.html.erb (Duration: 1.6ms | Allocations: 252)
[cc81c007-1c82-497c-8896-1c69f0fd7398]   Rendered shared/_match_card.html.erb (Duration: 1.0ms | Allocations: 252)
[cc81c007-1c82-497c-8896-1c69f0fd7398]   Rendered shared/_match_card.html.erb (Duration: 2.5ms | Allocations: 252)
[cc81c007-1c82-497c-8896-1c69f0fd7398]   Rendered shared/_match_card.html.erb (Duration: 1.1ms | Allocations: 252)
[cc81c007-1c82-497c-8896-1c69f0fd7398]   Rendered shared/_match_card.html.erb (Duration: 1.2ms | Allocations: 252)
[cc81c007-1c82-497c-8896-1c69f0fd7398]   Rendered shared/_match_card.html.erb (Duration: 1.0ms | Allocations: 252)
[cc81c007-1c82-497c-8896-1c69f0fd7398]   Rendered shared/_match_card.html.erb (Duration: 1.4ms | Allocations: 252)
[cc81c007-1c82-497c-8896-1c69f0fd7398]   Rendered shared/_match_card.html.erb (Duration: 1.3ms | Allocations: 252)
[cc81c007-1c82-497c-8896-1c69f0fd7398]   Rendered shared/_match_card.html.erb (Duration: 1.5ms | Allocations: 252)
[cc81c007-1c82-497c-8896-1c69f0fd7398]   Rendered shared/_match_card.html.erb (Duration: 1.1ms | Allocations: 252)
[cc81c007-1c82-497c-8896-1c69f0fd7398]   Rendered shared/_match_card.html.erb (Duration: 1.1ms | Allocations: 252)
[cc81c007-1c82-497c-8896-1c69f0fd7398]   Rendered shared/_match_card.html.erb (Duration: 0.9ms | Allocations: 252)
[cc81c007-1c82-497c-8896-1c69f0fd7398]   Rendered shared/_match_card.html.erb (Duration: 1.0ms | Allocations: 252)
[cc81c007-1c82-497c-8896-1c69f0fd7398]   Rendered shared/_match_card.html.erb (Duration: 0.9ms | Allocations: 252)
[cc81c007-1c82-497c-8896-1c69f0fd7398]   Rendered shared/_match_card.html.erb (Duration: 0.8ms | Allocations: 252)
[cc81c007-1c82-497c-8896-1c69f0fd7398]   Rendered shared/_match_card.html.erb (Duration: 1.4ms | Allocations: 252)
[cc81c007-1c82-497c-8896-1c69f0fd7398]   Rendered shared/_match_card.html.erb (Duration: 2.0ms | Allocations: 252)
[cc81c007-1c82-497c-8896-1c69f0fd7398]   Rendered shared/_match_card.html.erb (Duration: 2.1ms | Allocations: 252)
[cc81c007-1c82-497c-8896-1c69f0fd7398]   Rendered shared/_match_card.html.erb (Duration: 2.2ms | Allocations: 252)
[cc81c007-1c82-497c-8896-1c69f0fd7398]   Rendered shared/_match_card.html.erb (Duration: 0.9ms | Allocations: 252)
[cc81c007-1c82-497c-8896-1c69f0fd7398]   Rendered shared/_match_card.html.erb (Duration: 3.0ms | Allocations: 252)
[cc81c007-1c82-497c-8896-1c69f0fd7398]   Rendered shared/_match_card.html.erb (Duration: 3.5ms | Allocations: 252)
[cc81c007-1c82-497c-8896-1c69f0fd7398]   Rendered shared/_match_card.html.erb (Duration: 2.3ms | Allocations: 252)
[cc81c007-1c82-497c-8896-1c69f0fd7398]   Rendered shared/_match_card.html.erb (Duration: 2.3ms | Allocations: 252)
[cc81c007-1c82-497c-8896-1c69f0fd7398]   Rendered shared/_match_card.html.erb (Duration: 1.8ms | Allocations: 252)
[cc81c007-1c82-497c-8896-1c69f0fd7398]   Rendered shared/_match_card.html.erb (Duration: 1.2ms | Allocations: 252)
[cc81c007-1c82-497c-8896-1c69f0fd7398]   Rendered shared/_match_card.html.erb (Duration: 1.4ms | Allocations: 252)
[cc81c007-1c82-497c-8896-1c69f0fd7398]   Rendered shared/_match_card.html.erb (Duration: 1.2ms | Allocations: 252)
[cc81c007-1c82-497c-8896-1c69f0fd7398]   Rendered shared/_match_card.html.erb (Duration: 1.2ms | Allocations: 252)
[cc81c007-1c82-497c-8896-1c69f0fd7398]   Rendered shared/_match_card.html.erb (Duration: 1.4ms | Allocations: 252)
[cc81c007-1c82-497c-8896-1c69f0fd7398]   Rendered matches/index.html.erb within layouts/application (Duration: 195.7ms | Allocations: 23971)
[cc81c007-1c82-497c-8896-1c69f0fd7398]   Rendered layout layouts/application.html.erb (Duration: 210.3ms | Allocations: 25709)
[cc81c007-1c82-497c-8896-1c69f0fd7398] Completed 200 OK in 606ms (Views: 215.4ms | Allocations: 28170)


[aad13b16-d464-482a-8335-4080ceee7871] Started GET "/groups" for ::1 at 2026-06-11 12:25:22 -0600
[aad13b16-d464-482a-8335-4080ceee7871] Processing by GroupsController#index as HTML
[aad13b16-d464-482a-8335-4080ceee7871]   Rendering layout layouts/application.html.erb
[aad13b16-d464-482a-8335-4080ceee7871]   Rendering groups/index.html.erb within layouts/application
[aad13b16-d464-482a-8335-4080ceee7871]   Rendered shared/_standings_table.html.erb (Duration: 2.8ms | Allocations: 384)
[aad13b16-d464-482a-8335-4080ceee7871]   Rendered shared/_standings_table.html.erb (Duration: 0.2ms | Allocations: 131)
[aad13b16-d464-482a-8335-4080ceee7871]   Rendered shared/_standings_table.html.erb (Duration: 0.2ms | Allocations: 131)
[aad13b16-d464-482a-8335-4080ceee7871]   Rendered shared/_standings_table.html.erb (Duration: 0.7ms | Allocations: 131)
[aad13b16-d464-482a-8335-4080ceee7871]   Rendered shared/_standings_table.html.erb (Duration: 0.1ms | Allocations: 131)
[aad13b16-d464-482a-8335-4080ceee7871]   Rendered shared/_standings_table.html.erb (Duration: 0.2ms | Allocations: 131)
[aad13b16-d464-482a-8335-4080ceee7871]   Rendered shared/_standings_table.html.erb (Duration: 0.2ms | Allocations: 131)
[aad13b16-d464-482a-8335-4080ceee7871]   Rendered shared/_standings_table.html.erb (Duration: 0.2ms | Allocations: 131)
[aad13b16-d464-482a-8335-4080ceee7871]   Rendered shared/_standings_table.html.erb (Duration: 0.2ms | Allocations: 131)
[aad13b16-d464-482a-8335-4080ceee7871]   Rendered shared/_standings_table.html.erb (Duration: 0.2ms | Allocations: 131)
[aad13b16-d464-482a-8335-4080ceee7871]   Rendered shared/_standings_table.html.erb (Duration: 0.2ms | Allocations: 131)
[aad13b16-d464-482a-8335-4080ceee7871]   Rendered shared/_standings_table.html.erb (Duration: 0.2ms | Allocations: 131)
[aad13b16-d464-482a-8335-4080ceee7871]   Rendered groups/index.html.erb within layouts/application (Duration: 30.0ms | Allocations: 4095)
[aad13b16-d464-482a-8335-4080ceee7871]   Rendered layout layouts/application.html.erb (Duration: 49.7ms | Allocations: 5832)
[aad13b16-d464-482a-8335-4080ceee7871] Completed 200 OK in 221ms (Views: 53.8ms | Allocations: 7891)


[d19cef8f-6a96-441e-9bdc-c956d95bcbb4] Started GET "/matches" for ::1 at 2026-06-11 12:25:29 -0600
[d19cef8f-6a96-441e-9bdc-c956d95bcbb4] Processing by MatchesController#index as HTML
[d19cef8f-6a96-441e-9bdc-c956d95bcbb4]   Rendering layout layouts/application.html.erb
[d19cef8f-6a96-441e-9bdc-c956d95bcbb4]   Rendering matches/index.html.erb within layouts/application
[d19cef8f-6a96-441e-9bdc-c956d95bcbb4]   Rendered shared/_match_card.html.erb (Duration: 0.1ms | Allocations: 31)
[d19cef8f-6a96-441e-9bdc-c956d95bcbb4]   Rendered shared/_match_card.html.erb (Duration: 3.1ms | Allocations: 528)
[d19cef8f-6a96-441e-9bdc-c956d95bcbb4]   Rendered shared/_match_card.html.erb (Duration: 0.9ms | Allocations: 252)
[d19cef8f-6a96-441e-9bdc-c956d95bcbb4]   Rendered shared/_match_card.html.erb (Duration: 0.7ms | Allocations: 252)
[d19cef8f-6a96-441e-9bdc-c956d95bcbb4]   Rendered shared/_match_card.html.erb (Duration: 0.7ms | Allocations: 252)
[d19cef8f-6a96-441e-9bdc-c956d95bcbb4]   Rendered shared/_match_card.html.erb (Duration: 0.6ms | Allocations: 252)
[d19cef8f-6a96-441e-9bdc-c956d95bcbb4]   Rendered shared/_match_card.html.erb (Duration: 2.7ms | Allocations: 252)
[d19cef8f-6a96-441e-9bdc-c956d95bcbb4]   Rendered shared/_match_card.html.erb (Duration: 1.3ms | Allocations: 252)
[d19cef8f-6a96-441e-9bdc-c956d95bcbb4]   Rendered shared/_match_card.html.erb (Duration: 1.6ms | Allocations: 252)
[d19cef8f-6a96-441e-9bdc-c956d95bcbb4]   Rendered shared/_match_card.html.erb (Duration: 1.5ms | Allocations: 252)
[d19cef8f-6a96-441e-9bdc-c956d95bcbb4]   Rendered shared/_match_card.html.erb (Duration: 2.7ms | Allocations: 252)
[d19cef8f-6a96-441e-9bdc-c956d95bcbb4]   Rendered shared/_match_card.html.erb (Duration: 6.9ms | Allocations: 252)
[d19cef8f-6a96-441e-9bdc-c956d95bcbb4]   Rendered shared/_match_card.html.erb (Duration: 1.2ms | Allocations: 252)
[d19cef8f-6a96-441e-9bdc-c956d95bcbb4]   Rendered shared/_match_card.html.erb (Duration: 3.5ms | Allocations: 252)
[d19cef8f-6a96-441e-9bdc-c956d95bcbb4]   Rendered shared/_match_card.html.erb (Duration: 0.9ms | Allocations: 252)
[d19cef8f-6a96-441e-9bdc-c956d95bcbb4]   Rendered shared/_match_card.html.erb (Duration: 1.1ms | Allocations: 252)
[d19cef8f-6a96-441e-9bdc-c956d95bcbb4]   Rendered shared/_match_card.html.erb (Duration: 1.9ms | Allocations: 252)
[d19cef8f-6a96-441e-9bdc-c956d95bcbb4]   Rendered shared/_match_card.html.erb (Duration: 1.1ms | Allocations: 252)
[d19cef8f-6a96-441e-9bdc-c956d95bcbb4]   Rendered shared/_match_card.html.erb (Duration: 1.0ms | Allocations: 253)
[d19cef8f-6a96-441e-9bdc-c956d95bcbb4]   Rendered shared/_match_card.html.erb (Duration: 2.4ms | Allocations: 252)
[d19cef8f-6a96-441e-9bdc-c956d95bcbb4]   Rendered shared/_match_card.html.erb (Duration: 1.6ms | Allocations: 252)
[d19cef8f-6a96-441e-9bdc-c956d95bcbb4]   Rendered shared/_match_card.html.erb (Duration: 0.6ms | Allocations: 252)
[d19cef8f-6a96-441e-9bdc-c956d95bcbb4]   Rendered shared/_match_card.html.erb (Duration: 0.6ms | Allocations: 252)
[d19cef8f-6a96-441e-9bdc-c956d95bcbb4]   Rendered shared/_match_card.html.erb (Duration: 0.5ms | Allocations: 252)
[d19cef8f-6a96-441e-9bdc-c956d95bcbb4]   Rendered shared/_match_card.html.erb (Duration: 2.7ms | Allocations: 252)
[d19cef8f-6a96-441e-9bdc-c956d95bcbb4]   Rendered shared/_match_card.html.erb (Duration: 1.0ms | Allocations: 252)
[d19cef8f-6a96-441e-9bdc-c956d95bcbb4]   Rendered shared/_match_card.html.erb (Duration: 0.9ms | Allocations: 252)
[d19cef8f-6a96-441e-9bdc-c956d95bcbb4]   Rendered shared/_match_card.html.erb (Duration: 1.3ms | Allocations: 252)
[d19cef8f-6a96-441e-9bdc-c956d95bcbb4]   Rendered shared/_match_card.html.erb (Duration: 1.1ms | Allocations: 252)
[d19cef8f-6a96-441e-9bdc-c956d95bcbb4]   Rendered shared/_match_card.html.erb (Duration: 1.0ms | Allocations: 252)
[d19cef8f-6a96-441e-9bdc-c956d95bcbb4]   Rendered shared/_match_card.html.erb (Duration: 1.7ms | Allocations: 252)
[d19cef8f-6a96-441e-9bdc-c956d95bcbb4]   Rendered shared/_match_card.html.erb (Duration: 2.5ms | Allocations: 252)
[d19cef8f-6a96-441e-9bdc-c956d95bcbb4]   Rendered shared/_match_card.html.erb (Duration: 1.4ms | Allocations: 252)
[d19cef8f-6a96-441e-9bdc-c956d95bcbb4]   Rendered shared/_match_card.html.erb (Duration: 0.7ms | Allocations: 252)
[d19cef8f-6a96-441e-9bdc-c956d95bcbb4]   Rendered shared/_match_card.html.erb (Duration: 0.6ms | Allocations: 252)
[d19cef8f-6a96-441e-9bdc-c956d95bcbb4]   Rendered shared/_match_card.html.erb (Duration: 0.6ms | Allocations: 252)
[d19cef8f-6a96-441e-9bdc-c956d95bcbb4]   Rendered shared/_match_card.html.erb (Duration: 1.9ms | Allocations: 252)
[d19cef8f-6a96-441e-9bdc-c956d95bcbb4]   Rendered shared/_match_card.html.erb (Duration: 1.1ms | Allocations: 252)
[d19cef8f-6a96-441e-9bdc-c956d95bcbb4]   Rendered shared/_match_card.html.erb (Duration: 0.7ms | Allocations: 252)
[d19cef8f-6a96-441e-9bdc-c956d95bcbb4]   Rendered shared/_match_card.html.erb (Duration: 1.1ms | Allocations: 252)
[d19cef8f-6a96-441e-9bdc-c956d95bcbb4]   Rendered shared/_match_card.html.erb (Duration: 1.2ms | Allocations: 252)
[d19cef8f-6a96-441e-9bdc-c956d95bcbb4]   Rendered shared/_match_card.html.erb (Duration: 1.5ms | Allocations: 252)
[d19cef8f-6a96-441e-9bdc-c956d95bcbb4]   Rendered shared/_match_card.html.erb (Duration: 1.1ms | Allocations: 252)
[d19cef8f-6a96-441e-9bdc-c956d95bcbb4]   Rendered shared/_match_card.html.erb (Duration: 0.9ms | Allocations: 252)
[d19cef8f-6a96-441e-9bdc-c956d95bcbb4]   Rendered shared/_match_card.html.erb (Duration: 2.4ms | Allocations: 252)
[d19cef8f-6a96-441e-9bdc-c956d95bcbb4]   Rendered shared/_match_card.html.erb (Duration: 0.9ms | Allocations: 252)
[d19cef8f-6a96-441e-9bdc-c956d95bcbb4]   Rendered shared/_match_card.html.erb (Duration: 0.6ms | Allocations: 252)
[d19cef8f-6a96-441e-9bdc-c956d95bcbb4]   Rendered shared/_match_card.html.erb (Duration: 0.7ms | Allocations: 252)
[d19cef8f-6a96-441e-9bdc-c956d95bcbb4]   Rendered shared/_match_card.html.erb (Duration: 0.7ms | Allocations: 252)
[d19cef8f-6a96-441e-9bdc-c956d95bcbb4]   Rendered shared/_match_card.html.erb (Duration: 2.1ms | Allocations: 252)
[d19cef8f-6a96-441e-9bdc-c956d95bcbb4]   Rendered shared/_match_card.html.erb (Duration: 1.1ms | Allocations: 252)
[d19cef8f-6a96-441e-9bdc-c956d95bcbb4]   Rendered shared/_match_card.html.erb (Duration: 1.0ms | Allocations: 252)
[d19cef8f-6a96-441e-9bdc-c956d95bcbb4]   Rendered shared/_match_card.html.erb (Duration: 0.7ms | Allocations: 252)
[d19cef8f-6a96-441e-9bdc-c956d95bcbb4]   Rendered shared/_match_card.html.erb (Duration: 0.7ms | Allocations: 252)
[d19cef8f-6a96-441e-9bdc-c956d95bcbb4]   Rendered shared/_match_card.html.erb (Duration: 1.2ms | Allocations: 252)
[d19cef8f-6a96-441e-9bdc-c956d95bcbb4]   Rendered shared/_match_card.html.erb (Duration: 1.1ms | Allocations: 252)
[d19cef8f-6a96-441e-9bdc-c956d95bcbb4]   Rendered shared/_match_card.html.erb (Duration: 0.6ms | Allocations: 252)
[d19cef8f-6a96-441e-9bdc-c956d95bcbb4]   Rendered shared/_match_card.html.erb (Duration: 0.9ms | Allocations: 252)
[d19cef8f-6a96-441e-9bdc-c956d95bcbb4]   Rendered shared/_match_card.html.erb (Duration: 0.7ms | Allocations: 252)
[d19cef8f-6a96-441e-9bdc-c956d95bcbb4]   Rendered shared/_match_card.html.erb (Duration: 1.7ms | Allocations: 252)
[d19cef8f-6a96-441e-9bdc-c956d95bcbb4]   Rendered shared/_match_card.html.erb (Duration: 2.2ms | Allocations: 252)
[d19cef8f-6a96-441e-9bdc-c956d95bcbb4]   Rendered shared/_match_card.html.erb (Duration: 1.0ms | Allocations: 252)
[d19cef8f-6a96-441e-9bdc-c956d95bcbb4]   Rendered shared/_match_card.html.erb (Duration: 1.9ms | Allocations: 252)
[d19cef8f-6a96-441e-9bdc-c956d95bcbb4]   Rendered shared/_match_card.html.erb (Duration: 1.0ms | Allocations: 252)
[d19cef8f-6a96-441e-9bdc-c956d95bcbb4]   Rendered shared/_match_card.html.erb (Duration: 1.0ms | Allocations: 252)
[d19cef8f-6a96-441e-9bdc-c956d95bcbb4]   Rendered shared/_match_card.html.erb (Duration: 0.9ms | Allocations: 252)
[d19cef8f-6a96-441e-9bdc-c956d95bcbb4]   Rendered shared/_match_card.html.erb (Duration: 1.5ms | Allocations: 252)
[d19cef8f-6a96-441e-9bdc-c956d95bcbb4]   Rendered shared/_match_card.html.erb (Duration: 2.5ms | Allocations: 252)
[d19cef8f-6a96-441e-9bdc-c956d95bcbb4]   Rendered shared/_match_card.html.erb (Duration: 0.8ms | Allocations: 252)
[d19cef8f-6a96-441e-9bdc-c956d95bcbb4]   Rendered shared/_match_card.html.erb (Duration: 0.9ms | Allocations: 252)
[d19cef8f-6a96-441e-9bdc-c956d95bcbb4]   Rendered shared/_match_card.html.erb (Duration: 1.7ms | Allocations: 252)
[d19cef8f-6a96-441e-9bdc-c956d95bcbb4]   Rendered shared/_match_card.html.erb (Duration: 0.6ms | Allocations: 252)
[d19cef8f-6a96-441e-9bdc-c956d95bcbb4]   Rendered matches/index.html.erb within layouts/application (Duration: 179.8ms | Allocations: 22966)
[d19cef8f-6a96-441e-9bdc-c956d95bcbb4]   Rendered layout layouts/application.html.erb (Duration: 191.7ms | Allocations: 24719)
[d19cef8f-6a96-441e-9bdc-c956d95bcbb4] Completed 200 OK in 652ms (Views: 194.0ms | Allocations: 27019)


[6ec4a554-a4e5-4259-9726-e9dab0a0049d] Started GET "/knockout" for ::1 at 2026-06-11 12:25:31 -0600
[6ec4a554-a4e5-4259-9726-e9dab0a0049d] Processing by KnockoutController#index as HTML
[6ec4a554-a4e5-4259-9726-e9dab0a0049d]   Rendering layout layouts/application.html.erb
[6ec4a554-a4e5-4259-9726-e9dab0a0049d]   Rendering knockout/index.html.erb within layouts/application
[6ec4a554-a4e5-4259-9726-e9dab0a0049d]   Rendered knockout/index.html.erb within layouts/application (Duration: 3.9ms | Allocations: 1174)
[6ec4a554-a4e5-4259-9726-e9dab0a0049d]   Rendered layout layouts/application.html.erb (Duration: 14.1ms | Allocations: 2912)
[6ec4a554-a4e5-4259-9726-e9dab0a0049d] Completed 200 OK in 249ms (Views: 18.1ms | Allocations: 4402)


[75a96375-490d-44fe-84c4-8decfe49e5f5] Started GET "/stats" for ::1 at 2026-06-11 12:25:33 -0600
[75a96375-490d-44fe-84c4-8decfe49e5f5] Processing by StatsController#index as HTML
[75a96375-490d-44fe-84c4-8decfe49e5f5]   Rendering layout layouts/application.html.erb
[75a96375-490d-44fe-84c4-8decfe49e5f5]   Rendering stats/index.html.erb within layouts/application
[75a96375-490d-44fe-84c4-8decfe49e5f5]   Rendered stats/index.html.erb within layouts/application (Duration: 1.9ms | Allocations: 741)
[75a96375-490d-44fe-84c4-8decfe49e5f5]   Rendered layout layouts/application.html.erb (Duration: 15.1ms | Allocations: 2499)
[75a96375-490d-44fe-84c4-8decfe49e5f5] Completed 200 OK in 26ms (Views: 20.2ms | Allocations: 2830)


[e7f805fc-eed9-49b5-8a03-9ce7bee5179a] Started GET "/admin" for ::1 at 2026-06-11 12:25:34 -0600
[e7f805fc-eed9-49b5-8a03-9ce7bee5179a] Processing by AdminController#index as HTML
[e7f805fc-eed9-49b5-8a03-9ce7bee5179a]   Rendering layout layouts/application.html.erb
[e7f805fc-eed9-49b5-8a03-9ce7bee5179a]   Rendering admin/index.html.erb within layouts/application
[e7f805fc-eed9-49b5-8a03-9ce7bee5179a]   Rendered admin/index.html.erb within layouts/application (Duration: 2.0ms | Allocations: 977)
[e7f805fc-eed9-49b5-8a03-9ce7bee5179a]   Rendered layout layouts/application.html.erb (Duration: 18.4ms | Allocations: 2735)
[e7f805fc-eed9-49b5-8a03-9ce7bee5179a] Completed 200 OK in 30ms (Views: 23.4ms | Allocations: 3067)


[2516859b-e016-4f7c-88ac-6bbc8765048b] Started GET "/matches" for ::1 at 2026-06-11 12:25:44 -0600
[2516859b-e016-4f7c-88ac-6bbc8765048b] Processing by MatchesController#index as HTML
[2516859b-e016-4f7c-88ac-6bbc8765048b]   Rendering layout layouts/application.html.erb
[2516859b-e016-4f7c-88ac-6bbc8765048b]   Rendering matches/index.html.erb within layouts/application
[2516859b-e016-4f7c-88ac-6bbc8765048b]   Rendered shared/_match_card.html.erb (Duration: 0.1ms | Allocations: 31)
[2516859b-e016-4f7c-88ac-6bbc8765048b]   Rendered shared/_match_card.html.erb (Duration: 2.0ms | Allocations: 535)
[2516859b-e016-4f7c-88ac-6bbc8765048b]   Rendered shared/_match_card.html.erb (Duration: 0.7ms | Allocations: 252)
[2516859b-e016-4f7c-88ac-6bbc8765048b]   Rendered shared/_match_card.html.erb (Duration: 1.1ms | Allocations: 252)
[2516859b-e016-4f7c-88ac-6bbc8765048b]   Rendered shared/_match_card.html.erb (Duration: 1.2ms | Allocations: 252)
[2516859b-e016-4f7c-88ac-6bbc8765048b]   Rendered shared/_match_card.html.erb (Duration: 0.8ms | Allocations: 252)
[2516859b-e016-4f7c-88ac-6bbc8765048b]   Rendered shared/_match_card.html.erb (Duration: 0.9ms | Allocations: 252)
[2516859b-e016-4f7c-88ac-6bbc8765048b]   Rendered shared/_match_card.html.erb (Duration: 1.1ms | Allocations: 252)
[2516859b-e016-4f7c-88ac-6bbc8765048b]   Rendered shared/_match_card.html.erb (Duration: 1.3ms | Allocations: 252)
[2516859b-e016-4f7c-88ac-6bbc8765048b]   Rendered shared/_match_card.html.erb (Duration: 1.8ms | Allocations: 252)
[2516859b-e016-4f7c-88ac-6bbc8765048b]   Rendered shared/_match_card.html.erb (Duration: 0.9ms | Allocations: 252)
[2516859b-e016-4f7c-88ac-6bbc8765048b]   Rendered shared/_match_card.html.erb (Duration: 0.7ms | Allocations: 252)
[2516859b-e016-4f7c-88ac-6bbc8765048b]   Rendered shared/_match_card.html.erb (Duration: 0.6ms | Allocations: 252)
[2516859b-e016-4f7c-88ac-6bbc8765048b]   Rendered shared/_match_card.html.erb (Duration: 1.7ms | Allocations: 252)
[2516859b-e016-4f7c-88ac-6bbc8765048b]   Rendered shared/_match_card.html.erb (Duration: 1.5ms | Allocations: 252)
[2516859b-e016-4f7c-88ac-6bbc8765048b]   Rendered shared/_match_card.html.erb (Duration: 0.8ms | Allocations: 252)
[2516859b-e016-4f7c-88ac-6bbc8765048b]   Rendered shared/_match_card.html.erb (Duration: 1.0ms | Allocations: 252)
[2516859b-e016-4f7c-88ac-6bbc8765048b]   Rendered shared/_match_card.html.erb (Duration: 1.3ms | Allocations: 252)
[2516859b-e016-4f7c-88ac-6bbc8765048b]   Rendered shared/_match_card.html.erb (Duration: 1.8ms | Allocations: 252)
[2516859b-e016-4f7c-88ac-6bbc8765048b]   Rendered shared/_match_card.html.erb (Duration: 0.9ms | Allocations: 252)
[2516859b-e016-4f7c-88ac-6bbc8765048b]   Rendered shared/_match_card.html.erb (Duration: 0.8ms | Allocations: 252)
[2516859b-e016-4f7c-88ac-6bbc8765048b]   Rendered shared/_match_card.html.erb (Duration: 1.8ms | Allocations: 252)
[2516859b-e016-4f7c-88ac-6bbc8765048b]   Rendered shared/_match_card.html.erb (Duration: 2.0ms | Allocations: 252)
[2516859b-e016-4f7c-88ac-6bbc8765048b]   Rendered shared/_match_card.html.erb (Duration: 1.0ms | Allocations: 252)
[2516859b-e016-4f7c-88ac-6bbc8765048b]   Rendered shared/_match_card.html.erb (Duration: 0.6ms | Allocations: 252)
[2516859b-e016-4f7c-88ac-6bbc8765048b]   Rendered shared/_match_card.html.erb (Duration: 2.0ms | Allocations: 252)
[2516859b-e016-4f7c-88ac-6bbc8765048b]   Rendered shared/_match_card.html.erb (Duration: 1.0ms | Allocations: 252)
[2516859b-e016-4f7c-88ac-6bbc8765048b]   Rendered shared/_match_card.html.erb (Duration: 0.7ms | Allocations: 252)
[2516859b-e016-4f7c-88ac-6bbc8765048b]   Rendered shared/_match_card.html.erb (Duration: 0.8ms | Allocations: 252)
[2516859b-e016-4f7c-88ac-6bbc8765048b]   Rendered shared/_match_card.html.erb (Duration: 1.0ms | Allocations: 252)
[2516859b-e016-4f7c-88ac-6bbc8765048b]   Rendered shared/_match_card.html.erb (Duration: 1.5ms | Allocations: 252)
[2516859b-e016-4f7c-88ac-6bbc8765048b]   Rendered shared/_match_card.html.erb (Duration: 1.3ms | Allocations: 252)
[2516859b-e016-4f7c-88ac-6bbc8765048b]   Rendered shared/_match_card.html.erb (Duration: 1.0ms | Allocations: 252)
[2516859b-e016-4f7c-88ac-6bbc8765048b]   Rendered shared/_match_card.html.erb (Duration: 0.7ms | Allocations: 252)
[2516859b-e016-4f7c-88ac-6bbc8765048b]   Rendered shared/_match_card.html.erb (Duration: 1.3ms | Allocations: 252)
[2516859b-e016-4f7c-88ac-6bbc8765048b]   Rendered shared/_match_card.html.erb (Duration: 1.0ms | Allocations: 252)
[2516859b-e016-4f7c-88ac-6bbc8765048b]   Rendered shared/_match_card.html.erb (Duration: 0.7ms | Allocations: 252)
[2516859b-e016-4f7c-88ac-6bbc8765048b]   Rendered shared/_match_card.html.erb (Duration: 0.7ms | Allocations: 252)
[2516859b-e016-4f7c-88ac-6bbc8765048b]   Rendered shared/_match_card.html.erb (Duration: 1.4ms | Allocations: 252)
[2516859b-e016-4f7c-88ac-6bbc8765048b]   Rendered shared/_match_card.html.erb (Duration: 1.8ms | Allocations: 252)
[2516859b-e016-4f7c-88ac-6bbc8765048b]   Rendered shared/_match_card.html.erb (Duration: 0.8ms | Allocations: 252)
[2516859b-e016-4f7c-88ac-6bbc8765048b]   Rendered shared/_match_card.html.erb (Duration: 0.8ms | Allocations: 252)
[2516859b-e016-4f7c-88ac-6bbc8765048b]   Rendered shared/_match_card.html.erb (Duration: 0.6ms | Allocations: 252)
[2516859b-e016-4f7c-88ac-6bbc8765048b]   Rendered shared/_match_card.html.erb (Duration: 1.5ms | Allocations: 252)
[2516859b-e016-4f7c-88ac-6bbc8765048b]   Rendered shared/_match_card.html.erb (Duration: 1.0ms | Allocations: 252)
[2516859b-e016-4f7c-88ac-6bbc8765048b]   Rendered shared/_match_card.html.erb (Duration: 0.7ms | Allocations: 252)
[2516859b-e016-4f7c-88ac-6bbc8765048b]   Rendered shared/_match_card.html.erb (Duration: 0.6ms | Allocations: 252)
[2516859b-e016-4f7c-88ac-6bbc8765048b]   Rendered shared/_match_card.html.erb (Duration: 2.1ms | Allocations: 252)
[2516859b-e016-4f7c-88ac-6bbc8765048b]   Rendered shared/_match_card.html.erb (Duration: 1.3ms | Allocations: 252)
[2516859b-e016-4f7c-88ac-6bbc8765048b]   Rendered shared/_match_card.html.erb (Duration: 1.3ms | Allocations: 252)
[2516859b-e016-4f7c-88ac-6bbc8765048b]   Rendered shared/_match_card.html.erb (Duration: 1.3ms | Allocations: 252)
[2516859b-e016-4f7c-88ac-6bbc8765048b]   Rendered shared/_match_card.html.erb (Duration: 1.7ms | Allocations: 252)
[2516859b-e016-4f7c-88ac-6bbc8765048b]   Rendered shared/_match_card.html.erb (Duration: 1.2ms | Allocations: 252)
[2516859b-e016-4f7c-88ac-6bbc8765048b]   Rendered shared/_match_card.html.erb (Duration: 0.8ms | Allocations: 252)
[2516859b-e016-4f7c-88ac-6bbc8765048b]   Rendered shared/_match_card.html.erb (Duration: 1.5ms | Allocations: 252)
[2516859b-e016-4f7c-88ac-6bbc8765048b]   Rendered shared/_match_card.html.erb (Duration: 1.8ms | Allocations: 252)
[2516859b-e016-4f7c-88ac-6bbc8765048b]   Rendered shared/_match_card.html.erb (Duration: 0.9ms | Allocations: 252)
[2516859b-e016-4f7c-88ac-6bbc8765048b]   Rendered shared/_match_card.html.erb (Duration: 1.4ms | Allocations: 252)
[2516859b-e016-4f7c-88ac-6bbc8765048b]   Rendered shared/_match_card.html.erb (Duration: 2.0ms | Allocations: 252)
[2516859b-e016-4f7c-88ac-6bbc8765048b]   Rendered shared/_match_card.html.erb (Duration: 1.8ms | Allocations: 252)
[2516859b-e016-4f7c-88ac-6bbc8765048b]   Rendered shared/_match_card.html.erb (Duration: 1.6ms | Allocations: 252)
[2516859b-e016-4f7c-88ac-6bbc8765048b]   Rendered shared/_match_card.html.erb (Duration: 2.1ms | Allocations: 252)
[2516859b-e016-4f7c-88ac-6bbc8765048b]   Rendered shared/_match_card.html.erb (Duration: 3.4ms | Allocations: 252)
[2516859b-e016-4f7c-88ac-6bbc8765048b]   Rendered shared/_match_card.html.erb (Duration: 0.6ms | Allocations: 252)
[2516859b-e016-4f7c-88ac-6bbc8765048b]   Rendered shared/_match_card.html.erb (Duration: 1.1ms | Allocations: 252)
[2516859b-e016-4f7c-88ac-6bbc8765048b]   Rendered shared/_match_card.html.erb (Duration: 1.3ms | Allocations: 252)
[2516859b-e016-4f7c-88ac-6bbc8765048b]   Rendered shared/_match_card.html.erb (Duration: 1.2ms | Allocations: 252)
[2516859b-e016-4f7c-88ac-6bbc8765048b]   Rendered shared/_match_card.html.erb (Duration: 1.0ms | Allocations: 252)
[2516859b-e016-4f7c-88ac-6bbc8765048b]   Rendered shared/_match_card.html.erb (Duration: 1.3ms | Allocations: 252)
[2516859b-e016-4f7c-88ac-6bbc8765048b]   Rendered shared/_match_card.html.erb (Duration: 3.1ms | Allocations: 252)
[2516859b-e016-4f7c-88ac-6bbc8765048b]   Rendered shared/_match_card.html.erb (Duration: 0.8ms | Allocations: 252)
[2516859b-e016-4f7c-88ac-6bbc8765048b]   Rendered shared/_match_card.html.erb (Duration: 3.7ms | Allocations: 252)
[2516859b-e016-4f7c-88ac-6bbc8765048b]   Rendered matches/index.html.erb within layouts/application (Duration: 154.6ms | Allocations: 22972)
[2516859b-e016-4f7c-88ac-6bbc8765048b]   Rendered layout layouts/application.html.erb (Duration: 176.4ms | Allocations: 24709)
[2516859b-e016-4f7c-88ac-6bbc8765048b] Completed 200 OK in 558ms (Views: 178.5ms | Allocations: 27004)


[9b2a8f4d-8760-448a-9f44-dc957bf168c0] Started GET "/knockout" for ::1 at 2026-06-11 12:25:46 -0600
[9b2a8f4d-8760-448a-9f44-dc957bf168c0] Processing by KnockoutController#index as HTML
[9b2a8f4d-8760-448a-9f44-dc957bf168c0]   Rendering layout layouts/application.html.erb
[9b2a8f4d-8760-448a-9f44-dc957bf168c0]   Rendering knockout/index.html.erb within layouts/application
[9b2a8f4d-8760-448a-9f44-dc957bf168c0]   Rendered knockout/index.html.erb within layouts/application (Duration: 0.3ms | Allocations: 50)
[9b2a8f4d-8760-448a-9f44-dc957bf168c0]   Rendered layout layouts/application.html.erb (Duration: 29.2ms | Allocations: 1788)
[9b2a8f4d-8760-448a-9f44-dc957bf168c0] Completed 200 OK in 260ms (Views: 30.4ms | Allocations: 3119)


[43cff63c-6f1f-456a-b0e6-609d3353360f] Started GET "/matches" for ::1 at 2026-06-11 12:25:48 -0600
[43cff63c-6f1f-456a-b0e6-609d3353360f] Processing by MatchesController#index as HTML
[43cff63c-6f1f-456a-b0e6-609d3353360f]   Rendering layout layouts/application.html.erb
[43cff63c-6f1f-456a-b0e6-609d3353360f]   Rendering matches/index.html.erb within layouts/application
[43cff63c-6f1f-456a-b0e6-609d3353360f]   Rendered shared/_match_card.html.erb (Duration: 0.1ms | Allocations: 31)
[43cff63c-6f1f-456a-b0e6-609d3353360f]   Rendered shared/_match_card.html.erb (Duration: 3.9ms | Allocations: 530)
[43cff63c-6f1f-456a-b0e6-609d3353360f]   Rendered shared/_match_card.html.erb (Duration: 0.8ms | Allocations: 252)
[43cff63c-6f1f-456a-b0e6-609d3353360f]   Rendered shared/_match_card.html.erb (Duration: 1.1ms | Allocations: 252)
[43cff63c-6f1f-456a-b0e6-609d3353360f]   Rendered shared/_match_card.html.erb (Duration: 0.9ms | Allocations: 252)
[43cff63c-6f1f-456a-b0e6-609d3353360f]   Rendered shared/_match_card.html.erb (Duration: 3.7ms | Allocations: 252)
[43cff63c-6f1f-456a-b0e6-609d3353360f]   Rendered shared/_match_card.html.erb (Duration: 0.7ms | Allocations: 252)
[43cff63c-6f1f-456a-b0e6-609d3353360f]   Rendered shared/_match_card.html.erb (Duration: 1.6ms | Allocations: 252)
[43cff63c-6f1f-456a-b0e6-609d3353360f]   Rendered shared/_match_card.html.erb (Duration: 3.7ms | Allocations: 252)
[43cff63c-6f1f-456a-b0e6-609d3353360f]   Rendered shared/_match_card.html.erb (Duration: 0.8ms | Allocations: 252)
[43cff63c-6f1f-456a-b0e6-609d3353360f]   Rendered shared/_match_card.html.erb (Duration: 1.3ms | Allocations: 252)
[43cff63c-6f1f-456a-b0e6-609d3353360f]   Rendered shared/_match_card.html.erb (Duration: 0.6ms | Allocations: 252)
[43cff63c-6f1f-456a-b0e6-609d3353360f]   Rendered shared/_match_card.html.erb (Duration: 2.7ms | Allocations: 252)
[43cff63c-6f1f-456a-b0e6-609d3353360f]   Rendered shared/_match_card.html.erb (Duration: 0.6ms | Allocations: 252)
[43cff63c-6f1f-456a-b0e6-609d3353360f]   Rendered shared/_match_card.html.erb (Duration: 1.9ms | Allocations: 252)
[43cff63c-6f1f-456a-b0e6-609d3353360f]   Rendered shared/_match_card.html.erb (Duration: 1.8ms | Allocations: 252)
[43cff63c-6f1f-456a-b0e6-609d3353360f]   Rendered shared/_match_card.html.erb (Duration: 1.8ms | Allocations: 252)
[43cff63c-6f1f-456a-b0e6-609d3353360f]   Rendered shared/_match_card.html.erb (Duration: 0.6ms | Allocations: 252)
[43cff63c-6f1f-456a-b0e6-609d3353360f]   Rendered shared/_match_card.html.erb (Duration: 2.4ms | Allocations: 252)
[43cff63c-6f1f-456a-b0e6-609d3353360f]   Rendered shared/_match_card.html.erb (Duration: 2.7ms | Allocations: 252)
[43cff63c-6f1f-456a-b0e6-609d3353360f]   Rendered shared/_match_card.html.erb (Duration: 0.8ms | Allocations: 252)
[43cff63c-6f1f-456a-b0e6-609d3353360f]   Rendered shared/_match_card.html.erb (Duration: 3.3ms | Allocations: 252)
[43cff63c-6f1f-456a-b0e6-609d3353360f]   Rendered shared/_match_card.html.erb (Duration: 3.2ms | Allocations: 252)
[43cff63c-6f1f-456a-b0e6-609d3353360f]   Rendered shared/_match_card.html.erb (Duration: 1.1ms | Allocations: 252)
[43cff63c-6f1f-456a-b0e6-609d3353360f]   Rendered shared/_match_card.html.erb (Duration: 3.1ms | Allocations: 252)
[43cff63c-6f1f-456a-b0e6-609d3353360f]   Rendered shared/_match_card.html.erb (Duration: 2.1ms | Allocations: 252)
[43cff63c-6f1f-456a-b0e6-609d3353360f]   Rendered shared/_match_card.html.erb (Duration: 3.2ms | Allocations: 252)
[43cff63c-6f1f-456a-b0e6-609d3353360f]   Rendered shared/_match_card.html.erb (Duration: 0.9ms | Allocations: 252)
[43cff63c-6f1f-456a-b0e6-609d3353360f]   Rendered shared/_match_card.html.erb (Duration: 2.0ms | Allocations: 252)
[43cff63c-6f1f-456a-b0e6-609d3353360f]   Rendered shared/_match_card.html.erb (Duration: 2.8ms | Allocations: 252)
[43cff63c-6f1f-456a-b0e6-609d3353360f]   Rendered shared/_match_card.html.erb (Duration: 0.8ms | Allocations: 252)
[43cff63c-6f1f-456a-b0e6-609d3353360f]   Rendered shared/_match_card.html.erb (Duration: 3.3ms | Allocations: 252)
[43cff63c-6f1f-456a-b0e6-609d3353360f]   Rendered shared/_match_card.html.erb (Duration: 1.0ms | Allocations: 252)
[43cff63c-6f1f-456a-b0e6-609d3353360f]   Rendered shared/_match_card.html.erb (Duration: 1.9ms | Allocations: 252)
[43cff63c-6f1f-456a-b0e6-609d3353360f]   Rendered shared/_match_card.html.erb (Duration: 0.9ms | Allocations: 252)
[43cff63c-6f1f-456a-b0e6-609d3353360f]   Rendered shared/_match_card.html.erb (Duration: 1.1ms | Allocations: 252)
[43cff63c-6f1f-456a-b0e6-609d3353360f]   Rendered shared/_match_card.html.erb (Duration: 2.8ms | Allocations: 252)
[43cff63c-6f1f-456a-b0e6-609d3353360f]   Rendered shared/_match_card.html.erb (Duration: 1.7ms | Allocations: 252)
[43cff63c-6f1f-456a-b0e6-609d3353360f]   Rendered shared/_match_card.html.erb (Duration: 1.2ms | Allocations: 252)
[43cff63c-6f1f-456a-b0e6-609d3353360f]   Rendered shared/_match_card.html.erb (Duration: 1.6ms | Allocations: 252)
[43cff63c-6f1f-456a-b0e6-609d3353360f]   Rendered shared/_match_card.html.erb (Duration: 1.1ms | Allocations: 252)
[43cff63c-6f1f-456a-b0e6-609d3353360f]   Rendered shared/_match_card.html.erb (Duration: 1.9ms | Allocations: 252)
[43cff63c-6f1f-456a-b0e6-609d3353360f]   Rendered shared/_match_card.html.erb (Duration: 0.5ms | Allocations: 252)
[43cff63c-6f1f-456a-b0e6-609d3353360f]   Rendered shared/_match_card.html.erb (Duration: 5.4ms | Allocations: 252)
[43cff63c-6f1f-456a-b0e6-609d3353360f]   Rendered shared/_match_card.html.erb (Duration: 3.1ms | Allocations: 253)
[43cff63c-6f1f-456a-b0e6-609d3353360f]   Rendered shared/_match_card.html.erb (Duration: 1.2ms | Allocations: 252)
[43cff63c-6f1f-456a-b0e6-609d3353360f]   Rendered shared/_match_card.html.erb (Duration: 0.8ms | Allocations: 252)
[43cff63c-6f1f-456a-b0e6-609d3353360f]   Rendered shared/_match_card.html.erb (Duration: 0.7ms | Allocations: 252)
[43cff63c-6f1f-456a-b0e6-609d3353360f]   Rendered shared/_match_card.html.erb (Duration: 1.0ms | Allocations: 252)
[43cff63c-6f1f-456a-b0e6-609d3353360f]   Rendered shared/_match_card.html.erb (Duration: 1.1ms | Allocations: 252)
[43cff63c-6f1f-456a-b0e6-609d3353360f]   Rendered shared/_match_card.html.erb (Duration: 1.0ms | Allocations: 252)
[43cff63c-6f1f-456a-b0e6-609d3353360f]   Rendered shared/_match_card.html.erb (Duration: 0.9ms | Allocations: 252)
[43cff63c-6f1f-456a-b0e6-609d3353360f]   Rendered shared/_match_card.html.erb (Duration: 0.7ms | Allocations: 252)
[43cff63c-6f1f-456a-b0e6-609d3353360f]   Rendered shared/_match_card.html.erb (Duration: 0.6ms | Allocations: 252)
[43cff63c-6f1f-456a-b0e6-609d3353360f]   Rendered shared/_match_card.html.erb (Duration: 0.7ms | Allocations: 252)
[43cff63c-6f1f-456a-b0e6-609d3353360f]   Rendered shared/_match_card.html.erb (Duration: 1.3ms | Allocations: 252)
[43cff63c-6f1f-456a-b0e6-609d3353360f]   Rendered shared/_match_card.html.erb (Duration: 0.9ms | Allocations: 252)
[43cff63c-6f1f-456a-b0e6-609d3353360f]   Rendered shared/_match_card.html.erb (Duration: 1.5ms | Allocations: 252)
[43cff63c-6f1f-456a-b0e6-609d3353360f]   Rendered shared/_match_card.html.erb (Duration: 0.7ms | Allocations: 252)
[43cff63c-6f1f-456a-b0e6-609d3353360f]   Rendered shared/_match_card.html.erb (Duration: 1.3ms | Allocations: 252)
[43cff63c-6f1f-456a-b0e6-609d3353360f]   Rendered shared/_match_card.html.erb (Duration: 1.0ms | Allocations: 252)
[43cff63c-6f1f-456a-b0e6-609d3353360f]   Rendered shared/_match_card.html.erb (Duration: 0.7ms | Allocations: 252)
[43cff63c-6f1f-456a-b0e6-609d3353360f]   Rendered shared/_match_card.html.erb (Duration: 0.6ms | Allocations: 252)
[43cff63c-6f1f-456a-b0e6-609d3353360f]   Rendered shared/_match_card.html.erb (Duration: 1.5ms | Allocations: 252)
[43cff63c-6f1f-456a-b0e6-609d3353360f]   Rendered shared/_match_card.html.erb (Duration: 1.0ms | Allocations: 252)
[43cff63c-6f1f-456a-b0e6-609d3353360f]   Rendered shared/_match_card.html.erb (Duration: 1.1ms | Allocations: 252)
[43cff63c-6f1f-456a-b0e6-609d3353360f]   Rendered shared/_match_card.html.erb (Duration: 0.9ms | Allocations: 252)
[43cff63c-6f1f-456a-b0e6-609d3353360f]   Rendered shared/_match_card.html.erb (Duration: 0.7ms | Allocations: 252)
[43cff63c-6f1f-456a-b0e6-609d3353360f]   Rendered shared/_match_card.html.erb (Duration: 0.5ms | Allocations: 252)
[43cff63c-6f1f-456a-b0e6-609d3353360f]   Rendered shared/_match_card.html.erb (Duration: 0.5ms | Allocations: 252)
[43cff63c-6f1f-456a-b0e6-609d3353360f]   Rendered shared/_match_card.html.erb (Duration: 1.7ms | Allocations: 252)
[43cff63c-6f1f-456a-b0e6-609d3353360f]   Rendered shared/_match_card.html.erb (Duration: 0.9ms | Allocations: 252)
[43cff63c-6f1f-456a-b0e6-609d3353360f]   Rendered matches/index.html.erb within layouts/application (Duration: 173.8ms | Allocations: 22968)
[43cff63c-6f1f-456a-b0e6-609d3353360f]   Rendered layout layouts/application.html.erb (Duration: 187.2ms | Allocations: 24711)
[43cff63c-6f1f-456a-b0e6-609d3353360f] Completed 200 OK in 561ms (Views: 188.5ms | Allocations: 27006)


[56f1368b-b459-4aec-807d-8c347be1f1d6] Started GET "/" for ::1 at 2026-06-11 12:25:50 -0600
[56f1368b-b459-4aec-807d-8c347be1f1d6] Processing by DashboardController#index as HTML
[56f1368b-b459-4aec-807d-8c347be1f1d6]   Rendering layout layouts/application.html.erb
[56f1368b-b459-4aec-807d-8c347be1f1d6]   Rendering dashboard/index.html.erb within layouts/application
[56f1368b-b459-4aec-807d-8c347be1f1d6]   Rendered dashboard/index.html.erb within layouts/application (Duration: 0.3ms | Allocations: 195)
[56f1368b-b459-4aec-807d-8c347be1f1d6]   Rendered layout layouts/application.html.erb (Duration: 8.3ms | Allocations: 1931)
[56f1368b-b459-4aec-807d-8c347be1f1d6] Completed 200 OK in 224ms (Views: 9.4ms | Allocations: 3284)


[87e016e5-7fb4-4230-b239-e3b20cef075d] Started GET "/" for ::1 at 2026-06-11 12:57:59 -0600
[87e016e5-7fb4-4230-b239-e3b20cef075d] Processing by DashboardController#index as HTML
[87e016e5-7fb4-4230-b239-e3b20cef075d]   Rendering layout layouts/application.html.erb
[87e016e5-7fb4-4230-b239-e3b20cef075d]   Rendering dashboard/index.html.erb within layouts/application
[87e016e5-7fb4-4230-b239-e3b20cef075d]   Rendered dashboard/index.html.erb within layouts/application (Duration: 5.5ms | Allocations: 616)
[87e016e5-7fb4-4230-b239-e3b20cef075d]   Rendered layout layouts/application.html.erb (Duration: 32.7ms | Allocations: 3027)
[87e016e5-7fb4-4230-b239-e3b20cef075d] Completed 200 OK in 319ms (Views: 44.2ms | Allocations: 5180)


[cd985898-15fe-466d-a702-f992aa709ef3] Started GET "/knockout" for ::1 at 2026-06-11 12:59:06 -0600
[cd985898-15fe-466d-a702-f992aa709ef3] Processing by KnockoutController#index as HTML
[cd985898-15fe-466d-a702-f992aa709ef3]   Rendering layout layouts/application.html.erb
[cd985898-15fe-466d-a702-f992aa709ef3]   Rendering knockout/index.html.erb within layouts/application
[cd985898-15fe-466d-a702-f992aa709ef3]   Rendered knockout/index.html.erb within layouts/application (Duration: 3.3ms | Allocations: 1018)
[cd985898-15fe-466d-a702-f992aa709ef3]   Rendered layout layouts/application.html.erb (Duration: 17.0ms | Allocations: 3100)
[cd985898-15fe-466d-a702-f992aa709ef3] Completed 200 OK in 287ms (Views: 21.8ms | Allocations: 4587)


[6dabf2df-28c8-4f89-89a4-0380fd5a2f0c] Started GET "/admin" for ::1 at 2026-06-11 12:59:09 -0600
[6dabf2df-28c8-4f89-89a4-0380fd5a2f0c] Processing by AdminController#index as HTML
[6dabf2df-28c8-4f89-89a4-0380fd5a2f0c]   Rendering layout layouts/application.html.erb
[6dabf2df-28c8-4f89-89a4-0380fd5a2f0c]   Rendering admin/index.html.erb within layouts/application
[6dabf2df-28c8-4f89-89a4-0380fd5a2f0c]   Rendered admin/index.html.erb within layouts/application (Duration: 7.7ms | Allocations: 1357)
[6dabf2df-28c8-4f89-89a4-0380fd5a2f0c]   Rendered layout layouts/application.html.erb (Duration: 23.4ms | Allocations: 3147)
[6dabf2df-28c8-4f89-89a4-0380fd5a2f0c] Completed 200 OK in 722ms (Views: 29.4ms | Allocations: 5423)


[f973d860-9c3b-456d-8d86-d6e2539fc400] Started POST "/admin/simulate" for ::1 at 2026-06-11 12:59:12 -0600
[f973d860-9c3b-456d-8d86-d6e2539fc400] Processing by AdminController#simulate as HTML
[f973d860-9c3b-456d-8d86-d6e2539fc400]   Parameters: {"authenticity_token" => "7i1PUfA9e1e18r6AS5KVkNM036knU_hiToyYNQLUam6MIzHXBVXY2Gndr3z-Ep7RDXiPPFeMqwWBs8z7szaulw", "button" => ""}
[f973d860-9c3b-456d-8d86-d6e2539fc400] Redirected to http://localhost:4000/admin
[f973d860-9c3b-456d-8d86-d6e2539fc400] Completed 302 Found in 1592ms (Allocations: 978)


[f4c3b2d7-30e3-4902-94a5-cbdb73ef0254] Started GET "/admin" for ::1 at 2026-06-11 12:59:13 -0600
[f4c3b2d7-30e3-4902-94a5-cbdb73ef0254] Processing by AdminController#index as HTML
[f4c3b2d7-30e3-4902-94a5-cbdb73ef0254]   Rendering layout layouts/application.html.erb
[f4c3b2d7-30e3-4902-94a5-cbdb73ef0254]   Rendering admin/index.html.erb within layouts/application
[f4c3b2d7-30e3-4902-94a5-cbdb73ef0254]   Rendered admin/index.html.erb within layouts/application (Duration: 1.3ms | Allocations: 543)
[f4c3b2d7-30e3-4902-94a5-cbdb73ef0254]   Rendered layout layouts/application.html.erb (Duration: 11.1ms | Allocations: 2335)
[f4c3b2d7-30e3-4902-94a5-cbdb73ef0254] Completed 200 OK in 347ms (Views: 12.6ms | Allocations: 4450)


[4d116f40-b5f1-46f6-9757-395dc5567f2f] Started GET "/matches" for ::1 at 2026-06-11 12:59:17 -0600
[4d116f40-b5f1-46f6-9757-395dc5567f2f] Processing by MatchesController#index as HTML
[4d116f40-b5f1-46f6-9757-395dc5567f2f]   Rendering layout layouts/application.html.erb
[4d116f40-b5f1-46f6-9757-395dc5567f2f]   Rendering matches/index.html.erb within layouts/application
[4d116f40-b5f1-46f6-9757-395dc5567f2f]   Rendered shared/_match_card.html.erb (Duration: 2.3ms | Allocations: 631)
[4d116f40-b5f1-46f6-9757-395dc5567f2f]   Rendered shared/_match_card.html.erb (Duration: 0.8ms | Allocations: 30)
[4d116f40-b5f1-46f6-9757-395dc5567f2f]   Rendered shared/_match_card.html.erb (Duration: 0.1ms | Allocations: 29)
[4d116f40-b5f1-46f6-9757-395dc5567f2f]   Rendered shared/_match_card.html.erb (Duration: 0.4ms | Allocations: 29)
[4d116f40-b5f1-46f6-9757-395dc5567f2f]   Rendered shared/_match_card.html.erb (Duration: 0.1ms | Allocations: 29)
[4d116f40-b5f1-46f6-9757-395dc5567f2f]   Rendered shared/_match_card.html.erb (Duration: 0.1ms | Allocations: 26)
[4d116f40-b5f1-46f6-9757-395dc5567f2f]   Rendered shared/_match_card.html.erb (Duration: 0.1ms | Allocations: 29)
[4d116f40-b5f1-46f6-9757-395dc5567f2f]   Rendered shared/_match_card.html.erb (Duration: 0.1ms | Allocations: 30)
[4d116f40-b5f1-46f6-9757-395dc5567f2f]   Rendered shared/_match_card.html.erb (Duration: 0.3ms | Allocations: 29)
[4d116f40-b5f1-46f6-9757-395dc5567f2f]   Rendered shared/_match_card.html.erb (Duration: 0.1ms | Allocations: 29)
[4d116f40-b5f1-46f6-9757-395dc5567f2f]   Rendered shared/_match_card.html.erb (Duration: 0.1ms | Allocations: 26)
[4d116f40-b5f1-46f6-9757-395dc5567f2f]   Rendered shared/_match_card.html.erb (Duration: 0.1ms | Allocations: 29)
[4d116f40-b5f1-46f6-9757-395dc5567f2f]   Rendered shared/_match_card.html.erb (Duration: 0.1ms | Allocations: 28)
[4d116f40-b5f1-46f6-9757-395dc5567f2f]   Rendered shared/_match_card.html.erb (Duration: 0.1ms | Allocations: 29)
[4d116f40-b5f1-46f6-9757-395dc5567f2f]   Rendered shared/_match_card.html.erb (Duration: 0.1ms | Allocations: 28)
[4d116f40-b5f1-46f6-9757-395dc5567f2f]   Rendered shared/_match_card.html.erb (Duration: 0.1ms | Allocations: 29)
[4d116f40-b5f1-46f6-9757-395dc5567f2f]   Rendered shared/_match_card.html.erb (Duration: 0.1ms | Allocations: 29)
[4d116f40-b5f1-46f6-9757-395dc5567f2f]   Rendered shared/_match_card.html.erb (Duration: 0.1ms | Allocations: 29)
[4d116f40-b5f1-46f6-9757-395dc5567f2f]   Rendered shared/_match_card.html.erb (Duration: 0.1ms | Allocations: 28)
[4d116f40-b5f1-46f6-9757-395dc5567f2f]   Rendered shared/_match_card.html.erb (Duration: 0.1ms | Allocations: 28)
[4d116f40-b5f1-46f6-9757-395dc5567f2f]   Rendered shared/_match_card.html.erb (Duration: 0.1ms | Allocations: 29)
[4d116f40-b5f1-46f6-9757-395dc5567f2f]   Rendered shared/_match_card.html.erb (Duration: 0.1ms | Allocations: 28)
[4d116f40-b5f1-46f6-9757-395dc5567f2f]   Rendered shared/_match_card.html.erb (Duration: 0.1ms | Allocations: 29)
[4d116f40-b5f1-46f6-9757-395dc5567f2f]   Rendered shared/_match_card.html.erb (Duration: 0.1ms | Allocations: 28)
[4d116f40-b5f1-46f6-9757-395dc5567f2f]   Rendered shared/_match_card.html.erb (Duration: 0.1ms | Allocations: 26)
[4d116f40-b5f1-46f6-9757-395dc5567f2f]   Rendered shared/_match_card.html.erb (Duration: 0.1ms | Allocations: 28)
[4d116f40-b5f1-46f6-9757-395dc5567f2f]   Rendered shared/_match_card.html.erb (Duration: 0.1ms | Allocations: 29)
[4d116f40-b5f1-46f6-9757-395dc5567f2f]   Rendered shared/_match_card.html.erb (Duration: 0.1ms | Allocations: 29)
[4d116f40-b5f1-46f6-9757-395dc5567f2f]   Rendered shared/_match_card.html.erb (Duration: 0.1ms | Allocations: 28)
[4d116f40-b5f1-46f6-9757-395dc5567f2f]   Rendered shared/_match_card.html.erb (Duration: 0.1ms | Allocations: 28)
[4d116f40-b5f1-46f6-9757-395dc5567f2f]   Rendered shared/_match_card.html.erb (Duration: 0.1ms | Allocations: 29)
[4d116f40-b5f1-46f6-9757-395dc5567f2f]   Rendered shared/_match_card.html.erb (Duration: 0.1ms | Allocations: 29)
[4d116f40-b5f1-46f6-9757-395dc5567f2f]   Rendered shared/_match_card.html.erb (Duration: 0.1ms | Allocations: 26)
[4d116f40-b5f1-46f6-9757-395dc5567f2f]   Rendered shared/_match_card.html.erb (Duration: 0.1ms | Allocations: 28)
[4d116f40-b5f1-46f6-9757-395dc5567f2f]   Rendered shared/_match_card.html.erb (Duration: 0.1ms | Allocations: 30)
[4d116f40-b5f1-46f6-9757-395dc5567f2f]   Rendered shared/_match_card.html.erb (Duration: 0.1ms | Allocations: 28)
[4d116f40-b5f1-46f6-9757-395dc5567f2f]   Rendered shared/_match_card.html.erb (Duration: 0.1ms | Allocations: 28)
[4d116f40-b5f1-46f6-9757-395dc5567f2f]   Rendered shared/_match_card.html.erb (Duration: 0.1ms | Allocations: 30)
[4d116f40-b5f1-46f6-9757-395dc5567f2f]   Rendered shared/_match_card.html.erb (Duration: 0.1ms | Allocations: 29)
[4d116f40-b5f1-46f6-9757-395dc5567f2f]   Rendered shared/_match_card.html.erb (Duration: 0.1ms | Allocations: 29)
[4d116f40-b5f1-46f6-9757-395dc5567f2f]   Rendered shared/_match_card.html.erb (Duration: 0.1ms | Allocations: 29)
[4d116f40-b5f1-46f6-9757-395dc5567f2f]   Rendered shared/_match_card.html.erb (Duration: 0.2ms | Allocations: 26)
[4d116f40-b5f1-46f6-9757-395dc5567f2f]   Rendered shared/_match_card.html.erb (Duration: 0.1ms | Allocations: 26)
[4d116f40-b5f1-46f6-9757-395dc5567f2f]   Rendered shared/_match_card.html.erb (Duration: 0.1ms | Allocations: 29)
[4d116f40-b5f1-46f6-9757-395dc5567f2f]   Rendered shared/_match_card.html.erb (Duration: 0.1ms | Allocations: 26)
[4d116f40-b5f1-46f6-9757-395dc5567f2f]   Rendered shared/_match_card.html.erb (Duration: 0.1ms | Allocations: 29)
[4d116f40-b5f1-46f6-9757-395dc5567f2f]   Rendered shared/_match_card.html.erb (Duration: 0.1ms | Allocations: 28)
[4d116f40-b5f1-46f6-9757-395dc5567f2f]   Rendered shared/_match_card.html.erb (Duration: 0.1ms | Allocations: 28)
[4d116f40-b5f1-46f6-9757-395dc5567f2f]   Rendered shared/_match_card.html.erb (Duration: 0.1ms | Allocations: 26)
[4d116f40-b5f1-46f6-9757-395dc5567f2f]   Rendered shared/_match_card.html.erb (Duration: 0.1ms | Allocations: 28)
[4d116f40-b5f1-46f6-9757-395dc5567f2f]   Rendered shared/_match_card.html.erb (Duration: 0.0ms | Allocations: 29)
[4d116f40-b5f1-46f6-9757-395dc5567f2f]   Rendered shared/_match_card.html.erb (Duration: 0.0ms | Allocations: 28)
[4d116f40-b5f1-46f6-9757-395dc5567f2f]   Rendered shared/_match_card.html.erb (Duration: 0.1ms | Allocations: 28)
[4d116f40-b5f1-46f6-9757-395dc5567f2f]   Rendered shared/_match_card.html.erb (Duration: 0.1ms | Allocations: 28)
[4d116f40-b5f1-46f6-9757-395dc5567f2f]   Rendered shared/_match_card.html.erb (Duration: 0.1ms | Allocations: 28)
[4d116f40-b5f1-46f6-9757-395dc5567f2f]   Rendered shared/_match_card.html.erb (Duration: 0.3ms | Allocations: 29)
[4d116f40-b5f1-46f6-9757-395dc5567f2f]   Rendered shared/_match_card.html.erb (Duration: 0.1ms | Allocations: 29)
[4d116f40-b5f1-46f6-9757-395dc5567f2f]   Rendered shared/_match_card.html.erb (Duration: 0.1ms | Allocations: 28)
[4d116f40-b5f1-46f6-9757-395dc5567f2f]   Rendered shared/_match_card.html.erb (Duration: 0.1ms | Allocations: 29)
[4d116f40-b5f1-46f6-9757-395dc5567f2f]   Rendered shared/_match_card.html.erb (Duration: 0.1ms | Allocations: 28)
[4d116f40-b5f1-46f6-9757-395dc5567f2f]   Rendered shared/_match_card.html.erb (Duration: 0.1ms | Allocations: 28)
[4d116f40-b5f1-46f6-9757-395dc5567f2f]   Rendered shared/_match_card.html.erb (Duration: 0.1ms | Allocations: 29)
[4d116f40-b5f1-46f6-9757-395dc5567f2f]   Rendered shared/_match_card.html.erb (Duration: 0.1ms | Allocations: 26)
[4d116f40-b5f1-46f6-9757-395dc5567f2f]   Rendered shared/_match_card.html.erb (Duration: 0.1ms | Allocations: 30)
[4d116f40-b5f1-46f6-9757-395dc5567f2f]   Rendered shared/_match_card.html.erb (Duration: 0.1ms | Allocations: 29)
[4d116f40-b5f1-46f6-9757-395dc5567f2f]   Rendered shared/_match_card.html.erb (Duration: 0.1ms | Allocations: 28)
[4d116f40-b5f1-46f6-9757-395dc5567f2f]   Rendered shared/_match_card.html.erb (Duration: 0.1ms | Allocations: 26)
[4d116f40-b5f1-46f6-9757-395dc5567f2f]   Rendered shared/_match_card.html.erb (Duration: 0.1ms | Allocations: 29)
[4d116f40-b5f1-46f6-9757-395dc5567f2f]   Rendered shared/_match_card.html.erb (Duration: 0.1ms | Allocations: 30)
[4d116f40-b5f1-46f6-9757-395dc5567f2f]   Rendered shared/_match_card.html.erb (Duration: 0.1ms | Allocations: 28)
[4d116f40-b5f1-46f6-9757-395dc5567f2f]   Rendered shared/_match_card.html.erb (Duration: 0.1ms | Allocations: 29)
[4d116f40-b5f1-46f6-9757-395dc5567f2f]   Rendered shared/_match_card.html.erb (Duration: 0.1ms | Allocations: 28)
[4d116f40-b5f1-46f6-9757-395dc5567f2f]   Rendered matches/index.html.erb within layouts/application (Duration: 65.6ms | Allocations: 7762)
[4d116f40-b5f1-46f6-9757-395dc5567f2f]   Rendered layout layouts/application.html.erb (Duration: 80.5ms | Allocations: 9846)
[4d116f40-b5f1-46f6-9757-395dc5567f2f] Completed 200 OK in 532ms (Views: 84.7ms | Allocations: 12770)


[3c2a0082-2ce1-428a-8956-721f2cf4f3b0] Started GET "/matches?group=B" for ::1 at 2026-06-11 12:59:19 -0600
[3c2a0082-2ce1-428a-8956-721f2cf4f3b0] Processing by MatchesController#index as HTML
[3c2a0082-2ce1-428a-8956-721f2cf4f3b0]   Parameters: {"group" => "B"}
[3c2a0082-2ce1-428a-8956-721f2cf4f3b0]   Rendering layout layouts/application.html.erb
[3c2a0082-2ce1-428a-8956-721f2cf4f3b0]   Rendering matches/index.html.erb within layouts/application
[3c2a0082-2ce1-428a-8956-721f2cf4f3b0]   Rendered shared/_match_card.html.erb (Duration: 0.1ms | Allocations: 30)
[3c2a0082-2ce1-428a-8956-721f2cf4f3b0]   Rendered shared/_match_card.html.erb (Duration: 0.1ms | Allocations: 30)
[3c2a0082-2ce1-428a-8956-721f2cf4f3b0]   Rendered shared/_match_card.html.erb (Duration: 0.1ms | Allocations: 29)
[3c2a0082-2ce1-428a-8956-721f2cf4f3b0]   Rendered shared/_match_card.html.erb (Duration: 0.1ms | Allocations: 29)
[3c2a0082-2ce1-428a-8956-721f2cf4f3b0]   Rendered shared/_match_card.html.erb (Duration: 0.1ms | Allocations: 26)
[3c2a0082-2ce1-428a-8956-721f2cf4f3b0]   Rendered shared/_match_card.html.erb (Duration: 0.1ms | Allocations: 29)
[3c2a0082-2ce1-428a-8956-721f2cf4f3b0]   Rendered matches/index.html.erb within layouts/application (Duration: 4.4ms | Allocations: 1329)
[3c2a0082-2ce1-428a-8956-721f2cf4f3b0]   Rendered layout layouts/application.html.erb (Duration: 17.0ms | Allocations: 3391)
[3c2a0082-2ce1-428a-8956-721f2cf4f3b0] Completed 200 OK in 473ms (Views: 18.6ms | Allocations: 4851)


[93f98c9e-fa4d-48c9-a917-b21dfb1ba1a4] Started GET "/matches?group=G" for ::1 at 2026-06-11 12:59:21 -0600
[93f98c9e-fa4d-48c9-a917-b21dfb1ba1a4] Processing by MatchesController#index as HTML
[93f98c9e-fa4d-48c9-a917-b21dfb1ba1a4]   Parameters: {"group" => "G"}
[93f98c9e-fa4d-48c9-a917-b21dfb1ba1a4]   Rendering layout layouts/application.html.erb
[93f98c9e-fa4d-48c9-a917-b21dfb1ba1a4]   Rendering matches/index.html.erb within layouts/application
[93f98c9e-fa4d-48c9-a917-b21dfb1ba1a4]   Rendered shared/_match_card.html.erb (Duration: 0.1ms | Allocations: 29)
[93f98c9e-fa4d-48c9-a917-b21dfb1ba1a4]   Rendered shared/_match_card.html.erb (Duration: 0.1ms | Allocations: 30)
[93f98c9e-fa4d-48c9-a917-b21dfb1ba1a4]   Rendered shared/_match_card.html.erb (Duration: 0.1ms | Allocations: 29)
[93f98c9e-fa4d-48c9-a917-b21dfb1ba1a4]   Rendered shared/_match_card.html.erb (Duration: 0.1ms | Allocations: 29)
[93f98c9e-fa4d-48c9-a917-b21dfb1ba1a4]   Rendered shared/_match_card.html.erb (Duration: 0.2ms | Allocations: 29)
[93f98c9e-fa4d-48c9-a917-b21dfb1ba1a4]   Rendered shared/_match_card.html.erb (Duration: 0.1ms | Allocations: 26)
[93f98c9e-fa4d-48c9-a917-b21dfb1ba1a4]   Rendered matches/index.html.erb within layouts/application (Duration: 7.5ms | Allocations: 1328)
[93f98c9e-fa4d-48c9-a917-b21dfb1ba1a4]   Rendered layout layouts/application.html.erb (Duration: 28.7ms | Allocations: 3397)
[93f98c9e-fa4d-48c9-a917-b21dfb1ba1a4] Completed 200 OK in 499ms (Views: 30.3ms | Allocations: 4853)


[3932b353-c740-46db-a3d5-b25136c0adde] Started GET "/knockout" for ::1 at 2026-06-11 12:59:22 -0600
[3932b353-c740-46db-a3d5-b25136c0adde] Processing by KnockoutController#index as HTML
[3932b353-c740-46db-a3d5-b25136c0adde]   Rendering layout layouts/application.html.erb
[3932b353-c740-46db-a3d5-b25136c0adde]   Rendering knockout/index.html.erb within layouts/application
[3932b353-c740-46db-a3d5-b25136c0adde]   Rendered knockout/index.html.erb within layouts/application (Duration: 0.3ms | Allocations: 51)
[3932b353-c740-46db-a3d5-b25136c0adde]   Rendered layout layouts/application.html.erb (Duration: 12.6ms | Allocations: 2115)
[3932b353-c740-46db-a3d5-b25136c0adde] Completed 200 OK in 263ms (Views: 13.8ms | Allocations: 3444)


[03006c62-5dc2-47cf-8171-b0ec36e7da14] Started GET "/matches" for ::1 at 2026-06-11 12:59:26 -0600
[03006c62-5dc2-47cf-8171-b0ec36e7da14] Processing by MatchesController#index as HTML
[03006c62-5dc2-47cf-8171-b0ec36e7da14]   Rendering layout layouts/application.html.erb
[03006c62-5dc2-47cf-8171-b0ec36e7da14]   Rendering matches/index.html.erb within layouts/application
[03006c62-5dc2-47cf-8171-b0ec36e7da14]   Rendered shared/_match_card.html.erb (Duration: 0.1ms | Allocations: 31)
[03006c62-5dc2-47cf-8171-b0ec36e7da14]   Rendered shared/_match_card.html.erb (Duration: 0.1ms | Allocations: 30)
[03006c62-5dc2-47cf-8171-b0ec36e7da14]   Rendered shared/_match_card.html.erb (Duration: 0.1ms | Allocations: 29)
[03006c62-5dc2-47cf-8171-b0ec36e7da14]   Rendered shared/_match_card.html.erb (Duration: 0.1ms | Allocations: 29)
[03006c62-5dc2-47cf-8171-b0ec36e7da14]   Rendered shared/_match_card.html.erb (Duration: 0.1ms | Allocations: 29)
[03006c62-5dc2-47cf-8171-b0ec36e7da14]   Rendered shared/_match_card.html.erb (Duration: 0.1ms | Allocations: 26)
[03006c62-5dc2-47cf-8171-b0ec36e7da14]   Rendered shared/_match_card.html.erb (Duration: 0.1ms | Allocations: 29)
[03006c62-5dc2-47cf-8171-b0ec36e7da14]   Rendered shared/_match_card.html.erb (Duration: 0.1ms | Allocations: 30)
[03006c62-5dc2-47cf-8171-b0ec36e7da14]   Rendered shared/_match_card.html.erb (Duration: 0.1ms | Allocations: 29)
[03006c62-5dc2-47cf-8171-b0ec36e7da14]   Rendered shared/_match_card.html.erb (Duration: 0.3ms | Allocations: 29)
[03006c62-5dc2-47cf-8171-b0ec36e7da14]   Rendered shared/_match_card.html.erb (Duration: 0.1ms | Allocations: 26)
[03006c62-5dc2-47cf-8171-b0ec36e7da14]   Rendered shared/_match_card.html.erb (Duration: 0.5ms | Allocations: 29)
[03006c62-5dc2-47cf-8171-b0ec36e7da14]   Rendered shared/_match_card.html.erb (Duration: 0.2ms | Allocations: 28)
[03006c62-5dc2-47cf-8171-b0ec36e7da14]   Rendered shared/_match_card.html.erb (Duration: 0.1ms | Allocations: 29)
[03006c62-5dc2-47cf-8171-b0ec36e7da14]   Rendered shared/_match_card.html.erb (Duration: 0.1ms | Allocations: 28)
[03006c62-5dc2-47cf-8171-b0ec36e7da14]   Rendered shared/_match_card.html.erb (Duration: 0.1ms | Allocations: 29)
[03006c62-5dc2-47cf-8171-b0ec36e7da14]   Rendered shared/_match_card.html.erb (Duration: 0.1ms | Allocations: 29)
[03006c62-5dc2-47cf-8171-b0ec36e7da14]   Rendered shared/_match_card.html.erb (Duration: 0.3ms | Allocations: 29)
[03006c62-5dc2-47cf-8171-b0ec36e7da14]   Rendered shared/_match_card.html.erb (Duration: 0.1ms | Allocations: 28)
[03006c62-5dc2-47cf-8171-b0ec36e7da14]   Rendered shared/_match_card.html.erb (Duration: 0.1ms | Allocations: 28)
[03006c62-5dc2-47cf-8171-b0ec36e7da14]   Rendered shared/_match_card.html.erb (Duration: 0.1ms | Allocations: 29)
[03006c62-5dc2-47cf-8171-b0ec36e7da14]   Rendered shared/_match_card.html.erb (Duration: 0.1ms | Allocations: 28)
[03006c62-5dc2-47cf-8171-b0ec36e7da14]   Rendered shared/_match_card.html.erb (Duration: 0.1ms | Allocations: 29)
[03006c62-5dc2-47cf-8171-b0ec36e7da14]   Rendered shared/_match_card.html.erb (Duration: 0.1ms | Allocations: 28)
[03006c62-5dc2-47cf-8171-b0ec36e7da14]   Rendered shared/_match_card.html.erb (Duration: 0.1ms | Allocations: 26)
[03006c62-5dc2-47cf-8171-b0ec36e7da14]   Rendered shared/_match_card.html.erb (Duration: 0.1ms | Allocations: 28)
[03006c62-5dc2-47cf-8171-b0ec36e7da14]   Rendered shared/_match_card.html.erb (Duration: 0.1ms | Allocations: 29)
[03006c62-5dc2-47cf-8171-b0ec36e7da14]   Rendered shared/_match_card.html.erb (Duration: 0.2ms | Allocations: 29)
[03006c62-5dc2-47cf-8171-b0ec36e7da14]   Rendered shared/_match_card.html.erb (Duration: 0.1ms | Allocations: 28)
[03006c62-5dc2-47cf-8171-b0ec36e7da14]   Rendered shared/_match_card.html.erb (Duration: 0.1ms | Allocations: 28)
[03006c62-5dc2-47cf-8171-b0ec36e7da14]   Rendered shared/_match_card.html.erb (Duration: 0.1ms | Allocations: 29)
[03006c62-5dc2-47cf-8171-b0ec36e7da14]   Rendered shared/_match_card.html.erb (Duration: 0.1ms | Allocations: 29)
[03006c62-5dc2-47cf-8171-b0ec36e7da14]   Rendered shared/_match_card.html.erb (Duration: 0.3ms | Allocations: 26)
[03006c62-5dc2-47cf-8171-b0ec36e7da14]   Rendered shared/_match_card.html.erb (Duration: 0.2ms | Allocations: 28)
[03006c62-5dc2-47cf-8171-b0ec36e7da14]   Rendered shared/_match_card.html.erb (Duration: 0.2ms | Allocations: 30)
[03006c62-5dc2-47cf-8171-b0ec36e7da14]   Rendered shared/_match_card.html.erb (Duration: 0.1ms | Allocations: 28)
[03006c62-5dc2-47cf-8171-b0ec36e7da14]   Rendered shared/_match_card.html.erb (Duration: 0.1ms | Allocations: 28)
[03006c62-5dc2-47cf-8171-b0ec36e7da14]   Rendered shared/_match_card.html.erb (Duration: 0.1ms | Allocations: 30)
[03006c62-5dc2-47cf-8171-b0ec36e7da14]   Rendered shared/_match_card.html.erb (Duration: 0.1ms | Allocations: 29)
[03006c62-5dc2-47cf-8171-b0ec36e7da14]   Rendered shared/_match_card.html.erb (Duration: 0.1ms | Allocations: 29)
[03006c62-5dc2-47cf-8171-b0ec36e7da14]   Rendered shared/_match_card.html.erb (Duration: 0.1ms | Allocations: 29)
[03006c62-5dc2-47cf-8171-b0ec36e7da14]   Rendered shared/_match_card.html.erb (Duration: 0.2ms | Allocations: 26)
[03006c62-5dc2-47cf-8171-b0ec36e7da14]   Rendered shared/_match_card.html.erb (Duration: 0.2ms | Allocations: 26)
[03006c62-5dc2-47cf-8171-b0ec36e7da14]   Rendered shared/_match_card.html.erb (Duration: 0.2ms | Allocations: 29)
[03006c62-5dc2-47cf-8171-b0ec36e7da14]   Rendered shared/_match_card.html.erb (Duration: 0.2ms | Allocations: 26)
[03006c62-5dc2-47cf-8171-b0ec36e7da14]   Rendered shared/_match_card.html.erb (Duration: 0.1ms | Allocations: 29)
[03006c62-5dc2-47cf-8171-b0ec36e7da14]   Rendered shared/_match_card.html.erb (Duration: 0.1ms | Allocations: 28)
[03006c62-5dc2-47cf-8171-b0ec36e7da14]   Rendered shared/_match_card.html.erb (Duration: 0.2ms | Allocations: 28)
[03006c62-5dc2-47cf-8171-b0ec36e7da14]   Rendered shared/_match_card.html.erb (Duration: 0.2ms | Allocations: 26)
[03006c62-5dc2-47cf-8171-b0ec36e7da14]   Rendered shared/_match_card.html.erb (Duration: 0.2ms | Allocations: 28)
[03006c62-5dc2-47cf-8171-b0ec36e7da14]   Rendered shared/_match_card.html.erb (Duration: 0.1ms | Allocations: 29)
[03006c62-5dc2-47cf-8171-b0ec36e7da14]   Rendered shared/_match_card.html.erb (Duration: 0.1ms | Allocations: 28)
[03006c62-5dc2-47cf-8171-b0ec36e7da14]   Rendered shared/_match_card.html.erb (Duration: 0.1ms | Allocations: 28)
[03006c62-5dc2-47cf-8171-b0ec36e7da14]   Rendered shared/_match_card.html.erb (Duration: 0.1ms | Allocations: 28)
[03006c62-5dc2-47cf-8171-b0ec36e7da14]   Rendered shared/_match_card.html.erb (Duration: 0.1ms | Allocations: 28)
[03006c62-5dc2-47cf-8171-b0ec36e7da14]   Rendered shared/_match_card.html.erb (Duration: 0.1ms | Allocations: 29)
[03006c62-5dc2-47cf-8171-b0ec36e7da14]   Rendered shared/_match_card.html.erb (Duration: 0.1ms | Allocations: 29)
[03006c62-5dc2-47cf-8171-b0ec36e7da14]   Rendered shared/_match_card.html.erb (Duration: 0.2ms | Allocations: 28)
[03006c62-5dc2-47cf-8171-b0ec36e7da14]   Rendered shared/_match_card.html.erb (Duration: 0.2ms | Allocations: 29)
[03006c62-5dc2-47cf-8171-b0ec36e7da14]   Rendered shared/_match_card.html.erb (Duration: 0.2ms | Allocations: 28)
[03006c62-5dc2-47cf-8171-b0ec36e7da14]   Rendered shared/_match_card.html.erb (Duration: 0.1ms | Allocations: 28)
[03006c62-5dc2-47cf-8171-b0ec36e7da14]   Rendered shared/_match_card.html.erb (Duration: 0.2ms | Allocations: 29)
[03006c62-5dc2-47cf-8171-b0ec36e7da14]   Rendered shared/_match_card.html.erb (Duration: 0.1ms | Allocations: 26)
[03006c62-5dc2-47cf-8171-b0ec36e7da14]   Rendered shared/_match_card.html.erb (Duration: 0.1ms | Allocations: 30)
[03006c62-5dc2-47cf-8171-b0ec36e7da14]   Rendered shared/_match_card.html.erb (Duration: 0.1ms | Allocations: 29)
[03006c62-5dc2-47cf-8171-b0ec36e7da14]   Rendered shared/_match_card.html.erb (Duration: 0.3ms | Allocations: 28)
[03006c62-5dc2-47cf-8171-b0ec36e7da14]   Rendered shared/_match_card.html.erb (Duration: 0.1ms | Allocations: 26)
[03006c62-5dc2-47cf-8171-b0ec36e7da14]   Rendered shared/_match_card.html.erb (Duration: 0.1ms | Allocations: 29)
[03006c62-5dc2-47cf-8171-b0ec36e7da14]   Rendered shared/_match_card.html.erb (Duration: 0.1ms | Allocations: 30)
[03006c62-5dc2-47cf-8171-b0ec36e7da14]   Rendered shared/_match_card.html.erb (Duration: 0.1ms | Allocations: 28)
[03006c62-5dc2-47cf-8171-b0ec36e7da14]   Rendered shared/_match_card.html.erb (Duration: 0.1ms | Allocations: 29)
[03006c62-5dc2-47cf-8171-b0ec36e7da14]   Rendered shared/_match_card.html.erb (Duration: 0.1ms | Allocations: 28)
[03006c62-5dc2-47cf-8171-b0ec36e7da14]   Rendered matches/index.html.erb within layouts/application (Duration: 73.1ms | Allocations: 6807)
[03006c62-5dc2-47cf-8171-b0ec36e7da14]   Rendered layout layouts/application.html.erb (Duration: 88.7ms | Allocations: 8869)
[03006c62-5dc2-47cf-8171-b0ec36e7da14] Completed 200 OK in 555ms (Views: 90.0ms | Allocations: 11642)


[8e69280d-7b5b-4e7c-8945-47522aa7b9b9] Started GET "/matches?status=scheduled" for ::1 at 2026-06-11 12:59:30 -0600
[8e69280d-7b5b-4e7c-8945-47522aa7b9b9] Processing by MatchesController#index as HTML
[8e69280d-7b5b-4e7c-8945-47522aa7b9b9]   Parameters: {"status" => "scheduled"}
[8e69280d-7b5b-4e7c-8945-47522aa7b9b9]   Rendering layout layouts/application.html.erb
[8e69280d-7b5b-4e7c-8945-47522aa7b9b9]   Rendering matches/index.html.erb within layouts/application
[8e69280d-7b5b-4e7c-8945-47522aa7b9b9]   Rendered matches/index.html.erb within layouts/application (Duration: 2.8ms | Allocations: 897)
[8e69280d-7b5b-4e7c-8945-47522aa7b9b9]   Rendered layout layouts/application.html.erb (Duration: 41.6ms | Allocations: 2964)
[8e69280d-7b5b-4e7c-8945-47522aa7b9b9] Completed 200 OK in 151ms (Views: 46.2ms | Allocations: 3595)


[ca7b95b2-5bf3-46c2-8414-5002a9ab4db7] Started GET "/matches?status=played" for ::1 at 2026-06-11 12:59:32 -0600
[ca7b95b2-5bf3-46c2-8414-5002a9ab4db7] Processing by MatchesController#index as HTML
[ca7b95b2-5bf3-46c2-8414-5002a9ab4db7]   Parameters: {"status" => "played"}
[ca7b95b2-5bf3-46c2-8414-5002a9ab4db7]   Rendering layout layouts/application.html.erb
[ca7b95b2-5bf3-46c2-8414-5002a9ab4db7]   Rendering matches/index.html.erb within layouts/application
[ca7b95b2-5bf3-46c2-8414-5002a9ab4db7]   Rendered shared/_match_card.html.erb (Duration: 0.1ms | Allocations: 31)
[ca7b95b2-5bf3-46c2-8414-5002a9ab4db7]   Rendered shared/_match_card.html.erb (Duration: 0.1ms | Allocations: 30)
[ca7b95b2-5bf3-46c2-8414-5002a9ab4db7]   Rendered shared/_match_card.html.erb (Duration: 0.1ms | Allocations: 29)
[ca7b95b2-5bf3-46c2-8414-5002a9ab4db7]   Rendered shared/_match_card.html.erb (Duration: 0.1ms | Allocations: 29)
[ca7b95b2-5bf3-46c2-8414-5002a9ab4db7]   Rendered shared/_match_card.html.erb (Duration: 0.1ms | Allocations: 29)
[ca7b95b2-5bf3-46c2-8414-5002a9ab4db7]   Rendered shared/_match_card.html.erb (Duration: 0.1ms | Allocations: 26)
[ca7b95b2-5bf3-46c2-8414-5002a9ab4db7]   Rendered shared/_match_card.html.erb (Duration: 0.2ms | Allocations: 29)
[ca7b95b2-5bf3-46c2-8414-5002a9ab4db7]   Rendered shared/_match_card.html.erb (Duration: 0.1ms | Allocations: 30)
[ca7b95b2-5bf3-46c2-8414-5002a9ab4db7]   Rendered shared/_match_card.html.erb (Duration: 0.1ms | Allocations: 29)
[ca7b95b2-5bf3-46c2-8414-5002a9ab4db7]   Rendered shared/_match_card.html.erb (Duration: 0.1ms | Allocations: 29)
[ca7b95b2-5bf3-46c2-8414-5002a9ab4db7]   Rendered shared/_match_card.html.erb (Duration: 0.1ms | Allocations: 26)
[ca7b95b2-5bf3-46c2-8414-5002a9ab4db7]   Rendered shared/_match_card.html.erb (Duration: 0.1ms | Allocations: 29)
[ca7b95b2-5bf3-46c2-8414-5002a9ab4db7]   Rendered shared/_match_card.html.erb (Duration: 0.1ms | Allocations: 28)
[ca7b95b2-5bf3-46c2-8414-5002a9ab4db7]   Rendered shared/_match_card.html.erb (Duration: 0.1ms | Allocations: 29)
[ca7b95b2-5bf3-46c2-8414-5002a9ab4db7]   Rendered shared/_match_card.html.erb (Duration: 0.1ms | Allocations: 28)
[ca7b95b2-5bf3-46c2-8414-5002a9ab4db7]   Rendered shared/_match_card.html.erb (Duration: 0.1ms | Allocations: 29)
[ca7b95b2-5bf3-46c2-8414-5002a9ab4db7]   Rendered shared/_match_card.html.erb (Duration: 0.1ms | Allocations: 29)
[ca7b95b2-5bf3-46c2-8414-5002a9ab4db7]   Rendered shared/_match_card.html.erb (Duration: 0.2ms | Allocations: 29)
[ca7b95b2-5bf3-46c2-8414-5002a9ab4db7]   Rendered shared/_match_card.html.erb (Duration: 0.2ms | Allocations: 28)
[ca7b95b2-5bf3-46c2-8414-5002a9ab4db7]   Rendered shared/_match_card.html.erb (Duration: 0.1ms | Allocations: 28)
[ca7b95b2-5bf3-46c2-8414-5002a9ab4db7]   Rendered shared/_match_card.html.erb (Duration: 0.1ms | Allocations: 29)
[ca7b95b2-5bf3-46c2-8414-5002a9ab4db7]   Rendered shared/_match_card.html.erb (Duration: 2.2ms | Allocations: 28)
[ca7b95b2-5bf3-46c2-8414-5002a9ab4db7]   Rendered shared/_match_card.html.erb (Duration: 0.2ms | Allocations: 29)
[ca7b95b2-5bf3-46c2-8414-5002a9ab4db7]   Rendered shared/_match_card.html.erb (Duration: 0.1ms | Allocations: 28)
[ca7b95b2-5bf3-46c2-8414-5002a9ab4db7]   Rendered shared/_match_card.html.erb (Duration: 0.1ms | Allocations: 26)
[ca7b95b2-5bf3-46c2-8414-5002a9ab4db7]   Rendered shared/_match_card.html.erb (Duration: 0.1ms | Allocations: 28)
[ca7b95b2-5bf3-46c2-8414-5002a9ab4db7]   Rendered shared/_match_card.html.erb (Duration: 0.1ms | Allocations: 29)
[ca7b95b2-5bf3-46c2-8414-5002a9ab4db7]   Rendered shared/_match_card.html.erb (Duration: 0.2ms | Allocations: 29)
[ca7b95b2-5bf3-46c2-8414-5002a9ab4db7]   Rendered shared/_match_card.html.erb (Duration: 0.2ms | Allocations: 28)
[ca7b95b2-5bf3-46c2-8414-5002a9ab4db7]   Rendered shared/_match_card.html.erb (Duration: 0.2ms | Allocations: 28)
[ca7b95b2-5bf3-46c2-8414-5002a9ab4db7]   Rendered shared/_match_card.html.erb (Duration: 0.3ms | Allocations: 29)
[ca7b95b2-5bf3-46c2-8414-5002a9ab4db7]   Rendered shared/_match_card.html.erb (Duration: 0.1ms | Allocations: 29)
[ca7b95b2-5bf3-46c2-8414-5002a9ab4db7]   Rendered shared/_match_card.html.erb (Duration: 0.1ms | Allocations: 26)
[ca7b95b2-5bf3-46c2-8414-5002a9ab4db7]   Rendered shared/_match_card.html.erb (Duration: 0.4ms | Allocations: 28)
[ca7b95b2-5bf3-46c2-8414-5002a9ab4db7]   Rendered shared/_match_card.html.erb (Duration: 0.2ms | Allocations: 30)
[ca7b95b2-5bf3-46c2-8414-5002a9ab4db7]   Rendered shared/_match_card.html.erb (Duration: 0.2ms | Allocations: 28)
[ca7b95b2-5bf3-46c2-8414-5002a9ab4db7]   Rendered shared/_match_card.html.erb (Duration: 0.2ms | Allocations: 28)
[ca7b95b2-5bf3-46c2-8414-5002a9ab4db7]   Rendered shared/_match_card.html.erb (Duration: 0.2ms | Allocations: 30)
[ca7b95b2-5bf3-46c2-8414-5002a9ab4db7]   Rendered shared/_match_card.html.erb (Duration: 0.2ms | Allocations: 29)
[ca7b95b2-5bf3-46c2-8414-5002a9ab4db7]   Rendered shared/_match_card.html.erb (Duration: 0.1ms | Allocations: 29)
[ca7b95b2-5bf3-46c2-8414-5002a9ab4db7]   Rendered shared/_match_card.html.erb (Duration: 0.2ms | Allocations: 29)
[ca7b95b2-5bf3-46c2-8414-5002a9ab4db7]   Rendered shared/_match_card.html.erb (Duration: 0.1ms | Allocations: 26)
[ca7b95b2-5bf3-46c2-8414-5002a9ab4db7]   Rendered shared/_match_card.html.erb (Duration: 0.3ms | Allocations: 26)
[ca7b95b2-5bf3-46c2-8414-5002a9ab4db7]   Rendered shared/_match_card.html.erb (Duration: 0.2ms | Allocations: 29)
[ca7b95b2-5bf3-46c2-8414-5002a9ab4db7]   Rendered shared/_match_card.html.erb (Duration: 0.1ms | Allocations: 26)
[ca7b95b2-5bf3-46c2-8414-5002a9ab4db7]   Rendered shared/_match_card.html.erb (Duration: 0.1ms | Allocations: 29)
[ca7b95b2-5bf3-46c2-8414-5002a9ab4db7]   Rendered shared/_match_card.html.erb (Duration: 0.2ms | Allocations: 28)
[ca7b95b2-5bf3-46c2-8414-5002a9ab4db7]   Rendered shared/_match_card.html.erb (Duration: 0.1ms | Allocations: 28)
[ca7b95b2-5bf3-46c2-8414-5002a9ab4db7]   Rendered shared/_match_card.html.erb (Duration: 0.3ms | Allocations: 26)
[ca7b95b2-5bf3-46c2-8414-5002a9ab4db7]   Rendered shared/_match_card.html.erb (Duration: 0.2ms | Allocations: 28)
[ca7b95b2-5bf3-46c2-8414-5002a9ab4db7]   Rendered shared/_match_card.html.erb (Duration: 0.1ms | Allocations: 29)
[ca7b95b2-5bf3-46c2-8414-5002a9ab4db7]   Rendered shared/_match_card.html.erb (Duration: 0.1ms | Allocations: 28)
[ca7b95b2-5bf3-46c2-8414-5002a9ab4db7]   Rendered shared/_match_card.html.erb (Duration: 0.1ms | Allocations: 28)
[ca7b95b2-5bf3-46c2-8414-5002a9ab4db7]   Rendered shared/_match_card.html.erb (Duration: 0.1ms | Allocations: 28)
[ca7b95b2-5bf3-46c2-8414-5002a9ab4db7]   Rendered shared/_match_card.html.erb (Duration: 0.1ms | Allocations: 28)
[ca7b95b2-5bf3-46c2-8414-5002a9ab4db7]   Rendered shared/_match_card.html.erb (Duration: 0.1ms | Allocations: 29)
[ca7b95b2-5bf3-46c2-8414-5002a9ab4db7]   Rendered shared/_match_card.html.erb (Duration: 0.1ms | Allocations: 29)
[ca7b95b2-5bf3-46c2-8414-5002a9ab4db7]   Rendered shared/_match_card.html.erb (Duration: 0.1ms | Allocations: 28)
[ca7b95b2-5bf3-46c2-8414-5002a9ab4db7]   Rendered shared/_match_card.html.erb (Duration: 0.1ms | Allocations: 29)
[ca7b95b2-5bf3-46c2-8414-5002a9ab4db7]   Rendered shared/_match_card.html.erb (Duration: 0.1ms | Allocations: 28)
[ca7b95b2-5bf3-46c2-8414-5002a9ab4db7]   Rendered shared/_match_card.html.erb (Duration: 0.2ms | Allocations: 28)
[ca7b95b2-5bf3-46c2-8414-5002a9ab4db7]   Rendered shared/_match_card.html.erb (Duration: 0.2ms | Allocations: 29)
[ca7b95b2-5bf3-46c2-8414-5002a9ab4db7]   Rendered shared/_match_card.html.erb (Duration: 0.1ms | Allocations: 26)
[ca7b95b2-5bf3-46c2-8414-5002a9ab4db7]   Rendered shared/_match_card.html.erb (Duration: 1.4ms | Allocations: 30)
[ca7b95b2-5bf3-46c2-8414-5002a9ab4db7]   Rendered shared/_match_card.html.erb (Duration: 0.1ms | Allocations: 29)
[ca7b95b2-5bf3-46c2-8414-5002a9ab4db7]   Rendered shared/_match_card.html.erb (Duration: 0.3ms | Allocations: 28)
[ca7b95b2-5bf3-46c2-8414-5002a9ab4db7]   Rendered shared/_match_card.html.erb (Duration: 0.2ms | Allocations: 26)
[ca7b95b2-5bf3-46c2-8414-5002a9ab4db7]   Rendered shared/_match_card.html.erb (Duration: 0.1ms | Allocations: 29)
[ca7b95b2-5bf3-46c2-8414-5002a9ab4db7]   Rendered shared/_match_card.html.erb (Duration: 0.1ms | Allocations: 30)
[ca7b95b2-5bf3-46c2-8414-5002a9ab4db7]   Rendered shared/_match_card.html.erb (Duration: 0.1ms | Allocations: 28)
[ca7b95b2-5bf3-46c2-8414-5002a9ab4db7]   Rendered shared/_match_card.html.erb (Duration: 0.1ms | Allocations: 29)
[ca7b95b2-5bf3-46c2-8414-5002a9ab4db7]   Rendered shared/_match_card.html.erb (Duration: 0.1ms | Allocations: 28)
[ca7b95b2-5bf3-46c2-8414-5002a9ab4db7]   Rendered matches/index.html.erb within layouts/application (Duration: 100.9ms | Allocations: 6897)
[ca7b95b2-5bf3-46c2-8414-5002a9ab4db7]   Rendered layout layouts/application.html.erb (Duration: 123.8ms | Allocations: 8962)
[ca7b95b2-5bf3-46c2-8414-5002a9ab4db7] Completed 200 OK in 688ms (Views: 127.9ms | Allocations: 11751)


[0aecc3b7-97be-441b-86d6-cd8712dcf280] Started GET "/" for ::1 at 2026-06-11 12:59:34 -0600
[0aecc3b7-97be-441b-86d6-cd8712dcf280] Processing by DashboardController#index as HTML
[0aecc3b7-97be-441b-86d6-cd8712dcf280]   Rendering layout layouts/application.html.erb
[0aecc3b7-97be-441b-86d6-cd8712dcf280]   Rendering dashboard/index.html.erb within layouts/application
[0aecc3b7-97be-441b-86d6-cd8712dcf280]   Rendered dashboard/index.html.erb within layouts/application (Duration: 1.0ms | Allocations: 196)
[0aecc3b7-97be-441b-86d6-cd8712dcf280]   Rendered layout layouts/application.html.erb (Duration: 22.7ms | Allocations: 2260)
[0aecc3b7-97be-441b-86d6-cd8712dcf280] Completed 200 OK in 337ms (Views: 24.3ms | Allocations: 3600)


[20668a81-c844-4a46-8b3a-e5a8248b9714] Started GET "/knockout" for ::1 at 2026-06-11 12:59:38 -0600
[20668a81-c844-4a46-8b3a-e5a8248b9714] Processing by KnockoutController#index as HTML
[20668a81-c844-4a46-8b3a-e5a8248b9714]   Rendering layout layouts/application.html.erb
[20668a81-c844-4a46-8b3a-e5a8248b9714]   Rendering knockout/index.html.erb within layouts/application
[20668a81-c844-4a46-8b3a-e5a8248b9714]   Rendered knockout/index.html.erb within layouts/application (Duration: 0.4ms | Allocations: 51)
[20668a81-c844-4a46-8b3a-e5a8248b9714]   Rendered layout layouts/application.html.erb (Duration: 109.2ms | Allocations: 2118)
[20668a81-c844-4a46-8b3a-e5a8248b9714] Completed 200 OK in 372ms (Views: 110.7ms | Allocations: 3447)


[9de9b53d-4706-489b-b844-6e4513b323a5] Started GET "/matches" for ::1 at 2026-06-11 12:59:40 -0600
[9de9b53d-4706-489b-b844-6e4513b323a5] Processing by MatchesController#index as HTML
[9de9b53d-4706-489b-b844-6e4513b323a5]   Rendering layout layouts/application.html.erb
[9de9b53d-4706-489b-b844-6e4513b323a5]   Rendering matches/index.html.erb within layouts/application
[9de9b53d-4706-489b-b844-6e4513b323a5]   Rendered shared/_match_card.html.erb (Duration: 0.1ms | Allocations: 31)
[9de9b53d-4706-489b-b844-6e4513b323a5]   Rendered shared/_match_card.html.erb (Duration: 0.2ms | Allocations: 30)
[9de9b53d-4706-489b-b844-6e4513b323a5]   Rendered shared/_match_card.html.erb (Duration: 0.1ms | Allocations: 29)
[9de9b53d-4706-489b-b844-6e4513b323a5]   Rendered shared/_match_card.html.erb (Duration: 0.1ms | Allocations: 29)
[9de9b53d-4706-489b-b844-6e4513b323a5]   Rendered shared/_match_card.html.erb (Duration: 0.1ms | Allocations: 29)
[9de9b53d-4706-489b-b844-6e4513b323a5]   Rendered shared/_match_card.html.erb (Duration: 0.1ms | Allocations: 26)
[9de9b53d-4706-489b-b844-6e4513b323a5]   Rendered shared/_match_card.html.erb (Duration: 0.1ms | Allocations: 29)
[9de9b53d-4706-489b-b844-6e4513b323a5]   Rendered shared/_match_card.html.erb (Duration: 0.1ms | Allocations: 30)
[9de9b53d-4706-489b-b844-6e4513b323a5]   Rendered shared/_match_card.html.erb (Duration: 0.1ms | Allocations: 29)
[9de9b53d-4706-489b-b844-6e4513b323a5]   Rendered shared/_match_card.html.erb (Duration: 0.1ms | Allocations: 29)
[9de9b53d-4706-489b-b844-6e4513b323a5]   Rendered shared/_match_card.html.erb (Duration: 0.1ms | Allocations: 26)
[9de9b53d-4706-489b-b844-6e4513b323a5]   Rendered shared/_match_card.html.erb (Duration: 0.1ms | Allocations: 29)
[9de9b53d-4706-489b-b844-6e4513b323a5]   Rendered shared/_match_card.html.erb (Duration: 0.1ms | Allocations: 28)
[9de9b53d-4706-489b-b844-6e4513b323a5]   Rendered shared/_match_card.html.erb (Duration: 0.1ms | Allocations: 29)
[9de9b53d-4706-489b-b844-6e4513b323a5]   Rendered shared/_match_card.html.erb (Duration: 0.1ms | Allocations: 28)
[9de9b53d-4706-489b-b844-6e4513b323a5]   Rendered shared/_match_card.html.erb (Duration: 0.1ms | Allocations: 29)
[9de9b53d-4706-489b-b844-6e4513b323a5]   Rendered shared/_match_card.html.erb (Duration: 0.1ms | Allocations: 29)
[9de9b53d-4706-489b-b844-6e4513b323a5]   Rendered shared/_match_card.html.erb (Duration: 0.3ms | Allocations: 29)
[9de9b53d-4706-489b-b844-6e4513b323a5]   Rendered shared/_match_card.html.erb (Duration: 0.2ms | Allocations: 28)
[9de9b53d-4706-489b-b844-6e4513b323a5]   Rendered shared/_match_card.html.erb (Duration: 0.2ms | Allocations: 28)
[9de9b53d-4706-489b-b844-6e4513b323a5]   Rendered shared/_match_card.html.erb (Duration: 0.2ms | Allocations: 29)
[9de9b53d-4706-489b-b844-6e4513b323a5]   Rendered shared/_match_card.html.erb (Duration: 0.1ms | Allocations: 28)
[9de9b53d-4706-489b-b844-6e4513b323a5]   Rendered shared/_match_card.html.erb (Duration: 0.1ms | Allocations: 29)
[9de9b53d-4706-489b-b844-6e4513b323a5]   Rendered shared/_match_card.html.erb (Duration: 0.1ms | Allocations: 28)
[9de9b53d-4706-489b-b844-6e4513b323a5]   Rendered shared/_match_card.html.erb (Duration: 0.1ms | Allocations: 26)
[9de9b53d-4706-489b-b844-6e4513b323a5]   Rendered shared/_match_card.html.erb (Duration: 0.5ms | Allocations: 28)
[9de9b53d-4706-489b-b844-6e4513b323a5]   Rendered shared/_match_card.html.erb (Duration: 0.1ms | Allocations: 29)
[9de9b53d-4706-489b-b844-6e4513b323a5]   Rendered shared/_match_card.html.erb (Duration: 0.2ms | Allocations: 29)
[9de9b53d-4706-489b-b844-6e4513b323a5]   Rendered shared/_match_card.html.erb (Duration: 0.1ms | Allocations: 28)
[9de9b53d-4706-489b-b844-6e4513b323a5]   Rendered shared/_match_card.html.erb (Duration: 0.1ms | Allocations: 28)
[9de9b53d-4706-489b-b844-6e4513b323a5]   Rendered shared/_match_card.html.erb (Duration: 0.1ms | Allocations: 29)
[9de9b53d-4706-489b-b844-6e4513b323a5]   Rendered shared/_match_card.html.erb (Duration: 0.2ms | Allocations: 29)
[9de9b53d-4706-489b-b844-6e4513b323a5]   Rendered shared/_match_card.html.erb (Duration: 0.1ms | Allocations: 26)
[9de9b53d-4706-489b-b844-6e4513b323a5]   Rendered shared/_match_card.html.erb (Duration: 0.2ms | Allocations: 28)
[9de9b53d-4706-489b-b844-6e4513b323a5]   Rendered shared/_match_card.html.erb (Duration: 0.1ms | Allocations: 30)
[9de9b53d-4706-489b-b844-6e4513b323a5]   Rendered shared/_match_card.html.erb (Duration: 0.2ms | Allocations: 28)
[9de9b53d-4706-489b-b844-6e4513b323a5]   Rendered shared/_match_card.html.erb (Duration: 0.1ms | Allocations: 28)
[9de9b53d-4706-489b-b844-6e4513b323a5]   Rendered shared/_match_card.html.erb (Duration: 0.2ms | Allocations: 30)
[9de9b53d-4706-489b-b844-6e4513b323a5]   Rendered shared/_match_card.html.erb (Duration: 0.1ms | Allocations: 29)
[9de9b53d-4706-489b-b844-6e4513b323a5]   Rendered shared/_match_card.html.erb (Duration: 0.2ms | Allocations: 29)
[9de9b53d-4706-489b-b844-6e4513b323a5]   Rendered shared/_match_card.html.erb (Duration: 0.2ms | Allocations: 29)
[9de9b53d-4706-489b-b844-6e4513b323a5]   Rendered shared/_match_card.html.erb (Duration: 0.1ms | Allocations: 26)
[9de9b53d-4706-489b-b844-6e4513b323a5]   Rendered shared/_match_card.html.erb (Duration: 0.2ms | Allocations: 26)
[9de9b53d-4706-489b-b844-6e4513b323a5]   Rendered shared/_match_card.html.erb (Duration: 0.1ms | Allocations: 29)
[9de9b53d-4706-489b-b844-6e4513b323a5]   Rendered shared/_match_card.html.erb (Duration: 0.1ms | Allocations: 26)
[9de9b53d-4706-489b-b844-6e4513b323a5]   Rendered shared/_match_card.html.erb (Duration: 0.1ms | Allocations: 29)
[9de9b53d-4706-489b-b844-6e4513b323a5]   Rendered shared/_match_card.html.erb (Duration: 0.1ms | Allocations: 28)
[9de9b53d-4706-489b-b844-6e4513b323a5]   Rendered shared/_match_card.html.erb (Duration: 0.1ms | Allocations: 28)
[9de9b53d-4706-489b-b844-6e4513b323a5]   Rendered shared/_match_card.html.erb (Duration: 0.7ms | Allocations: 26)
[9de9b53d-4706-489b-b844-6e4513b323a5]   Rendered shared/_match_card.html.erb (Duration: 0.1ms | Allocations: 28)
[9de9b53d-4706-489b-b844-6e4513b323a5]   Rendered shared/_match_card.html.erb (Duration: 0.1ms | Allocations: 29)
[9de9b53d-4706-489b-b844-6e4513b323a5]   Rendered shared/_match_card.html.erb (Duration: 0.2ms | Allocations: 28)
[9de9b53d-4706-489b-b844-6e4513b323a5]   Rendered shared/_match_card.html.erb (Duration: 0.1ms | Allocations: 28)
[9de9b53d-4706-489b-b844-6e4513b323a5]   Rendered shared/_match_card.html.erb (Duration: 0.2ms | Allocations: 28)
[9de9b53d-4706-489b-b844-6e4513b323a5]   Rendered shared/_match_card.html.erb (Duration: 0.2ms | Allocations: 28)
[9de9b53d-4706-489b-b844-6e4513b323a5]   Rendered shared/_match_card.html.erb (Duration: 0.1ms | Allocations: 29)
[9de9b53d-4706-489b-b844-6e4513b323a5]   Rendered shared/_match_card.html.erb (Duration: 0.4ms | Allocations: 29)
[9de9b53d-4706-489b-b844-6e4513b323a5]   Rendered shared/_match_card.html.erb (Duration: 0.2ms | Allocations: 28)
[9de9b53d-4706-489b-b844-6e4513b323a5]   Rendered shared/_match_card.html.erb (Duration: 0.1ms | Allocations: 29)
[9de9b53d-4706-489b-b844-6e4513b323a5]   Rendered shared/_match_card.html.erb (Duration: 0.4ms | Allocations: 28)
[9de9b53d-4706-489b-b844-6e4513b323a5]   Rendered shared/_match_card.html.erb (Duration: 0.1ms | Allocations: 28)
[9de9b53d-4706-489b-b844-6e4513b323a5]   Rendered shared/_match_card.html.erb (Duration: 0.1ms | Allocations: 29)
[9de9b53d-4706-489b-b844-6e4513b323a5]   Rendered shared/_match_card.html.erb (Duration: 0.1ms | Allocations: 26)
[9de9b53d-4706-489b-b844-6e4513b323a5]   Rendered shared/_match_card.html.erb (Duration: 0.1ms | Allocations: 30)
[9de9b53d-4706-489b-b844-6e4513b323a5]   Rendered shared/_match_card.html.erb (Duration: 0.1ms | Allocations: 29)
[9de9b53d-4706-489b-b844-6e4513b323a5]   Rendered shared/_match_card.html.erb (Duration: 0.1ms | Allocations: 28)
[9de9b53d-4706-489b-b844-6e4513b323a5]   Rendered shared/_match_card.html.erb (Duration: 0.1ms | Allocations: 26)
[9de9b53d-4706-489b-b844-6e4513b323a5]   Rendered shared/_match_card.html.erb (Duration: 0.2ms | Allocations: 29)
[9de9b53d-4706-489b-b844-6e4513b323a5]   Rendered shared/_match_card.html.erb (Duration: 0.1ms | Allocations: 30)
[9de9b53d-4706-489b-b844-6e4513b323a5]   Rendered shared/_match_card.html.erb (Duration: 0.1ms | Allocations: 28)
[9de9b53d-4706-489b-b844-6e4513b323a5]   Rendered shared/_match_card.html.erb (Duration: 0.1ms | Allocations: 29)
[9de9b53d-4706-489b-b844-6e4513b323a5]   Rendered shared/_match_card.html.erb (Duration: 0.1ms | Allocations: 28)
[9de9b53d-4706-489b-b844-6e4513b323a5]   Rendered matches/index.html.erb within layouts/application (Duration: 98.2ms | Allocations: 6807)
[9de9b53d-4706-489b-b844-6e4513b323a5]   Rendered layout layouts/application.html.erb (Duration: 116.1ms | Allocations: 8874)
[9de9b53d-4706-489b-b844-6e4513b323a5] Completed 200 OK in 602ms (Views: 118.0ms | Allocations: 11646)


[32c479eb-0973-46fb-a030-a63bfd990de3] Started GET "/knockout" for ::1 at 2026-06-11 12:59:43 -0600
[32c479eb-0973-46fb-a030-a63bfd990de3] Processing by KnockoutController#index as HTML
[32c479eb-0973-46fb-a030-a63bfd990de3]   Rendering layout layouts/application.html.erb
[32c479eb-0973-46fb-a030-a63bfd990de3]   Rendering knockout/index.html.erb within layouts/application
[32c479eb-0973-46fb-a030-a63bfd990de3]   Rendered knockout/index.html.erb within layouts/application (Duration: 0.4ms | Allocations: 51)
[32c479eb-0973-46fb-a030-a63bfd990de3]   Rendered layout layouts/application.html.erb (Duration: 12.0ms | Allocations: 2115)
[32c479eb-0973-46fb-a030-a63bfd990de3] Completed 200 OK in 273ms (Views: 13.6ms | Allocations: 3444)


[c21eb282-c853-446e-98f1-86862b3a080f] Started GET "/stats" for ::1 at 2026-06-11 12:59:46 -0600
[c21eb282-c853-446e-98f1-86862b3a080f] Processing by StatsController#index as HTML
[c21eb282-c853-446e-98f1-86862b3a080f]   Rendering layout layouts/application.html.erb
[c21eb282-c853-446e-98f1-86862b3a080f]   Rendering stats/index.html.erb within layouts/application
[c21eb282-c853-446e-98f1-86862b3a080f]   Rendered stats/index.html.erb within layouts/application (Duration: 1.5ms | Allocations: 304)
[c21eb282-c853-446e-98f1-86862b3a080f]   Rendered layout layouts/application.html.erb (Duration: 16.2ms | Allocations: 2409)
[c21eb282-c853-446e-98f1-86862b3a080f] Completed 200 OK in 641ms (Views: 20.7ms | Allocations: 6126)


[015a565a-3588-4c22-9180-5d9506708ab8] Started GET "/admin" for ::1 at 2026-06-11 12:59:56 -0600
[015a565a-3588-4c22-9180-5d9506708ab8] Processing by AdminController#index as HTML
[015a565a-3588-4c22-9180-5d9506708ab8]   Rendering layout layouts/application.html.erb
[015a565a-3588-4c22-9180-5d9506708ab8]   Rendering admin/index.html.erb within layouts/application
[015a565a-3588-4c22-9180-5d9506708ab8]   Rendered admin/index.html.erb within layouts/application (Duration: 3.8ms | Allocations: 541)
[015a565a-3588-4c22-9180-5d9506708ab8]   Rendered layout layouts/application.html.erb (Duration: 25.0ms | Allocations: 2328)
[015a565a-3588-4c22-9180-5d9506708ab8] Completed 200 OK in 584ms (Views: 27.0ms | Allocations: 4448)


[f19ea84a-c396-4a08-b876-bf100a3b3bec] Started GET "/knockout" for ::1 at 2026-06-11 13:00:16 -0600
[f19ea84a-c396-4a08-b876-bf100a3b3bec] Processing by KnockoutController#index as HTML
[f19ea84a-c396-4a08-b876-bf100a3b3bec]   Rendering layout layouts/application.html.erb
[f19ea84a-c396-4a08-b876-bf100a3b3bec]   Rendering knockout/index.html.erb within layouts/application
[f19ea84a-c396-4a08-b876-bf100a3b3bec]   Rendered knockout/index.html.erb within layouts/application (Duration: 0.3ms | Allocations: 51)
[f19ea84a-c396-4a08-b876-bf100a3b3bec]   Rendered layout layouts/application.html.erb (Duration: 15.4ms | Allocations: 2115)
[f19ea84a-c396-4a08-b876-bf100a3b3bec] Completed 200 OK in 337ms (Views: 17.4ms | Allocations: 3444)


[dfe09a71-09e1-4af0-b846-cc931a60b1aa] Started GET "/groups" for ::1 at 2026-06-11 13:00:18 -0600
[dfe09a71-09e1-4af0-b846-cc931a60b1aa] Processing by GroupsController#index as HTML
[dfe09a71-09e1-4af0-b846-cc931a60b1aa]   Rendering layout layouts/application.html.erb
[dfe09a71-09e1-4af0-b846-cc931a60b1aa]   Rendering groups/index.html.erb within layouts/application
[dfe09a71-09e1-4af0-b846-cc931a60b1aa]   Rendered shared/_standings_table.html.erb (Duration: 3.7ms | Allocations: 365)
[dfe09a71-09e1-4af0-b846-cc931a60b1aa]   Rendered shared/_standings_table.html.erb (Duration: 0.2ms | Allocations: 108)
[dfe09a71-09e1-4af0-b846-cc931a60b1aa]   Rendered shared/_standings_table.html.erb (Duration: 0.2ms | Allocations: 107)
[dfe09a71-09e1-4af0-b846-cc931a60b1aa]   Rendered shared/_standings_table.html.erb (Duration: 0.4ms | Allocations: 110)
[dfe09a71-09e1-4af0-b846-cc931a60b1aa]   Rendered shared/_standings_table.html.erb (Duration: 0.2ms | Allocations: 108)
[dfe09a71-09e1-4af0-b846-cc931a60b1aa]   Rendered shared/_standings_table.html.erb (Duration: 0.3ms | Allocations: 105)
[dfe09a71-09e1-4af0-b846-cc931a60b1aa]   Rendered shared/_standings_table.html.erb (Duration: 0.1ms | Allocations: 107)
[dfe09a71-09e1-4af0-b846-cc931a60b1aa]   Rendered shared/_standings_table.html.erb (Duration: 0.2ms | Allocations: 107)
[dfe09a71-09e1-4af0-b846-cc931a60b1aa]   Rendered shared/_standings_table.html.erb (Duration: 0.8ms | Allocations: 105)
[dfe09a71-09e1-4af0-b846-cc931a60b1aa]   Rendered shared/_standings_table.html.erb (Duration: 0.2ms | Allocations: 109)
[dfe09a71-09e1-4af0-b846-cc931a60b1aa]   Rendered shared/_standings_table.html.erb (Duration: 0.2ms | Allocations: 106)
[dfe09a71-09e1-4af0-b846-cc931a60b1aa]   Rendered shared/_standings_table.html.erb (Duration: 0.2ms | Allocations: 105)
[dfe09a71-09e1-4af0-b846-cc931a60b1aa]   Rendered groups/index.html.erb within layouts/application (Duration: 35.6ms | Allocations: 3809)
[dfe09a71-09e1-4af0-b846-cc931a60b1aa]   Rendered layout layouts/application.html.erb (Duration: 51.6ms | Allocations: 5891)
[dfe09a71-09e1-4af0-b846-cc931a60b1aa] Completed 200 OK in 282ms (Views: 58.0ms | Allocations: 8264)


[3baae354-ef65-4ec0-90ee-d90f9bcd12cb] Started GET "/" for ::1 at 2026-06-11 13:13:40 -0600
[3baae354-ef65-4ec0-90ee-d90f9bcd12cb] Processing by DashboardController#index as HTML
[3baae354-ef65-4ec0-90ee-d90f9bcd12cb]   Rendering layout layouts/application.html.erb
[3baae354-ef65-4ec0-90ee-d90f9bcd12cb]   Rendering dashboard/index.html.erb within layouts/application
[3baae354-ef65-4ec0-90ee-d90f9bcd12cb]   Rendered dashboard/index.html.erb within layouts/application (Duration: 2.9ms | Allocations: 613)
[3baae354-ef65-4ec0-90ee-d90f9bcd12cb]   Rendered layout layouts/application.html.erb (Duration: 23.0ms | Allocations: 3007)
[3baae354-ef65-4ec0-90ee-d90f9bcd12cb] Completed 200 OK in 370ms (Views: 33.4ms | Allocations: 5148)


[8d28ce2c-15e9-4e8e-be64-68d79916579a] Started GET "/admin" for ::1 at 2026-06-11 13:13:44 -0600
[8d28ce2c-15e9-4e8e-be64-68d79916579a] Processing by AdminController#index as HTML
[8d28ce2c-15e9-4e8e-be64-68d79916579a]   Rendering layout layouts/application.html.erb
[8d28ce2c-15e9-4e8e-be64-68d79916579a]   Rendering admin/index.html.erb within layouts/application
[8d28ce2c-15e9-4e8e-be64-68d79916579a]   Rendered admin/index.html.erb within layouts/application (Duration: 5.9ms | Allocations: 1193)
[8d28ce2c-15e9-4e8e-be64-68d79916579a]   Rendered layout layouts/application.html.erb (Duration: 31.0ms | Allocations: 2984)
[8d28ce2c-15e9-4e8e-be64-68d79916579a] Completed 200 OK in 500ms (Views: 36.4ms | Allocations: 5256)


[8a8a5db9-5ab8-457e-a072-b38c8a3af937] Started POST "/admin/simulate" for ::1 at 2026-06-11 13:13:50 -0600
[8a8a5db9-5ab8-457e-a072-b38c8a3af937] Processing by AdminController#simulate as HTML
[8a8a5db9-5ab8-457e-a072-b38c8a3af937]   Parameters: {"authenticity_token" => "Mahv2_al36h_mqoyx3MlWSs9g1p7jtM4mYTAHSZAp8hTphFdA818J6O1u85y8y4Y9XHTzwtRgF9Wu5TTl6JjMQ", "button" => ""}
[8a8a5db9-5ab8-457e-a072-b38c8a3af937] Redirected to http://localhost:4000/admin
[8a8a5db9-5ab8-457e-a072-b38c8a3af937] Completed 302 Found in 235ms (Allocations: 1190)


[3af6f79b-a852-4536-a55e-68027c3f2d94] Started GET "/admin" for ::1 at 2026-06-11 13:13:50 -0600
[3af6f79b-a852-4536-a55e-68027c3f2d94] Processing by AdminController#index as HTML
[3af6f79b-a852-4536-a55e-68027c3f2d94]   Rendering layout layouts/application.html.erb
[3af6f79b-a852-4536-a55e-68027c3f2d94]   Rendering admin/index.html.erb within layouts/application
[3af6f79b-a852-4536-a55e-68027c3f2d94]   Rendered admin/index.html.erb within layouts/application (Duration: 1.9ms | Allocations: 549)
[3af6f79b-a852-4536-a55e-68027c3f2d94]   Rendered layout layouts/application.html.erb (Duration: 17.5ms | Allocations: 2338)
[3af6f79b-a852-4536-a55e-68027c3f2d94] Completed 200 OK in 367ms (Views: 18.8ms | Allocations: 4452)


[60fa6209-0787-4823-b024-d79eb49d22c5] Started GET "/" for ::1 at 2026-06-11 13:13:53 -0600
[60fa6209-0787-4823-b024-d79eb49d22c5] Processing by DashboardController#index as HTML
[60fa6209-0787-4823-b024-d79eb49d22c5]   Rendering layout layouts/application.html.erb
[60fa6209-0787-4823-b024-d79eb49d22c5]   Rendering dashboard/index.html.erb within layouts/application
[60fa6209-0787-4823-b024-d79eb49d22c5]   Rendered dashboard/index.html.erb within layouts/application (Duration: 0.5ms | Allocations: 196)
[60fa6209-0787-4823-b024-d79eb49d22c5]   Rendered layout layouts/application.html.erb (Duration: 14.9ms | Allocations: 2259)
[60fa6209-0787-4823-b024-d79eb49d22c5] Completed 200 OK in 250ms (Views: 16.3ms | Allocations: 3589)


[f21c5e54-99f5-45f9-9422-eaf5f0932d06] Started GET "/groups" for ::1 at 2026-06-11 13:13:54 -0600
[f21c5e54-99f5-45f9-9422-eaf5f0932d06] Processing by GroupsController#index as HTML
[f21c5e54-99f5-45f9-9422-eaf5f0932d06]   Rendering layout layouts/application.html.erb
[f21c5e54-99f5-45f9-9422-eaf5f0932d06]   Rendering groups/index.html.erb within layouts/application
[f21c5e54-99f5-45f9-9422-eaf5f0932d06]   Rendered shared/_standings_table.html.erb (Duration: 3.3ms | Allocations: 366)
[f21c5e54-99f5-45f9-9422-eaf5f0932d06]   Rendered shared/_standings_table.html.erb (Duration: 0.1ms | Allocations: 108)
[f21c5e54-99f5-45f9-9422-eaf5f0932d06]   Rendered shared/_standings_table.html.erb (Duration: 0.1ms | Allocations: 107)
[f21c5e54-99f5-45f9-9422-eaf5f0932d06]   Rendered shared/_standings_table.html.erb (Duration: 0.1ms | Allocations: 110)
[f21c5e54-99f5-45f9-9422-eaf5f0932d06]   Rendered shared/_standings_table.html.erb (Duration: 0.2ms | Allocations: 108)
[f21c5e54-99f5-45f9-9422-eaf5f0932d06]   Rendered shared/_standings_table.html.erb (Duration: 0.1ms | Allocations: 105)
[f21c5e54-99f5-45f9-9422-eaf5f0932d06]   Rendered shared/_standings_table.html.erb (Duration: 0.1ms | Allocations: 107)
[f21c5e54-99f5-45f9-9422-eaf5f0932d06]   Rendered shared/_standings_table.html.erb (Duration: 0.1ms | Allocations: 107)
[f21c5e54-99f5-45f9-9422-eaf5f0932d06]   Rendered shared/_standings_table.html.erb (Duration: 0.2ms | Allocations: 105)
[f21c5e54-99f5-45f9-9422-eaf5f0932d06]   Rendered shared/_standings_table.html.erb (Duration: 0.2ms | Allocations: 109)
[f21c5e54-99f5-45f9-9422-eaf5f0932d06]   Rendered shared/_standings_table.html.erb (Duration: 0.2ms | Allocations: 106)
[f21c5e54-99f5-45f9-9422-eaf5f0932d06]   Rendered shared/_standings_table.html.erb (Duration: 0.2ms | Allocations: 105)
[f21c5e54-99f5-45f9-9422-eaf5f0932d06]   Rendered groups/index.html.erb within layouts/application (Duration: 46.2ms | Allocations: 3794)
[f21c5e54-99f5-45f9-9422-eaf5f0932d06]   Rendered layout layouts/application.html.erb (Duration: 64.6ms | Allocations: 5892)
[f21c5e54-99f5-45f9-9422-eaf5f0932d06] Completed 200 OK in 250ms (Views: 68.3ms | Allocations: 8270)


[de7bdd57-caab-4bb0-96f3-4a377ebd67f5] Started GET "/matches" for ::1 at 2026-06-11 13:13:56 -0600
[de7bdd57-caab-4bb0-96f3-4a377ebd67f5] Processing by MatchesController#index as HTML
[de7bdd57-caab-4bb0-96f3-4a377ebd67f5]   Rendering layout layouts/application.html.erb
[de7bdd57-caab-4bb0-96f3-4a377ebd67f5]   Rendering matches/index.html.erb within layouts/application
[de7bdd57-caab-4bb0-96f3-4a377ebd67f5]   Rendered shared/_match_card.html.erb (Duration: 3.7ms | Allocations: 630)
[de7bdd57-caab-4bb0-96f3-4a377ebd67f5]   Rendered shared/_match_card.html.erb (Duration: 0.1ms | Allocations: 30)
[de7bdd57-caab-4bb0-96f3-4a377ebd67f5]   Rendered shared/_match_card.html.erb (Duration: 0.1ms | Allocations: 29)
[de7bdd57-caab-4bb0-96f3-4a377ebd67f5]   Rendered shared/_match_card.html.erb (Duration: 0.1ms | Allocations: 29)
[de7bdd57-caab-4bb0-96f3-4a377ebd67f5]   Rendered shared/_match_card.html.erb (Duration: 0.1ms | Allocations: 29)
[de7bdd57-caab-4bb0-96f3-4a377ebd67f5]   Rendered shared/_match_card.html.erb (Duration: 0.1ms | Allocations: 26)
[de7bdd57-caab-4bb0-96f3-4a377ebd67f5]   Rendered shared/_match_card.html.erb (Duration: 0.0ms | Allocations: 29)
[de7bdd57-caab-4bb0-96f3-4a377ebd67f5]   Rendered shared/_match_card.html.erb (Duration: 0.0ms | Allocations: 30)
[de7bdd57-caab-4bb0-96f3-4a377ebd67f5]   Rendered shared/_match_card.html.erb (Duration: 0.0ms | Allocations: 29)
[de7bdd57-caab-4bb0-96f3-4a377ebd67f5]   Rendered shared/_match_card.html.erb (Duration: 0.1ms | Allocations: 29)
[de7bdd57-caab-4bb0-96f3-4a377ebd67f5]   Rendered shared/_match_card.html.erb (Duration: 0.1ms | Allocations: 26)
[de7bdd57-caab-4bb0-96f3-4a377ebd67f5]   Rendered shared/_match_card.html.erb (Duration: 0.1ms | Allocations: 29)
[de7bdd57-caab-4bb0-96f3-4a377ebd67f5]   Rendered shared/_match_card.html.erb (Duration: 0.2ms | Allocations: 28)
[de7bdd57-caab-4bb0-96f3-4a377ebd67f5]   Rendered shared/_match_card.html.erb (Duration: 0.1ms | Allocations: 29)
[de7bdd57-caab-4bb0-96f3-4a377ebd67f5]   Rendered shared/_match_card.html.erb (Duration: 0.2ms | Allocations: 28)
[de7bdd57-caab-4bb0-96f3-4a377ebd67f5]   Rendered shared/_match_card.html.erb (Duration: 0.1ms | Allocations: 29)
[de7bdd57-caab-4bb0-96f3-4a377ebd67f5]   Rendered shared/_match_card.html.erb (Duration: 0.1ms | Allocations: 29)
[de7bdd57-caab-4bb0-96f3-4a377ebd67f5]   Rendered shared/_match_card.html.erb (Duration: 0.1ms | Allocations: 29)
[de7bdd57-caab-4bb0-96f3-4a377ebd67f5]   Rendered shared/_match_card.html.erb (Duration: 0.1ms | Allocations: 28)
[de7bdd57-caab-4bb0-96f3-4a377ebd67f5]   Rendered shared/_match_card.html.erb (Duration: 0.1ms | Allocations: 28)
[de7bdd57-caab-4bb0-96f3-4a377ebd67f5]   Rendered shared/_match_card.html.erb (Duration: 0.1ms | Allocations: 29)
[de7bdd57-caab-4bb0-96f3-4a377ebd67f5]   Rendered shared/_match_card.html.erb (Duration: 0.3ms | Allocations: 28)
[de7bdd57-caab-4bb0-96f3-4a377ebd67f5]   Rendered shared/_match_card.html.erb (Duration: 0.1ms | Allocations: 29)
[de7bdd57-caab-4bb0-96f3-4a377ebd67f5]   Rendered shared/_match_card.html.erb (Duration: 0.1ms | Allocations: 28)
[de7bdd57-caab-4bb0-96f3-4a377ebd67f5]   Rendered shared/_match_card.html.erb (Duration: 0.2ms | Allocations: 26)
[de7bdd57-caab-4bb0-96f3-4a377ebd67f5]   Rendered shared/_match_card.html.erb (Duration: 0.1ms | Allocations: 28)
[de7bdd57-caab-4bb0-96f3-4a377ebd67f5]   Rendered shared/_match_card.html.erb (Duration: 0.1ms | Allocations: 29)
[de7bdd57-caab-4bb0-96f3-4a377ebd67f5]   Rendered shared/_match_card.html.erb (Duration: 0.1ms | Allocations: 29)
[de7bdd57-caab-4bb0-96f3-4a377ebd67f5]   Rendered shared/_match_card.html.erb (Duration: 0.1ms | Allocations: 28)
[de7bdd57-caab-4bb0-96f3-4a377ebd67f5]   Rendered shared/_match_card.html.erb (Duration: 0.1ms | Allocations: 28)
[de7bdd57-caab-4bb0-96f3-4a377ebd67f5]   Rendered shared/_match_card.html.erb (Duration: 0.1ms | Allocations: 29)
[de7bdd57-caab-4bb0-96f3-4a377ebd67f5]   Rendered shared/_match_card.html.erb (Duration: 0.1ms | Allocations: 29)
[de7bdd57-caab-4bb0-96f3-4a377ebd67f5]   Rendered shared/_match_card.html.erb (Duration: 0.1ms | Allocations: 26)
[de7bdd57-caab-4bb0-96f3-4a377ebd67f5]   Rendered shared/_match_card.html.erb (Duration: 0.1ms | Allocations: 28)
[de7bdd57-caab-4bb0-96f3-4a377ebd67f5]   Rendered shared/_match_card.html.erb (Duration: 0.1ms | Allocations: 30)
[de7bdd57-caab-4bb0-96f3-4a377ebd67f5]   Rendered shared/_match_card.html.erb (Duration: 0.1ms | Allocations: 28)
[de7bdd57-caab-4bb0-96f3-4a377ebd67f5]   Rendered shared/_match_card.html.erb (Duration: 0.1ms | Allocations: 28)
[de7bdd57-caab-4bb0-96f3-4a377ebd67f5]   Rendered shared/_match_card.html.erb (Duration: 0.1ms | Allocations: 30)
[de7bdd57-caab-4bb0-96f3-4a377ebd67f5]   Rendered shared/_match_card.html.erb (Duration: 0.2ms | Allocations: 29)
[de7bdd57-caab-4bb0-96f3-4a377ebd67f5]   Rendered shared/_match_card.html.erb (Duration: 0.2ms | Allocations: 29)
[de7bdd57-caab-4bb0-96f3-4a377ebd67f5]   Rendered shared/_match_card.html.erb (Duration: 0.3ms | Allocations: 29)
[de7bdd57-caab-4bb0-96f3-4a377ebd67f5]   Rendered shared/_match_card.html.erb (Duration: 0.1ms | Allocations: 26)
[de7bdd57-caab-4bb0-96f3-4a377ebd67f5]   Rendered shared/_match_card.html.erb (Duration: 0.1ms | Allocations: 26)
[de7bdd57-caab-4bb0-96f3-4a377ebd67f5]   Rendered shared/_match_card.html.erb (Duration: 0.1ms | Allocations: 29)
[de7bdd57-caab-4bb0-96f3-4a377ebd67f5]   Rendered shared/_match_card.html.erb (Duration: 0.1ms | Allocations: 26)
[de7bdd57-caab-4bb0-96f3-4a377ebd67f5]   Rendered shared/_match_card.html.erb (Duration: 0.2ms | Allocations: 29)
[de7bdd57-caab-4bb0-96f3-4a377ebd67f5]   Rendered shared/_match_card.html.erb (Duration: 0.1ms | Allocations: 28)
[de7bdd57-caab-4bb0-96f3-4a377ebd67f5]   Rendered shared/_match_card.html.erb (Duration: 0.2ms | Allocations: 28)
[de7bdd57-caab-4bb0-96f3-4a377ebd67f5]   Rendered shared/_match_card.html.erb (Duration: 0.1ms | Allocations: 26)
[de7bdd57-caab-4bb0-96f3-4a377ebd67f5]   Rendered shared/_match_card.html.erb (Duration: 0.1ms | Allocations: 28)
[de7bdd57-caab-4bb0-96f3-4a377ebd67f5]   Rendered shared/_match_card.html.erb (Duration: 0.2ms | Allocations: 29)
[de7bdd57-caab-4bb0-96f3-4a377ebd67f5]   Rendered shared/_match_card.html.erb (Duration: 0.1ms | Allocations: 28)
[de7bdd57-caab-4bb0-96f3-4a377ebd67f5]   Rendered shared/_match_card.html.erb (Duration: 0.1ms | Allocations: 28)
[de7bdd57-caab-4bb0-96f3-4a377ebd67f5]   Rendered shared/_match_card.html.erb (Duration: 0.3ms | Allocations: 28)
[de7bdd57-caab-4bb0-96f3-4a377ebd67f5]   Rendered shared/_match_card.html.erb (Duration: 0.2ms | Allocations: 28)
[de7bdd57-caab-4bb0-96f3-4a377ebd67f5]   Rendered shared/_match_card.html.erb (Duration: 0.2ms | Allocations: 29)
[de7bdd57-caab-4bb0-96f3-4a377ebd67f5]   Rendered shared/_match_card.html.erb (Duration: 0.2ms | Allocations: 29)
[de7bdd57-caab-4bb0-96f3-4a377ebd67f5]   Rendered shared/_match_card.html.erb (Duration: 0.2ms | Allocations: 28)
[de7bdd57-caab-4bb0-96f3-4a377ebd67f5]   Rendered shared/_match_card.html.erb (Duration: 0.3ms | Allocations: 29)
[de7bdd57-caab-4bb0-96f3-4a377ebd67f5]   Rendered shared/_match_card.html.erb (Duration: 0.3ms | Allocations: 28)
[de7bdd57-caab-4bb0-96f3-4a377ebd67f5]   Rendered shared/_match_card.html.erb (Duration: 0.1ms | Allocations: 28)
[de7bdd57-caab-4bb0-96f3-4a377ebd67f5]   Rendered shared/_match_card.html.erb (Duration: 0.1ms | Allocations: 29)
[de7bdd57-caab-4bb0-96f3-4a377ebd67f5]   Rendered shared/_match_card.html.erb (Duration: 0.3ms | Allocations: 26)
[de7bdd57-caab-4bb0-96f3-4a377ebd67f5]   Rendered shared/_match_card.html.erb (Duration: 0.1ms | Allocations: 30)
[de7bdd57-caab-4bb0-96f3-4a377ebd67f5]   Rendered shared/_match_card.html.erb (Duration: 0.4ms | Allocations: 29)
[de7bdd57-caab-4bb0-96f3-4a377ebd67f5]   Rendered shared/_match_card.html.erb (Duration: 0.2ms | Allocations: 28)
[de7bdd57-caab-4bb0-96f3-4a377ebd67f5]   Rendered shared/_match_card.html.erb (Duration: 0.2ms | Allocations: 26)
[de7bdd57-caab-4bb0-96f3-4a377ebd67f5]   Rendered shared/_match_card.html.erb (Duration: 0.1ms | Allocations: 29)
[de7bdd57-caab-4bb0-96f3-4a377ebd67f5]   Rendered shared/_match_card.html.erb (Duration: 0.1ms | Allocations: 30)
[de7bdd57-caab-4bb0-96f3-4a377ebd67f5]   Rendered shared/_match_card.html.erb (Duration: 0.0ms | Allocations: 28)
[de7bdd57-caab-4bb0-96f3-4a377ebd67f5]   Rendered shared/_match_card.html.erb (Duration: 0.1ms | Allocations: 29)
[de7bdd57-caab-4bb0-96f3-4a377ebd67f5]   Rendered shared/_match_card.html.erb (Duration: 0.1ms | Allocations: 28)
[de7bdd57-caab-4bb0-96f3-4a377ebd67f5]   Rendered matches/index.html.erb within layouts/application (Duration: 83.5ms | Allocations: 7759)
[de7bdd57-caab-4bb0-96f3-4a377ebd67f5]   Rendered layout layouts/application.html.erb (Duration: 99.9ms | Allocations: 9840)
[de7bdd57-caab-4bb0-96f3-4a377ebd67f5] Completed 200 OK in 517ms (Views: 103.9ms | Allocations: 12769)


[6a2f827b-e140-49a5-ba18-479f5c28a2d8] Started GET "/knockout" for ::1 at 2026-06-11 13:13:59 -0600
[6a2f827b-e140-49a5-ba18-479f5c28a2d8] Processing by KnockoutController#index as HTML
[6a2f827b-e140-49a5-ba18-479f5c28a2d8]   Rendering layout layouts/application.html.erb
[6a2f827b-e140-49a5-ba18-479f5c28a2d8]   Rendering knockout/index.html.erb within layouts/application
[6a2f827b-e140-49a5-ba18-479f5c28a2d8]   Rendered knockout/index.html.erb within layouts/application (Duration: 4.1ms | Allocations: 1018)
[6a2f827b-e140-49a5-ba18-479f5c28a2d8]   Rendered layout layouts/application.html.erb (Duration: 17.7ms | Allocations: 3094)
[6a2f827b-e140-49a5-ba18-479f5c28a2d8] Completed 200 OK in 273ms (Views: 23.2ms | Allocations: 4573)


[7d24ee3e-88a3-42b1-b96b-66b8855aa0ad] Started GET "/matches" for ::1 at 2026-06-11 13:14:00 -0600
[7d24ee3e-88a3-42b1-b96b-66b8855aa0ad] Processing by MatchesController#index as HTML
[7d24ee3e-88a3-42b1-b96b-66b8855aa0ad]   Rendering layout layouts/application.html.erb
[7d24ee3e-88a3-42b1-b96b-66b8855aa0ad]   Rendering matches/index.html.erb within layouts/application
[7d24ee3e-88a3-42b1-b96b-66b8855aa0ad]   Rendered shared/_match_card.html.erb (Duration: 0.0ms | Allocations: 31)
[7d24ee3e-88a3-42b1-b96b-66b8855aa0ad]   Rendered shared/_match_card.html.erb (Duration: 0.1ms | Allocations: 30)
[7d24ee3e-88a3-42b1-b96b-66b8855aa0ad]   Rendered shared/_match_card.html.erb (Duration: 0.1ms | Allocations: 29)
[7d24ee3e-88a3-42b1-b96b-66b8855aa0ad]   Rendered shared/_match_card.html.erb (Duration: 0.2ms | Allocations: 29)
[7d24ee3e-88a3-42b1-b96b-66b8855aa0ad]   Rendered shared/_match_card.html.erb (Duration: 0.1ms | Allocations: 29)
[7d24ee3e-88a3-42b1-b96b-66b8855aa0ad]   Rendered shared/_match_card.html.erb (Duration: 0.1ms | Allocations: 26)
[7d24ee3e-88a3-42b1-b96b-66b8855aa0ad]   Rendered shared/_match_card.html.erb (Duration: 0.1ms | Allocations: 29)
[7d24ee3e-88a3-42b1-b96b-66b8855aa0ad]   Rendered shared/_match_card.html.erb (Duration: 0.1ms | Allocations: 30)
[7d24ee3e-88a3-42b1-b96b-66b8855aa0ad]   Rendered shared/_match_card.html.erb (Duration: 0.1ms | Allocations: 29)
[7d24ee3e-88a3-42b1-b96b-66b8855aa0ad]   Rendered shared/_match_card.html.erb (Duration: 0.0ms | Allocations: 29)
[7d24ee3e-88a3-42b1-b96b-66b8855aa0ad]   Rendered shared/_match_card.html.erb (Duration: 0.0ms | Allocations: 26)
[7d24ee3e-88a3-42b1-b96b-66b8855aa0ad]   Rendered shared/_match_card.html.erb (Duration: 0.0ms | Allocations: 29)
[7d24ee3e-88a3-42b1-b96b-66b8855aa0ad]   Rendered shared/_match_card.html.erb (Duration: 0.1ms | Allocations: 28)
[7d24ee3e-88a3-42b1-b96b-66b8855aa0ad]   Rendered shared/_match_card.html.erb (Duration: 0.5ms | Allocations: 29)
[7d24ee3e-88a3-42b1-b96b-66b8855aa0ad]   Rendered shared/_match_card.html.erb (Duration: 0.4ms | Allocations: 28)
[7d24ee3e-88a3-42b1-b96b-66b8855aa0ad]   Rendered shared/_match_card.html.erb (Duration: 0.2ms | Allocations: 29)
[7d24ee3e-88a3-42b1-b96b-66b8855aa0ad]   Rendered shared/_match_card.html.erb (Duration: 0.1ms | Allocations: 29)
[7d24ee3e-88a3-42b1-b96b-66b8855aa0ad]   Rendered shared/_match_card.html.erb (Duration: 0.1ms | Allocations: 29)
[7d24ee3e-88a3-42b1-b96b-66b8855aa0ad]   Rendered shared/_match_card.html.erb (Duration: 0.1ms | Allocations: 28)
[7d24ee3e-88a3-42b1-b96b-66b8855aa0ad]   Rendered shared/_match_card.html.erb (Duration: 0.1ms | Allocations: 28)
[7d24ee3e-88a3-42b1-b96b-66b8855aa0ad]   Rendered shared/_match_card.html.erb (Duration: 0.1ms | Allocations: 29)
[7d24ee3e-88a3-42b1-b96b-66b8855aa0ad]   Rendered shared/_match_card.html.erb (Duration: 0.1ms | Allocations: 28)
[7d24ee3e-88a3-42b1-b96b-66b8855aa0ad]   Rendered shared/_match_card.html.erb (Duration: 0.1ms | Allocations: 29)
[7d24ee3e-88a3-42b1-b96b-66b8855aa0ad]   Rendered shared/_match_card.html.erb (Duration: 0.1ms | Allocations: 28)
[7d24ee3e-88a3-42b1-b96b-66b8855aa0ad]   Rendered shared/_match_card.html.erb (Duration: 0.1ms | Allocations: 26)
[7d24ee3e-88a3-42b1-b96b-66b8855aa0ad]   Rendered shared/_match_card.html.erb (Duration: 0.1ms | Allocations: 28)
[7d24ee3e-88a3-42b1-b96b-66b8855aa0ad]   Rendered shared/_match_card.html.erb (Duration: 0.1ms | Allocations: 29)
[7d24ee3e-88a3-42b1-b96b-66b8855aa0ad]   Rendered shared/_match_card.html.erb (Duration: 0.1ms | Allocations: 29)
[7d24ee3e-88a3-42b1-b96b-66b8855aa0ad]   Rendered shared/_match_card.html.erb (Duration: 0.1ms | Allocations: 28)
[7d24ee3e-88a3-42b1-b96b-66b8855aa0ad]   Rendered shared/_match_card.html.erb (Duration: 0.4ms | Allocations: 28)
[7d24ee3e-88a3-42b1-b96b-66b8855aa0ad]   Rendered shared/_match_card.html.erb (Duration: 0.1ms | Allocations: 29)
[7d24ee3e-88a3-42b1-b96b-66b8855aa0ad]   Rendered shared/_match_card.html.erb (Duration: 0.1ms | Allocations: 29)
[7d24ee3e-88a3-42b1-b96b-66b8855aa0ad]   Rendered shared/_match_card.html.erb (Duration: 0.1ms | Allocations: 26)
[7d24ee3e-88a3-42b1-b96b-66b8855aa0ad]   Rendered shared/_match_card.html.erb (Duration: 0.1ms | Allocations: 28)
[7d24ee3e-88a3-42b1-b96b-66b8855aa0ad]   Rendered shared/_match_card.html.erb (Duration: 0.1ms | Allocations: 30)
[7d24ee3e-88a3-42b1-b96b-66b8855aa0ad]   Rendered shared/_match_card.html.erb (Duration: 0.1ms | Allocations: 28)
[7d24ee3e-88a3-42b1-b96b-66b8855aa0ad]   Rendered shared/_match_card.html.erb (Duration: 0.1ms | Allocations: 28)
[7d24ee3e-88a3-42b1-b96b-66b8855aa0ad]   Rendered shared/_match_card.html.erb (Duration: 0.1ms | Allocations: 30)
[7d24ee3e-88a3-42b1-b96b-66b8855aa0ad]   Rendered shared/_match_card.html.erb (Duration: 0.1ms | Allocations: 29)
[7d24ee3e-88a3-42b1-b96b-66b8855aa0ad]   Rendered shared/_match_card.html.erb (Duration: 0.1ms | Allocations: 29)
[7d24ee3e-88a3-42b1-b96b-66b8855aa0ad]   Rendered shared/_match_card.html.erb (Duration: 0.1ms | Allocations: 29)
[7d24ee3e-88a3-42b1-b96b-66b8855aa0ad]   Rendered shared/_match_card.html.erb (Duration: 0.1ms | Allocations: 26)
[7d24ee3e-88a3-42b1-b96b-66b8855aa0ad]   Rendered shared/_match_card.html.erb (Duration: 0.1ms | Allocations: 26)
[7d24ee3e-88a3-42b1-b96b-66b8855aa0ad]   Rendered shared/_match_card.html.erb (Duration: 0.1ms | Allocations: 29)
[7d24ee3e-88a3-42b1-b96b-66b8855aa0ad]   Rendered shared/_match_card.html.erb (Duration: 0.1ms | Allocations: 26)
[7d24ee3e-88a3-42b1-b96b-66b8855aa0ad]   Rendered shared/_match_card.html.erb (Duration: 0.1ms | Allocations: 29)
[7d24ee3e-88a3-42b1-b96b-66b8855aa0ad]   Rendered shared/_match_card.html.erb (Duration: 0.1ms | Allocations: 28)
[7d24ee3e-88a3-42b1-b96b-66b8855aa0ad]   Rendered shared/_match_card.html.erb (Duration: 0.1ms | Allocations: 28)
[7d24ee3e-88a3-42b1-b96b-66b8855aa0ad]   Rendered shared/_match_card.html.erb (Duration: 0.1ms | Allocations: 26)
[7d24ee3e-88a3-42b1-b96b-66b8855aa0ad]   Rendered shared/_match_card.html.erb (Duration: 0.1ms | Allocations: 28)
[7d24ee3e-88a3-42b1-b96b-66b8855aa0ad]   Rendered shared/_match_card.html.erb (Duration: 0.1ms | Allocations: 29)
[7d24ee3e-88a3-42b1-b96b-66b8855aa0ad]   Rendered shared/_match_card.html.erb (Duration: 0.1ms | Allocations: 28)
[7d24ee3e-88a3-42b1-b96b-66b8855aa0ad]   Rendered shared/_match_card.html.erb (Duration: 0.1ms | Allocations: 28)
[7d24ee3e-88a3-42b1-b96b-66b8855aa0ad]   Rendered shared/_match_card.html.erb (Duration: 0.1ms | Allocations: 28)
[7d24ee3e-88a3-42b1-b96b-66b8855aa0ad]   Rendered shared/_match_card.html.erb (Duration: 0.1ms | Allocations: 28)
[7d24ee3e-88a3-42b1-b96b-66b8855aa0ad]   Rendered shared/_match_card.html.erb (Duration: 0.1ms | Allocations: 29)
[7d24ee3e-88a3-42b1-b96b-66b8855aa0ad]   Rendered shared/_match_card.html.erb (Duration: 0.1ms | Allocations: 29)
[7d24ee3e-88a3-42b1-b96b-66b8855aa0ad]   Rendered shared/_match_card.html.erb (Duration: 0.2ms | Allocations: 28)
[7d24ee3e-88a3-42b1-b96b-66b8855aa0ad]   Rendered shared/_match_card.html.erb (Duration: 0.1ms | Allocations: 29)
[7d24ee3e-88a3-42b1-b96b-66b8855aa0ad]   Rendered shared/_match_card.html.erb (Duration: 0.1ms | Allocations: 28)
[7d24ee3e-88a3-42b1-b96b-66b8855aa0ad]   Rendered shared/_match_card.html.erb (Duration: 0.1ms | Allocations: 28)
[7d24ee3e-88a3-42b1-b96b-66b8855aa0ad]   Rendered shared/_match_card.html.erb (Duration: 0.1ms | Allocations: 29)
[7d24ee3e-88a3-42b1-b96b-66b8855aa0ad]   Rendered shared/_match_card.html.erb (Duration: 0.6ms | Allocations: 26)
[7d24ee3e-88a3-42b1-b96b-66b8855aa0ad]   Rendered shared/_match_card.html.erb (Duration: 0.1ms | Allocations: 30)
[7d24ee3e-88a3-42b1-b96b-66b8855aa0ad]   Rendered shared/_match_card.html.erb (Duration: 0.1ms | Allocations: 29)
[7d24ee3e-88a3-42b1-b96b-66b8855aa0ad]   Rendered shared/_match_card.html.erb (Duration: 0.1ms | Allocations: 28)
[7d24ee3e-88a3-42b1-b96b-66b8855aa0ad]   Rendered shared/_match_card.html.erb (Duration: 0.1ms | Allocations: 26)
[7d24ee3e-88a3-42b1-b96b-66b8855aa0ad]   Rendered shared/_match_card.html.erb (Duration: 0.1ms | Allocations: 29)
[7d24ee3e-88a3-42b1-b96b-66b8855aa0ad]   Rendered shared/_match_card.html.erb (Duration: 0.1ms | Allocations: 30)
[7d24ee3e-88a3-42b1-b96b-66b8855aa0ad]   Rendered shared/_match_card.html.erb (Duration: 0.0ms | Allocations: 28)
[7d24ee3e-88a3-42b1-b96b-66b8855aa0ad]   Rendered shared/_match_card.html.erb (Duration: 0.1ms | Allocations: 29)
[7d24ee3e-88a3-42b1-b96b-66b8855aa0ad]   Rendered shared/_match_card.html.erb (Duration: 0.1ms | Allocations: 28)
[7d24ee3e-88a3-42b1-b96b-66b8855aa0ad]   Rendered matches/index.html.erb within layouts/application (Duration: 55.8ms | Allocations: 6807)
[7d24ee3e-88a3-42b1-b96b-66b8855aa0ad]   Rendered layout layouts/application.html.erb (Duration: 71.3ms | Allocations: 8871)
[7d24ee3e-88a3-42b1-b96b-66b8855aa0ad] Completed 200 OK in 615ms (Views: 73.0ms | Allocations: 11644)


[a5ddd47d-fca1-485c-a1c0-773c4de52c82] Started GET "/matches?status=scheduled" for ::1 at 2026-06-11 13:14:04 -0600
[a5ddd47d-fca1-485c-a1c0-773c4de52c82] Processing by MatchesController#index as HTML
[a5ddd47d-fca1-485c-a1c0-773c4de52c82]   Parameters: {"status" => "scheduled"}
[a5ddd47d-fca1-485c-a1c0-773c4de52c82]   Rendering layout layouts/application.html.erb
[a5ddd47d-fca1-485c-a1c0-773c4de52c82]   Rendering matches/index.html.erb within layouts/application
[a5ddd47d-fca1-485c-a1c0-773c4de52c82]   Rendered matches/index.html.erb within layouts/application (Duration: 3.0ms | Allocations: 897)
[a5ddd47d-fca1-485c-a1c0-773c4de52c82]   Rendered layout layouts/application.html.erb (Duration: 19.7ms | Allocations: 2959)
[a5ddd47d-fca1-485c-a1c0-773c4de52c82] Completed 200 OK in 127ms (Views: 21.5ms | Allocations: 3592)


[c24ed9e4-000c-4d91-99b3-c6e4de23b887] Started GET "/matches?status=scheduled" for ::1 at 2026-06-11 13:16:56 -0600
[c24ed9e4-000c-4d91-99b3-c6e4de23b887] Processing by MatchesController#index as HTML
[c24ed9e4-000c-4d91-99b3-c6e4de23b887]   Parameters: {"status" => "scheduled"}
[c24ed9e4-000c-4d91-99b3-c6e4de23b887]   Rendering layout layouts/application.html.erb
[c24ed9e4-000c-4d91-99b3-c6e4de23b887]   Rendering matches/index.html.erb within layouts/application
[c24ed9e4-000c-4d91-99b3-c6e4de23b887]   Rendered matches/index.html.erb within layouts/application (Duration: 1.2ms | Allocations: 897)
[c24ed9e4-000c-4d91-99b3-c6e4de23b887]   Rendered layout layouts/application.html.erb (Duration: 16.4ms | Allocations: 2966)
[c24ed9e4-000c-4d91-99b3-c6e4de23b887] Completed 200 OK in 569ms (Views: 18.7ms | Allocations: 3602)


[a7fe8526-9ad0-464f-92c2-9389549a3d9d] Started GET "/" for ::1 at 2026-06-11 13:16:58 -0600
[a7fe8526-9ad0-464f-92c2-9389549a3d9d] Processing by DashboardController#index as HTML
[a7fe8526-9ad0-464f-92c2-9389549a3d9d]   Rendering layout layouts/application.html.erb
[a7fe8526-9ad0-464f-92c2-9389549a3d9d]   Rendering dashboard/index.html.erb within layouts/application
[a7fe8526-9ad0-464f-92c2-9389549a3d9d]   Rendered dashboard/index.html.erb within layouts/application (Duration: 0.7ms | Allocations: 196)
[a7fe8526-9ad0-464f-92c2-9389549a3d9d]   Rendered layout layouts/application.html.erb (Duration: 15.8ms | Allocations: 2259)
[a7fe8526-9ad0-464f-92c2-9389549a3d9d] Completed 200 OK in 412ms (Views: 18.0ms | Allocations: 3601)


[98194644-2107-450f-b54d-2f8a3d954429] Started GET "/knockout" for ::1 at 2026-06-11 13:17:02 -0600
[98194644-2107-450f-b54d-2f8a3d954429] Processing by KnockoutController#index as HTML
[98194644-2107-450f-b54d-2f8a3d954429]   Rendering layout layouts/application.html.erb
[98194644-2107-450f-b54d-2f8a3d954429]   Rendering knockout/index.html.erb within layouts/application
[98194644-2107-450f-b54d-2f8a3d954429]   Rendered knockout/index.html.erb within layouts/application (Duration: 1.4ms | Allocations: 51)
[98194644-2107-450f-b54d-2f8a3d954429]   Rendered layout layouts/application.html.erb (Duration: 20.7ms | Allocations: 2118)
[98194644-2107-450f-b54d-2f8a3d954429] Completed 200 OK in 328ms (Views: 24.3ms | Allocations: 3447)


[b55810f9-2d57-4a89-b393-39ec777ba74f] Started GET "/admin" for ::1 at 2026-06-11 13:17:04 -0600
[b55810f9-2d57-4a89-b393-39ec777ba74f] Processing by AdminController#index as HTML
[b55810f9-2d57-4a89-b393-39ec777ba74f]   Rendering layout layouts/application.html.erb
[b55810f9-2d57-4a89-b393-39ec777ba74f]   Rendering admin/index.html.erb within layouts/application
[b55810f9-2d57-4a89-b393-39ec777ba74f]   Rendered admin/index.html.erb within layouts/application (Duration: 1.4ms | Allocations: 537)
[b55810f9-2d57-4a89-b393-39ec777ba74f]   Rendered layout layouts/application.html.erb (Duration: 17.2ms | Allocations: 2324)
[b55810f9-2d57-4a89-b393-39ec777ba74f] Completed 200 OK in 354ms (Views: 18.7ms | Allocations: 4444)


[977b8e2e-8e67-43a0-8da0-d43b15fda44b] Started GET "/groups" for ::1 at 2026-06-11 13:17:07 -0600
[977b8e2e-8e67-43a0-8da0-d43b15fda44b] Processing by GroupsController#index as HTML
[977b8e2e-8e67-43a0-8da0-d43b15fda44b]   Rendering layout layouts/application.html.erb
[977b8e2e-8e67-43a0-8da0-d43b15fda44b]   Rendering groups/index.html.erb within layouts/application
[977b8e2e-8e67-43a0-8da0-d43b15fda44b]   Rendered shared/_standings_table.html.erb (Duration: 0.1ms | Allocations: 106)
[977b8e2e-8e67-43a0-8da0-d43b15fda44b]   Rendered shared/_standings_table.html.erb (Duration: 0.1ms | Allocations: 108)
[977b8e2e-8e67-43a0-8da0-d43b15fda44b]   Rendered shared/_standings_table.html.erb (Duration: 0.1ms | Allocations: 107)
[977b8e2e-8e67-43a0-8da0-d43b15fda44b]   Rendered shared/_standings_table.html.erb (Duration: 0.1ms | Allocations: 110)
[977b8e2e-8e67-43a0-8da0-d43b15fda44b]   Rendered shared/_standings_table.html.erb (Duration: 0.9ms | Allocations: 108)
[977b8e2e-8e67-43a0-8da0-d43b15fda44b]   Rendered shared/_standings_table.html.erb (Duration: 0.1ms | Allocations: 105)
[977b8e2e-8e67-43a0-8da0-d43b15fda44b]   Rendered shared/_standings_table.html.erb (Duration: 0.7ms | Allocations: 107)
[977b8e2e-8e67-43a0-8da0-d43b15fda44b]   Rendered shared/_standings_table.html.erb (Duration: 0.2ms | Allocations: 107)
[977b8e2e-8e67-43a0-8da0-d43b15fda44b]   Rendered shared/_standings_table.html.erb (Duration: 0.1ms | Allocations: 105)
[977b8e2e-8e67-43a0-8da0-d43b15fda44b]   Rendered shared/_standings_table.html.erb (Duration: 0.3ms | Allocations: 109)
[977b8e2e-8e67-43a0-8da0-d43b15fda44b]   Rendered shared/_standings_table.html.erb (Duration: 0.3ms | Allocations: 106)
[977b8e2e-8e67-43a0-8da0-d43b15fda44b]   Rendered shared/_standings_table.html.erb (Duration: 0.3ms | Allocations: 105)
[977b8e2e-8e67-43a0-8da0-d43b15fda44b]   Rendered groups/index.html.erb within layouts/application (Duration: 15.9ms | Allocations: 2866)
[977b8e2e-8e67-43a0-8da0-d43b15fda44b]   Rendered layout layouts/application.html.erb (Duration: 30.5ms | Allocations: 4925)
[977b8e2e-8e67-43a0-8da0-d43b15fda44b] Completed 200 OK in 200ms (Views: 31.9ms | Allocations: 7136)


[719c068c-6932-405b-aced-2e3ecb349521] Started GET "/matches" for ::1 at 2026-06-11 13:17:09 -0600
[719c068c-6932-405b-aced-2e3ecb349521] Processing by MatchesController#index as HTML
[719c068c-6932-405b-aced-2e3ecb349521]   Rendering layout layouts/application.html.erb
[719c068c-6932-405b-aced-2e3ecb349521]   Rendering matches/index.html.erb within layouts/application
[719c068c-6932-405b-aced-2e3ecb349521]   Rendered shared/_match_card.html.erb (Duration: 0.1ms | Allocations: 31)
[719c068c-6932-405b-aced-2e3ecb349521]   Rendered shared/_match_card.html.erb (Duration: 0.1ms | Allocations: 30)
[719c068c-6932-405b-aced-2e3ecb349521]   Rendered shared/_match_card.html.erb (Duration: 0.2ms | Allocations: 29)
[719c068c-6932-405b-aced-2e3ecb349521]   Rendered shared/_match_card.html.erb (Duration: 0.2ms | Allocations: 29)
[719c068c-6932-405b-aced-2e3ecb349521]   Rendered shared/_match_card.html.erb (Duration: 0.4ms | Allocations: 29)
[719c068c-6932-405b-aced-2e3ecb349521]   Rendered shared/_match_card.html.erb (Duration: 0.2ms | Allocations: 26)
[719c068c-6932-405b-aced-2e3ecb349521]   Rendered shared/_match_card.html.erb (Duration: 0.4ms | Allocations: 29)
[719c068c-6932-405b-aced-2e3ecb349521]   Rendered shared/_match_card.html.erb (Duration: 0.2ms | Allocations: 30)
[719c068c-6932-405b-aced-2e3ecb349521]   Rendered shared/_match_card.html.erb (Duration: 0.5ms | Allocations: 29)
[719c068c-6932-405b-aced-2e3ecb349521]   Rendered shared/_match_card.html.erb (Duration: 0.2ms | Allocations: 29)
[719c068c-6932-405b-aced-2e3ecb349521]   Rendered shared/_match_card.html.erb (Duration: 0.1ms | Allocations: 26)
[719c068c-6932-405b-aced-2e3ecb349521]   Rendered shared/_match_card.html.erb (Duration: 0.3ms | Allocations: 29)
[719c068c-6932-405b-aced-2e3ecb349521]   Rendered shared/_match_card.html.erb (Duration: 0.1ms | Allocations: 28)
[719c068c-6932-405b-aced-2e3ecb349521]   Rendered shared/_match_card.html.erb (Duration: 0.1ms | Allocations: 29)
[719c068c-6932-405b-aced-2e3ecb349521]   Rendered shared/_match_card.html.erb (Duration: 0.1ms | Allocations: 28)
[719c068c-6932-405b-aced-2e3ecb349521]   Rendered shared/_match_card.html.erb (Duration: 0.1ms | Allocations: 29)
[719c068c-6932-405b-aced-2e3ecb349521]   Rendered shared/_match_card.html.erb (Duration: 0.1ms | Allocations: 29)
[719c068c-6932-405b-aced-2e3ecb349521]   Rendered shared/_match_card.html.erb (Duration: 0.2ms | Allocations: 29)
[719c068c-6932-405b-aced-2e3ecb349521]   Rendered shared/_match_card.html.erb (Duration: 0.1ms | Allocations: 28)
[719c068c-6932-405b-aced-2e3ecb349521]   Rendered shared/_match_card.html.erb (Duration: 0.1ms | Allocations: 28)
[719c068c-6932-405b-aced-2e3ecb349521]   Rendered shared/_match_card.html.erb (Duration: 0.1ms | Allocations: 29)
[719c068c-6932-405b-aced-2e3ecb349521]   Rendered shared/_match_card.html.erb (Duration: 0.3ms | Allocations: 28)
[719c068c-6932-405b-aced-2e3ecb349521]   Rendered shared/_match_card.html.erb (Duration: 0.1ms | Allocations: 29)
[719c068c-6932-405b-aced-2e3ecb349521]   Rendered shared/_match_card.html.erb (Duration: 0.1ms | Allocations: 28)
[719c068c-6932-405b-aced-2e3ecb349521]   Rendered shared/_match_card.html.erb (Duration: 0.1ms | Allocations: 26)
[719c068c-6932-405b-aced-2e3ecb349521]   Rendered shared/_match_card.html.erb (Duration: 0.2ms | Allocations: 28)
[719c068c-6932-405b-aced-2e3ecb349521]   Rendered shared/_match_card.html.erb (Duration: 0.1ms | Allocations: 29)
[719c068c-6932-405b-aced-2e3ecb349521]   Rendered shared/_match_card.html.erb (Duration: 0.2ms | Allocations: 29)
[719c068c-6932-405b-aced-2e3ecb349521]   Rendered shared/_match_card.html.erb (Duration: 0.2ms | Allocations: 28)
[719c068c-6932-405b-aced-2e3ecb349521]   Rendered shared/_match_card.html.erb (Duration: 0.1ms | Allocations: 28)
[719c068c-6932-405b-aced-2e3ecb349521]   Rendered shared/_match_card.html.erb (Duration: 0.1ms | Allocations: 29)
[719c068c-6932-405b-aced-2e3ecb349521]   Rendered shared/_match_card.html.erb (Duration: 0.1ms | Allocations: 29)
[719c068c-6932-405b-aced-2e3ecb349521]   Rendered shared/_match_card.html.erb (Duration: 0.1ms | Allocations: 26)
[719c068c-6932-405b-aced-2e3ecb349521]   Rendered shared/_match_card.html.erb (Duration: 0.1ms | Allocations: 28)
[719c068c-6932-405b-aced-2e3ecb349521]   Rendered shared/_match_card.html.erb (Duration: 0.2ms | Allocations: 30)
[719c068c-6932-405b-aced-2e3ecb349521]   Rendered shared/_match_card.html.erb (Duration: 0.1ms | Allocations: 28)
[719c068c-6932-405b-aced-2e3ecb349521]   Rendered shared/_match_card.html.erb (Duration: 0.2ms | Allocations: 28)
[719c068c-6932-405b-aced-2e3ecb349521]   Rendered shared/_match_card.html.erb (Duration: 0.2ms | Allocations: 30)
[719c068c-6932-405b-aced-2e3ecb349521]   Rendered shared/_match_card.html.erb (Duration: 0.2ms | Allocations: 29)
[719c068c-6932-405b-aced-2e3ecb349521]   Rendered shared/_match_card.html.erb (Duration: 0.1ms | Allocations: 29)
[719c068c-6932-405b-aced-2e3ecb349521]   Rendered shared/_match_card.html.erb (Duration: 0.1ms | Allocations: 29)
[719c068c-6932-405b-aced-2e3ecb349521]   Rendered shared/_match_card.html.erb (Duration: 0.1ms | Allocations: 26)
[719c068c-6932-405b-aced-2e3ecb349521]   Rendered shared/_match_card.html.erb (Duration: 0.1ms | Allocations: 26)
[719c068c-6932-405b-aced-2e3ecb349521]   Rendered shared/_match_card.html.erb (Duration: 0.2ms | Allocations: 29)
[719c068c-6932-405b-aced-2e3ecb349521]   Rendered shared/_match_card.html.erb (Duration: 0.1ms | Allocations: 26)
[719c068c-6932-405b-aced-2e3ecb349521]   Rendered shared/_match_card.html.erb (Duration: 0.1ms | Allocations: 29)
[719c068c-6932-405b-aced-2e3ecb349521]   Rendered shared/_match_card.html.erb (Duration: 0.1ms | Allocations: 28)
[719c068c-6932-405b-aced-2e3ecb349521]   Rendered shared/_match_card.html.erb (Duration: 0.1ms | Allocations: 28)
[719c068c-6932-405b-aced-2e3ecb349521]   Rendered shared/_match_card.html.erb (Duration: 0.2ms | Allocations: 26)
[719c068c-6932-405b-aced-2e3ecb349521]   Rendered shared/_match_card.html.erb (Duration: 0.2ms | Allocations: 28)
[719c068c-6932-405b-aced-2e3ecb349521]   Rendered shared/_match_card.html.erb (Duration: 0.1ms | Allocations: 29)
[719c068c-6932-405b-aced-2e3ecb349521]   Rendered shared/_match_card.html.erb (Duration: 0.2ms | Allocations: 28)
[719c068c-6932-405b-aced-2e3ecb349521]   Rendered shared/_match_card.html.erb (Duration: 0.1ms | Allocations: 28)
[719c068c-6932-405b-aced-2e3ecb349521]   Rendered shared/_match_card.html.erb (Duration: 0.1ms | Allocations: 28)
[719c068c-6932-405b-aced-2e3ecb349521]   Rendered shared/_match_card.html.erb (Duration: 0.1ms | Allocations: 28)
[719c068c-6932-405b-aced-2e3ecb349521]   Rendered shared/_match_card.html.erb (Duration: 0.1ms | Allocations: 29)
[719c068c-6932-405b-aced-2e3ecb349521]   Rendered shared/_match_card.html.erb (Duration: 0.1ms | Allocations: 29)
[719c068c-6932-405b-aced-2e3ecb349521]   Rendered shared/_match_card.html.erb (Duration: 0.1ms | Allocations: 28)
[719c068c-6932-405b-aced-2e3ecb349521]   Rendered shared/_match_card.html.erb (Duration: 0.1ms | Allocations: 29)
[719c068c-6932-405b-aced-2e3ecb349521]   Rendered shared/_match_card.html.erb (Duration: 0.1ms | Allocations: 28)
[719c068c-6932-405b-aced-2e3ecb349521]   Rendered shared/_match_card.html.erb (Duration: 0.1ms | Allocations: 28)
[719c068c-6932-405b-aced-2e3ecb349521]   Rendered shared/_match_card.html.erb (Duration: 0.4ms | Allocations: 29)
[719c068c-6932-405b-aced-2e3ecb349521]   Rendered shared/_match_card.html.erb (Duration: 0.2ms | Allocations: 26)
[719c068c-6932-405b-aced-2e3ecb349521]   Rendered shared/_match_card.html.erb (Duration: 0.2ms | Allocations: 30)
[719c068c-6932-405b-aced-2e3ecb349521]   Rendered shared/_match_card.html.erb (Duration: 0.2ms | Allocations: 29)
[719c068c-6932-405b-aced-2e3ecb349521]   Rendered shared/_match_card.html.erb (Duration: 0.1ms | Allocations: 28)
[719c068c-6932-405b-aced-2e3ecb349521]   Rendered shared/_match_card.html.erb (Duration: 0.2ms | Allocations: 26)
[719c068c-6932-405b-aced-2e3ecb349521]   Rendered shared/_match_card.html.erb (Duration: 0.1ms | Allocations: 29)
[719c068c-6932-405b-aced-2e3ecb349521]   Rendered shared/_match_card.html.erb (Duration: 0.2ms | Allocations: 30)
[719c068c-6932-405b-aced-2e3ecb349521]   Rendered shared/_match_card.html.erb (Duration: 0.1ms | Allocations: 28)
[719c068c-6932-405b-aced-2e3ecb349521]   Rendered shared/_match_card.html.erb (Duration: 0.1ms | Allocations: 29)
[719c068c-6932-405b-aced-2e3ecb349521]   Rendered shared/_match_card.html.erb (Duration: 0.1ms | Allocations: 28)
[719c068c-6932-405b-aced-2e3ecb349521]   Rendered matches/index.html.erb within layouts/application (Duration: 78.1ms | Allocations: 6807)
[719c068c-6932-405b-aced-2e3ecb349521]   Rendered layout layouts/application.html.erb (Duration: 98.7ms | Allocations: 8873)
[719c068c-6932-405b-aced-2e3ecb349521] Completed 200 OK in 619ms (Views: 100.9ms | Allocations: 11641)


[49414bc0-0713-4729-8fea-47637cd73e3d] Started GET "/matches?status=scheduled" for ::1 at 2026-06-11 13:17:12 -0600
[49414bc0-0713-4729-8fea-47637cd73e3d] Processing by MatchesController#index as HTML
[49414bc0-0713-4729-8fea-47637cd73e3d]   Parameters: {"status" => "scheduled"}
[49414bc0-0713-4729-8fea-47637cd73e3d]   Rendering layout layouts/application.html.erb
[49414bc0-0713-4729-8fea-47637cd73e3d]   Rendering matches/index.html.erb within layouts/application
[49414bc0-0713-4729-8fea-47637cd73e3d]   Rendered matches/index.html.erb within layouts/application (Duration: 1.4ms | Allocations: 897)
[49414bc0-0713-4729-8fea-47637cd73e3d]   Rendered layout layouts/application.html.erb (Duration: 15.7ms | Allocations: 2962)
[49414bc0-0713-4729-8fea-47637cd73e3d] Completed 200 OK in 96ms (Views: 17.6ms | Allocations: 3590)


[88fe4566-5f21-4b48-8e73-3804e67c78aa] Started GET "/matches?status=played" for ::1 at 2026-06-11 13:17:13 -0600
[88fe4566-5f21-4b48-8e73-3804e67c78aa] Processing by MatchesController#index as HTML
[88fe4566-5f21-4b48-8e73-3804e67c78aa]   Parameters: {"status" => "played"}
[88fe4566-5f21-4b48-8e73-3804e67c78aa]   Rendering layout layouts/application.html.erb
[88fe4566-5f21-4b48-8e73-3804e67c78aa]   Rendering matches/index.html.erb within layouts/application
[88fe4566-5f21-4b48-8e73-3804e67c78aa]   Rendered shared/_match_card.html.erb (Duration: 0.1ms | Allocations: 31)
[88fe4566-5f21-4b48-8e73-3804e67c78aa]   Rendered shared/_match_card.html.erb (Duration: 0.1ms | Allocations: 30)
[88fe4566-5f21-4b48-8e73-3804e67c78aa]   Rendered shared/_match_card.html.erb (Duration: 0.1ms | Allocations: 29)
[88fe4566-5f21-4b48-8e73-3804e67c78aa]   Rendered shared/_match_card.html.erb (Duration: 0.2ms | Allocations: 29)
[88fe4566-5f21-4b48-8e73-3804e67c78aa]   Rendered shared/_match_card.html.erb (Duration: 0.1ms | Allocations: 29)
[88fe4566-5f21-4b48-8e73-3804e67c78aa]   Rendered shared/_match_card.html.erb (Duration: 0.1ms | Allocations: 26)
[88fe4566-5f21-4b48-8e73-3804e67c78aa]   Rendered shared/_match_card.html.erb (Duration: 0.6ms | Allocations: 29)
[88fe4566-5f21-4b48-8e73-3804e67c78aa]   Rendered shared/_match_card.html.erb (Duration: 0.1ms | Allocations: 30)
[88fe4566-5f21-4b48-8e73-3804e67c78aa]   Rendered shared/_match_card.html.erb (Duration: 0.2ms | Allocations: 29)
[88fe4566-5f21-4b48-8e73-3804e67c78aa]   Rendered shared/_match_card.html.erb (Duration: 0.4ms | Allocations: 29)
[88fe4566-5f21-4b48-8e73-3804e67c78aa]   Rendered shared/_match_card.html.erb (Duration: 0.1ms | Allocations: 26)
[88fe4566-5f21-4b48-8e73-3804e67c78aa]   Rendered shared/_match_card.html.erb (Duration: 0.2ms | Allocations: 29)
[88fe4566-5f21-4b48-8e73-3804e67c78aa]   Rendered shared/_match_card.html.erb (Duration: 0.2ms | Allocations: 28)
[88fe4566-5f21-4b48-8e73-3804e67c78aa]   Rendered shared/_match_card.html.erb (Duration: 0.1ms | Allocations: 29)
[88fe4566-5f21-4b48-8e73-3804e67c78aa]   Rendered shared/_match_card.html.erb (Duration: 0.7ms | Allocations: 28)
[88fe4566-5f21-4b48-8e73-3804e67c78aa]   Rendered shared/_match_card.html.erb (Duration: 0.1ms | Allocations: 29)
[88fe4566-5f21-4b48-8e73-3804e67c78aa]   Rendered shared/_match_card.html.erb (Duration: 0.2ms | Allocations: 29)
[88fe4566-5f21-4b48-8e73-3804e67c78aa]   Rendered shared/_match_card.html.erb (Duration: 0.5ms | Allocations: 29)
[88fe4566-5f21-4b48-8e73-3804e67c78aa]   Rendered shared/_match_card.html.erb (Duration: 0.1ms | Allocations: 28)
[88fe4566-5f21-4b48-8e73-3804e67c78aa]   Rendered shared/_match_card.html.erb (Duration: 0.1ms | Allocations: 28)
[88fe4566-5f21-4b48-8e73-3804e67c78aa]   Rendered shared/_match_card.html.erb (Duration: 1.2ms | Allocations: 29)
[88fe4566-5f21-4b48-8e73-3804e67c78aa]   Rendered shared/_match_card.html.erb (Duration: 1.2ms | Allocations: 28)
[88fe4566-5f21-4b48-8e73-3804e67c78aa]   Rendered shared/_match_card.html.erb (Duration: 0.1ms | Allocations: 29)
[88fe4566-5f21-4b48-8e73-3804e67c78aa]   Rendered shared/_match_card.html.erb (Duration: 0.1ms | Allocations: 28)
[88fe4566-5f21-4b48-8e73-3804e67c78aa]   Rendered shared/_match_card.html.erb (Duration: 0.3ms | Allocations: 26)
[88fe4566-5f21-4b48-8e73-3804e67c78aa]   Rendered shared/_match_card.html.erb (Duration: 0.2ms | Allocations: 28)
[88fe4566-5f21-4b48-8e73-3804e67c78aa]   Rendered shared/_match_card.html.erb (Duration: 0.2ms | Allocations: 29)
[88fe4566-5f21-4b48-8e73-3804e67c78aa]   Rendered shared/_match_card.html.erb (Duration: 0.2ms | Allocations: 29)
[88fe4566-5f21-4b48-8e73-3804e67c78aa]   Rendered shared/_match_card.html.erb (Duration: 0.1ms | Allocations: 28)
[88fe4566-5f21-4b48-8e73-3804e67c78aa]   Rendered shared/_match_card.html.erb (Duration: 0.1ms | Allocations: 28)
[88fe4566-5f21-4b48-8e73-3804e67c78aa]   Rendered shared/_match_card.html.erb (Duration: 0.1ms | Allocations: 29)
[88fe4566-5f21-4b48-8e73-3804e67c78aa]   Rendered shared/_match_card.html.erb (Duration: 0.1ms | Allocations: 29)
[88fe4566-5f21-4b48-8e73-3804e67c78aa]   Rendered shared/_match_card.html.erb (Duration: 0.1ms | Allocations: 26)
[88fe4566-5f21-4b48-8e73-3804e67c78aa]   Rendered shared/_match_card.html.erb (Duration: 0.3ms | Allocations: 28)
[88fe4566-5f21-4b48-8e73-3804e67c78aa]   Rendered shared/_match_card.html.erb (Duration: 0.2ms | Allocations: 30)
[88fe4566-5f21-4b48-8e73-3804e67c78aa]   Rendered shared/_match_card.html.erb (Duration: 0.1ms | Allocations: 28)
[88fe4566-5f21-4b48-8e73-3804e67c78aa]   Rendered shared/_match_card.html.erb (Duration: 0.1ms | Allocations: 28)
[88fe4566-5f21-4b48-8e73-3804e67c78aa]   Rendered shared/_match_card.html.erb (Duration: 0.2ms | Allocations: 30)
[88fe4566-5f21-4b48-8e73-3804e67c78aa]   Rendered shared/_match_card.html.erb (Duration: 0.2ms | Allocations: 29)
[88fe4566-5f21-4b48-8e73-3804e67c78aa]   Rendered shared/_match_card.html.erb (Duration: 0.1ms | Allocations: 29)
[88fe4566-5f21-4b48-8e73-3804e67c78aa]   Rendered shared/_match_card.html.erb (Duration: 0.2ms | Allocations: 29)
[88fe4566-5f21-4b48-8e73-3804e67c78aa]   Rendered shared/_match_card.html.erb (Duration: 1.0ms | Allocations: 26)
[88fe4566-5f21-4b48-8e73-3804e67c78aa]   Rendered shared/_match_card.html.erb (Duration: 0.2ms | Allocations: 26)
[88fe4566-5f21-4b48-8e73-3804e67c78aa]   Rendered shared/_match_card.html.erb (Duration: 0.3ms | Allocations: 29)
[88fe4566-5f21-4b48-8e73-3804e67c78aa]   Rendered shared/_match_card.html.erb (Duration: 3.6ms | Allocations: 26)
[88fe4566-5f21-4b48-8e73-3804e67c78aa]   Rendered shared/_match_card.html.erb (Duration: 0.2ms | Allocations: 29)
[88fe4566-5f21-4b48-8e73-3804e67c78aa]   Rendered shared/_match_card.html.erb (Duration: 0.2ms | Allocations: 28)
[88fe4566-5f21-4b48-8e73-3804e67c78aa]   Rendered shared/_match_card.html.erb (Duration: 0.3ms | Allocations: 28)
[88fe4566-5f21-4b48-8e73-3804e67c78aa]   Rendered shared/_match_card.html.erb (Duration: 0.3ms | Allocations: 26)
[88fe4566-5f21-4b48-8e73-3804e67c78aa]   Rendered shared/_match_card.html.erb (Duration: 0.1ms | Allocations: 28)
[88fe4566-5f21-4b48-8e73-3804e67c78aa]   Rendered shared/_match_card.html.erb (Duration: 0.2ms | Allocations: 29)
[88fe4566-5f21-4b48-8e73-3804e67c78aa]   Rendered shared/_match_card.html.erb (Duration: 0.7ms | Allocations: 28)
[88fe4566-5f21-4b48-8e73-3804e67c78aa]   Rendered shared/_match_card.html.erb (Duration: 0.3ms | Allocations: 28)
[88fe4566-5f21-4b48-8e73-3804e67c78aa]   Rendered shared/_match_card.html.erb (Duration: 0.1ms | Allocations: 28)
[88fe4566-5f21-4b48-8e73-3804e67c78aa]   Rendered shared/_match_card.html.erb (Duration: 0.2ms | Allocations: 28)
[88fe4566-5f21-4b48-8e73-3804e67c78aa]   Rendered shared/_match_card.html.erb (Duration: 0.3ms | Allocations: 29)
[88fe4566-5f21-4b48-8e73-3804e67c78aa]   Rendered shared/_match_card.html.erb (Duration: 0.4ms | Allocations: 29)
[88fe4566-5f21-4b48-8e73-3804e67c78aa]   Rendered shared/_match_card.html.erb (Duration: 0.1ms | Allocations: 28)
[88fe4566-5f21-4b48-8e73-3804e67c78aa]   Rendered shared/_match_card.html.erb (Duration: 0.2ms | Allocations: 29)
[88fe4566-5f21-4b48-8e73-3804e67c78aa]   Rendered shared/_match_card.html.erb (Duration: 0.1ms | Allocations: 28)
[88fe4566-5f21-4b48-8e73-3804e67c78aa]   Rendered shared/_match_card.html.erb (Duration: 0.3ms | Allocations: 28)
[88fe4566-5f21-4b48-8e73-3804e67c78aa]   Rendered shared/_match_card.html.erb (Duration: 0.1ms | Allocations: 29)
[88fe4566-5f21-4b48-8e73-3804e67c78aa]   Rendered shared/_match_card.html.erb (Duration: 0.1ms | Allocations: 26)
[88fe4566-5f21-4b48-8e73-3804e67c78aa]   Rendered shared/_match_card.html.erb (Duration: 0.1ms | Allocations: 30)
[88fe4566-5f21-4b48-8e73-3804e67c78aa]   Rendered shared/_match_card.html.erb (Duration: 0.1ms | Allocations: 29)
[88fe4566-5f21-4b48-8e73-3804e67c78aa]   Rendered shared/_match_card.html.erb (Duration: 0.4ms | Allocations: 28)
[88fe4566-5f21-4b48-8e73-3804e67c78aa]   Rendered shared/_match_card.html.erb (Duration: 0.2ms | Allocations: 26)
[88fe4566-5f21-4b48-8e73-3804e67c78aa]   Rendered shared/_match_card.html.erb (Duration: 0.1ms | Allocations: 29)
[88fe4566-5f21-4b48-8e73-3804e67c78aa]   Rendered shared/_match_card.html.erb (Duration: 0.1ms | Allocations: 30)
[88fe4566-5f21-4b48-8e73-3804e67c78aa]   Rendered shared/_match_card.html.erb (Duration: 0.1ms | Allocations: 28)
[88fe4566-5f21-4b48-8e73-3804e67c78aa]   Rendered shared/_match_card.html.erb (Duration: 0.2ms | Allocations: 29)
[88fe4566-5f21-4b48-8e73-3804e67c78aa]   Rendered shared/_match_card.html.erb (Duration: 0.3ms | Allocations: 28)
[88fe4566-5f21-4b48-8e73-3804e67c78aa]   Rendered matches/index.html.erb within layouts/application (Duration: 184.7ms | Allocations: 6897)
[88fe4566-5f21-4b48-8e73-3804e67c78aa]   Rendered layout layouts/application.html.erb (Duration: 221.4ms | Allocations: 8968)
[88fe4566-5f21-4b48-8e73-3804e67c78aa] Completed 200 OK in 677ms (Views: 223.7ms | Allocations: 11743)


[c1424b1d-4c27-4a75-91c7-3f3bd608a910] Started GET "/matches" for ::1 at 2026-06-11 13:17:14 -0600
[c1424b1d-4c27-4a75-91c7-3f3bd608a910] Processing by MatchesController#index as HTML
[c1424b1d-4c27-4a75-91c7-3f3bd608a910]   Rendering layout layouts/application.html.erb
[c1424b1d-4c27-4a75-91c7-3f3bd608a910]   Rendering matches/index.html.erb within layouts/application
[c1424b1d-4c27-4a75-91c7-3f3bd608a910]   Rendered shared/_match_card.html.erb (Duration: 0.2ms | Allocations: 31)
[c1424b1d-4c27-4a75-91c7-3f3bd608a910]   Rendered shared/_match_card.html.erb (Duration: 0.2ms | Allocations: 30)
[c1424b1d-4c27-4a75-91c7-3f3bd608a910]   Rendered shared/_match_card.html.erb (Duration: 0.1ms | Allocations: 29)
[c1424b1d-4c27-4a75-91c7-3f3bd608a910]   Rendered shared/_match_card.html.erb (Duration: 0.2ms | Allocations: 29)
[c1424b1d-4c27-4a75-91c7-3f3bd608a910]   Rendered shared/_match_card.html.erb (Duration: 0.1ms | Allocations: 29)
[c1424b1d-4c27-4a75-91c7-3f3bd608a910]   Rendered shared/_match_card.html.erb (Duration: 0.1ms | Allocations: 26)
[c1424b1d-4c27-4a75-91c7-3f3bd608a910]   Rendered shared/_match_card.html.erb (Duration: 0.1ms | Allocations: 29)
[c1424b1d-4c27-4a75-91c7-3f3bd608a910]   Rendered shared/_match_card.html.erb (Duration: 0.1ms | Allocations: 30)
[c1424b1d-4c27-4a75-91c7-3f3bd608a910]   Rendered shared/_match_card.html.erb (Duration: 0.1ms | Allocations: 29)
[c1424b1d-4c27-4a75-91c7-3f3bd608a910]   Rendered shared/_match_card.html.erb (Duration: 0.1ms | Allocations: 29)
[c1424b1d-4c27-4a75-91c7-3f3bd608a910]   Rendered shared/_match_card.html.erb (Duration: 0.2ms | Allocations: 26)
[c1424b1d-4c27-4a75-91c7-3f3bd608a910]   Rendered shared/_match_card.html.erb (Duration: 0.2ms | Allocations: 29)
[c1424b1d-4c27-4a75-91c7-3f3bd608a910]   Rendered shared/_match_card.html.erb (Duration: 0.2ms | Allocations: 28)
[c1424b1d-4c27-4a75-91c7-3f3bd608a910]   Rendered shared/_match_card.html.erb (Duration: 0.2ms | Allocations: 29)
[c1424b1d-4c27-4a75-91c7-3f3bd608a910]   Rendered shared/_match_card.html.erb (Duration: 0.2ms | Allocations: 28)
[c1424b1d-4c27-4a75-91c7-3f3bd608a910]   Rendered shared/_match_card.html.erb (Duration: 0.1ms | Allocations: 29)
[c1424b1d-4c27-4a75-91c7-3f3bd608a910]   Rendered shared/_match_card.html.erb (Duration: 0.1ms | Allocations: 29)
[c1424b1d-4c27-4a75-91c7-3f3bd608a910]   Rendered shared/_match_card.html.erb (Duration: 0.1ms | Allocations: 29)
[c1424b1d-4c27-4a75-91c7-3f3bd608a910]   Rendered shared/_match_card.html.erb (Duration: 0.2ms | Allocations: 28)
[c1424b1d-4c27-4a75-91c7-3f3bd608a910]   Rendered shared/_match_card.html.erb (Duration: 0.1ms | Allocations: 28)
[c1424b1d-4c27-4a75-91c7-3f3bd608a910]   Rendered shared/_match_card.html.erb (Duration: 0.2ms | Allocations: 29)
[c1424b1d-4c27-4a75-91c7-3f3bd608a910]   Rendered shared/_match_card.html.erb (Duration: 0.1ms | Allocations: 28)
[c1424b1d-4c27-4a75-91c7-3f3bd608a910]   Rendered shared/_match_card.html.erb (Duration: 0.1ms | Allocations: 29)
[c1424b1d-4c27-4a75-91c7-3f3bd608a910]   Rendered shared/_match_card.html.erb (Duration: 0.1ms | Allocations: 28)
[c1424b1d-4c27-4a75-91c7-3f3bd608a910]   Rendered shared/_match_card.html.erb (Duration: 0.3ms | Allocations: 26)
[c1424b1d-4c27-4a75-91c7-3f3bd608a910]   Rendered shared/_match_card.html.erb (Duration: 1.2ms | Allocations: 28)
[c1424b1d-4c27-4a75-91c7-3f3bd608a910]   Rendered shared/_match_card.html.erb (Duration: 0.3ms | Allocations: 29)
[c1424b1d-4c27-4a75-91c7-3f3bd608a910]   Rendered shared/_match_card.html.erb (Duration: 0.1ms | Allocations: 29)
[c1424b1d-4c27-4a75-91c7-3f3bd608a910]   Rendered shared/_match_card.html.erb (Duration: 0.1ms | Allocations: 28)
[c1424b1d-4c27-4a75-91c7-3f3bd608a910]   Rendered shared/_match_card.html.erb (Duration: 0.1ms | Allocations: 28)
[c1424b1d-4c27-4a75-91c7-3f3bd608a910]   Rendered shared/_match_card.html.erb (Duration: 0.4ms | Allocations: 29)
[c1424b1d-4c27-4a75-91c7-3f3bd608a910]   Rendered shared/_match_card.html.erb (Duration: 0.3ms | Allocations: 29)
[c1424b1d-4c27-4a75-91c7-3f3bd608a910]   Rendered shared/_match_card.html.erb (Duration: 0.3ms | Allocations: 26)
[c1424b1d-4c27-4a75-91c7-3f3bd608a910]   Rendered shared/_match_card.html.erb (Duration: 0.1ms | Allocations: 28)
[c1424b1d-4c27-4a75-91c7-3f3bd608a910]   Rendered shared/_match_card.html.erb (Duration: 0.1ms | Allocations: 30)
[c1424b1d-4c27-4a75-91c7-3f3bd608a910]   Rendered shared/_match_card.html.erb (Duration: 0.2ms | Allocations: 28)
[c1424b1d-4c27-4a75-91c7-3f3bd608a910]   Rendered shared/_match_card.html.erb (Duration: 0.2ms | Allocations: 28)
[c1424b1d-4c27-4a75-91c7-3f3bd608a910]   Rendered shared/_match_card.html.erb (Duration: 0.3ms | Allocations: 30)
[c1424b1d-4c27-4a75-91c7-3f3bd608a910]   Rendered shared/_match_card.html.erb (Duration: 0.5ms | Allocations: 29)
[c1424b1d-4c27-4a75-91c7-3f3bd608a910]   Rendered shared/_match_card.html.erb (Duration: 0.3ms | Allocations: 29)
[c1424b1d-4c27-4a75-91c7-3f3bd608a910]   Rendered shared/_match_card.html.erb (Duration: 0.4ms | Allocations: 29)
[c1424b1d-4c27-4a75-91c7-3f3bd608a910]   Rendered shared/_match_card.html.erb (Duration: 0.4ms | Allocations: 26)
[c1424b1d-4c27-4a75-91c7-3f3bd608a910]   Rendered shared/_match_card.html.erb (Duration: 0.3ms | Allocations: 26)
[c1424b1d-4c27-4a75-91c7-3f3bd608a910]   Rendered shared/_match_card.html.erb (Duration: 0.3ms | Allocations: 29)
[c1424b1d-4c27-4a75-91c7-3f3bd608a910]   Rendered shared/_match_card.html.erb (Duration: 0.3ms | Allocations: 26)
[c1424b1d-4c27-4a75-91c7-3f3bd608a910]   Rendered shared/_match_card.html.erb (Duration: 0.2ms | Allocations: 29)
[c1424b1d-4c27-4a75-91c7-3f3bd608a910]   Rendered shared/_match_card.html.erb (Duration: 2.5ms | Allocations: 28)
[c1424b1d-4c27-4a75-91c7-3f3bd608a910]   Rendered shared/_match_card.html.erb (Duration: 0.1ms | Allocations: 28)
[c1424b1d-4c27-4a75-91c7-3f3bd608a910]   Rendered shared/_match_card.html.erb (Duration: 0.2ms | Allocations: 26)
[c1424b1d-4c27-4a75-91c7-3f3bd608a910]   Rendered shared/_match_card.html.erb (Duration: 0.2ms | Allocations: 28)
[c1424b1d-4c27-4a75-91c7-3f3bd608a910]   Rendered shared/_match_card.html.erb (Duration: 0.2ms | Allocations: 29)
[c1424b1d-4c27-4a75-91c7-3f3bd608a910]   Rendered shared/_match_card.html.erb (Duration: 0.2ms | Allocations: 28)
[c1424b1d-4c27-4a75-91c7-3f3bd608a910]   Rendered shared/_match_card.html.erb (Duration: 0.2ms | Allocations: 28)
[c1424b1d-4c27-4a75-91c7-3f3bd608a910]   Rendered shared/_match_card.html.erb (Duration: 0.1ms | Allocations: 28)
[c1424b1d-4c27-4a75-91c7-3f3bd608a910]   Rendered shared/_match_card.html.erb (Duration: 0.1ms | Allocations: 28)
[c1424b1d-4c27-4a75-91c7-3f3bd608a910]   Rendered shared/_match_card.html.erb (Duration: 0.2ms | Allocations: 29)
[c1424b1d-4c27-4a75-91c7-3f3bd608a910]   Rendered shared/_match_card.html.erb (Duration: 0.2ms | Allocations: 29)
[c1424b1d-4c27-4a75-91c7-3f3bd608a910]   Rendered shared/_match_card.html.erb (Duration: 0.2ms | Allocations: 28)
[c1424b1d-4c27-4a75-91c7-3f3bd608a910]   Rendered shared/_match_card.html.erb (Duration: 0.2ms | Allocations: 29)
[c1424b1d-4c27-4a75-91c7-3f3bd608a910]   Rendered shared/_match_card.html.erb (Duration: 0.1ms | Allocations: 28)
[c1424b1d-4c27-4a75-91c7-3f3bd608a910]   Rendered shared/_match_card.html.erb (Duration: 0.1ms | Allocations: 28)
[c1424b1d-4c27-4a75-91c7-3f3bd608a910]   Rendered shared/_match_card.html.erb (Duration: 0.2ms | Allocations: 29)
[c1424b1d-4c27-4a75-91c7-3f3bd608a910]   Rendered shared/_match_card.html.erb (Duration: 2.3ms | Allocations: 26)
[c1424b1d-4c27-4a75-91c7-3f3bd608a910]   Rendered shared/_match_card.html.erb (Duration: 0.1ms | Allocations: 30)
[c1424b1d-4c27-4a75-91c7-3f3bd608a910]   Rendered shared/_match_card.html.erb (Duration: 0.3ms | Allocations: 29)
[c1424b1d-4c27-4a75-91c7-3f3bd608a910]   Rendered shared/_match_card.html.erb (Duration: 0.3ms | Allocations: 28)
[c1424b1d-4c27-4a75-91c7-3f3bd608a910]   Rendered shared/_match_card.html.erb (Duration: 0.3ms | Allocations: 26)
[c1424b1d-4c27-4a75-91c7-3f3bd608a910]   Rendered shared/_match_card.html.erb (Duration: 0.1ms | Allocations: 29)
[c1424b1d-4c27-4a75-91c7-3f3bd608a910]   Rendered shared/_match_card.html.erb (Duration: 0.1ms | Allocations: 30)
[c1424b1d-4c27-4a75-91c7-3f3bd608a910]   Rendered shared/_match_card.html.erb (Duration: 0.3ms | Allocations: 28)
[c1424b1d-4c27-4a75-91c7-3f3bd608a910]   Rendered shared/_match_card.html.erb (Duration: 0.2ms | Allocations: 29)
[c1424b1d-4c27-4a75-91c7-3f3bd608a910]   Rendered shared/_match_card.html.erb (Duration: 0.3ms | Allocations: 28)
[c1424b1d-4c27-4a75-91c7-3f3bd608a910]   Rendered matches/index.html.erb within layouts/application (Duration: 131.4ms | Allocations: 6807)
[c1424b1d-4c27-4a75-91c7-3f3bd608a910]   Rendered layout layouts/application.html.erb (Duration: 152.2ms | Allocations: 8878)
[c1424b1d-4c27-4a75-91c7-3f3bd608a910] Completed 200 OK in 617ms (Views: 154.0ms | Allocations: 11660)


[0ef18bd6-0ca0-4994-b5c1-4487910d5db9] Started GET "/" for ::1 at 2026-06-11 13:17:15 -0600
[0ef18bd6-0ca0-4994-b5c1-4487910d5db9] Processing by DashboardController#index as HTML
[0ef18bd6-0ca0-4994-b5c1-4487910d5db9]   Rendering layout layouts/application.html.erb
[0ef18bd6-0ca0-4994-b5c1-4487910d5db9]   Rendering dashboard/index.html.erb within layouts/application
[0ef18bd6-0ca0-4994-b5c1-4487910d5db9]   Rendered dashboard/index.html.erb within layouts/application (Duration: 0.4ms | Allocations: 196)
[0ef18bd6-0ca0-4994-b5c1-4487910d5db9]   Rendered layout layouts/application.html.erb (Duration: 13.7ms | Allocations: 2264)
[0ef18bd6-0ca0-4994-b5c1-4487910d5db9] Completed 200 OK in 272ms (Views: 15.1ms | Allocations: 3596)


[810be8e9-6852-478a-91ca-6220995c19e5] Started GET "/groups" for ::1 at 2026-06-11 13:17:18 -0600
[810be8e9-6852-478a-91ca-6220995c19e5] Processing by GroupsController#index as HTML
[810be8e9-6852-478a-91ca-6220995c19e5]   Rendering layout layouts/application.html.erb
[810be8e9-6852-478a-91ca-6220995c19e5]   Rendering groups/index.html.erb within layouts/application
[810be8e9-6852-478a-91ca-6220995c19e5]   Rendered shared/_standings_table.html.erb (Duration: 0.1ms | Allocations: 106)
[810be8e9-6852-478a-91ca-6220995c19e5]   Rendered shared/_standings_table.html.erb (Duration: 0.1ms | Allocations: 108)
[810be8e9-6852-478a-91ca-6220995c19e5]   Rendered shared/_standings_table.html.erb (Duration: 0.1ms | Allocations: 107)
[810be8e9-6852-478a-91ca-6220995c19e5]   Rendered shared/_standings_table.html.erb (Duration: 0.2ms | Allocations: 110)
[810be8e9-6852-478a-91ca-6220995c19e5]   Rendered shared/_standings_table.html.erb (Duration: 0.3ms | Allocations: 108)
[810be8e9-6852-478a-91ca-6220995c19e5]   Rendered shared/_standings_table.html.erb (Duration: 0.1ms | Allocations: 105)
[810be8e9-6852-478a-91ca-6220995c19e5]   Rendered shared/_standings_table.html.erb (Duration: 0.1ms | Allocations: 107)
[810be8e9-6852-478a-91ca-6220995c19e5]   Rendered shared/_standings_table.html.erb (Duration: 0.1ms | Allocations: 107)
[810be8e9-6852-478a-91ca-6220995c19e5]   Rendered shared/_standings_table.html.erb (Duration: 0.1ms | Allocations: 105)
[810be8e9-6852-478a-91ca-6220995c19e5]   Rendered shared/_standings_table.html.erb (Duration: 0.1ms | Allocations: 109)
[810be8e9-6852-478a-91ca-6220995c19e5]   Rendered shared/_standings_table.html.erb (Duration: 0.2ms | Allocations: 106)
[810be8e9-6852-478a-91ca-6220995c19e5]   Rendered shared/_standings_table.html.erb (Duration: 0.3ms | Allocations: 105)
[810be8e9-6852-478a-91ca-6220995c19e5]   Rendered groups/index.html.erb within layouts/application (Duration: 15.7ms | Allocations: 2866)
[810be8e9-6852-478a-91ca-6220995c19e5]   Rendered layout layouts/application.html.erb (Duration: 31.9ms | Allocations: 4924)
[810be8e9-6852-478a-91ca-6220995c19e5] Completed 200 OK in 192ms (Views: 33.6ms | Allocations: 7135)


[03df715e-49ac-4019-9403-4ef835229daf] Started GET "/matches" for ::1 at 2026-06-11 13:17:23 -0600
[03df715e-49ac-4019-9403-4ef835229daf] Processing by MatchesController#index as HTML
[03df715e-49ac-4019-9403-4ef835229daf]   Rendering layout layouts/application.html.erb
[03df715e-49ac-4019-9403-4ef835229daf]   Rendering matches/index.html.erb within layouts/application
[03df715e-49ac-4019-9403-4ef835229daf]   Rendered shared/_match_card.html.erb (Duration: 0.1ms | Allocations: 31)
[03df715e-49ac-4019-9403-4ef835229daf]   Rendered shared/_match_card.html.erb (Duration: 0.1ms | Allocations: 30)
[03df715e-49ac-4019-9403-4ef835229daf]   Rendered shared/_match_card.html.erb (Duration: 0.1ms | Allocations: 29)
[03df715e-49ac-4019-9403-4ef835229daf]   Rendered shared/_match_card.html.erb (Duration: 0.1ms | Allocations: 29)
[03df715e-49ac-4019-9403-4ef835229daf]   Rendered shared/_match_card.html.erb (Duration: 0.2ms | Allocations: 29)
[03df715e-49ac-4019-9403-4ef835229daf]   Rendered shared/_match_card.html.erb (Duration: 0.1ms | Allocations: 26)
[03df715e-49ac-4019-9403-4ef835229daf]   Rendered shared/_match_card.html.erb (Duration: 0.1ms | Allocations: 29)
[03df715e-49ac-4019-9403-4ef835229daf]   Rendered shared/_match_card.html.erb (Duration: 0.2ms | Allocations: 30)
[03df715e-49ac-4019-9403-4ef835229daf]   Rendered shared/_match_card.html.erb (Duration: 0.1ms | Allocations: 29)
[03df715e-49ac-4019-9403-4ef835229daf]   Rendered shared/_match_card.html.erb (Duration: 0.1ms | Allocations: 29)
[03df715e-49ac-4019-9403-4ef835229daf]   Rendered shared/_match_card.html.erb (Duration: 0.1ms | Allocations: 26)
[03df715e-49ac-4019-9403-4ef835229daf]   Rendered shared/_match_card.html.erb (Duration: 0.1ms | Allocations: 29)
[03df715e-49ac-4019-9403-4ef835229daf]   Rendered shared/_match_card.html.erb (Duration: 0.1ms | Allocations: 28)
[03df715e-49ac-4019-9403-4ef835229daf]   Rendered shared/_match_card.html.erb (Duration: 0.1ms | Allocations: 29)
[03df715e-49ac-4019-9403-4ef835229daf]   Rendered shared/_match_card.html.erb (Duration: 0.1ms | Allocations: 28)
[03df715e-49ac-4019-9403-4ef835229daf]   Rendered shared/_match_card.html.erb (Duration: 0.1ms | Allocations: 29)
[03df715e-49ac-4019-9403-4ef835229daf]   Rendered shared/_match_card.html.erb (Duration: 0.2ms | Allocations: 29)
[03df715e-49ac-4019-9403-4ef835229daf]   Rendered shared/_match_card.html.erb (Duration: 0.3ms | Allocations: 29)
[03df715e-49ac-4019-9403-4ef835229daf]   Rendered shared/_match_card.html.erb (Duration: 0.2ms | Allocations: 28)
[03df715e-49ac-4019-9403-4ef835229daf]   Rendered shared/_match_card.html.erb (Duration: 0.1ms | Allocations: 28)
[03df715e-49ac-4019-9403-4ef835229daf]   Rendered shared/_match_card.html.erb (Duration: 0.1ms | Allocations: 29)
[03df715e-49ac-4019-9403-4ef835229daf]   Rendered shared/_match_card.html.erb (Duration: 0.1ms | Allocations: 28)
[03df715e-49ac-4019-9403-4ef835229daf]   Rendered shared/_match_card.html.erb (Duration: 0.1ms | Allocations: 29)
[03df715e-49ac-4019-9403-4ef835229daf]   Rendered shared/_match_card.html.erb (Duration: 0.1ms | Allocations: 28)
[03df715e-49ac-4019-9403-4ef835229daf]   Rendered shared/_match_card.html.erb (Duration: 0.1ms | Allocations: 26)
[03df715e-49ac-4019-9403-4ef835229daf]   Rendered shared/_match_card.html.erb (Duration: 0.1ms | Allocations: 28)
[03df715e-49ac-4019-9403-4ef835229daf]   Rendered shared/_match_card.html.erb (Duration: 0.1ms | Allocations: 29)
[03df715e-49ac-4019-9403-4ef835229daf]   Rendered shared/_match_card.html.erb (Duration: 0.1ms | Allocations: 29)
[03df715e-49ac-4019-9403-4ef835229daf]   Rendered shared/_match_card.html.erb (Duration: 0.1ms | Allocations: 28)
[03df715e-49ac-4019-9403-4ef835229daf]   Rendered shared/_match_card.html.erb (Duration: 0.1ms | Allocations: 28)
[03df715e-49ac-4019-9403-4ef835229daf]   Rendered shared/_match_card.html.erb (Duration: 0.1ms | Allocations: 29)
[03df715e-49ac-4019-9403-4ef835229daf]   Rendered shared/_match_card.html.erb (Duration: 0.3ms | Allocations: 29)
[03df715e-49ac-4019-9403-4ef835229daf]   Rendered shared/_match_card.html.erb (Duration: 0.1ms | Allocations: 26)
[03df715e-49ac-4019-9403-4ef835229daf]   Rendered shared/_match_card.html.erb (Duration: 0.0ms | Allocations: 28)
[03df715e-49ac-4019-9403-4ef835229daf]   Rendered shared/_match_card.html.erb (Duration: 0.0ms | Allocations: 30)
[03df715e-49ac-4019-9403-4ef835229daf]   Rendered shared/_match_card.html.erb (Duration: 0.0ms | Allocations: 28)
[03df715e-49ac-4019-9403-4ef835229daf]   Rendered shared/_match_card.html.erb (Duration: 0.1ms | Allocations: 28)
[03df715e-49ac-4019-9403-4ef835229daf]   Rendered shared/_match_card.html.erb (Duration: 0.1ms | Allocations: 30)
[03df715e-49ac-4019-9403-4ef835229daf]   Rendered shared/_match_card.html.erb (Duration: 0.1ms | Allocations: 29)
[03df715e-49ac-4019-9403-4ef835229daf]   Rendered shared/_match_card.html.erb (Duration: 0.2ms | Allocations: 29)
[03df715e-49ac-4019-9403-4ef835229daf]   Rendered shared/_match_card.html.erb (Duration: 0.1ms | Allocations: 29)
[03df715e-49ac-4019-9403-4ef835229daf]   Rendered shared/_match_card.html.erb (Duration: 0.1ms | Allocations: 26)
[03df715e-49ac-4019-9403-4ef835229daf]   Rendered shared/_match_card.html.erb (Duration: 0.4ms | Allocations: 26)
[03df715e-49ac-4019-9403-4ef835229daf]   Rendered shared/_match_card.html.erb (Duration: 0.1ms | Allocations: 29)
[03df715e-49ac-4019-9403-4ef835229daf]   Rendered shared/_match_card.html.erb (Duration: 0.1ms | Allocations: 26)
[03df715e-49ac-4019-9403-4ef835229daf]   Rendered shared/_match_card.html.erb (Duration: 0.2ms | Allocations: 29)
[03df715e-49ac-4019-9403-4ef835229daf]   Rendered shared/_match_card.html.erb (Duration: 0.2ms | Allocations: 28)
[03df715e-49ac-4019-9403-4ef835229daf]   Rendered shared/_match_card.html.erb (Duration: 0.7ms | Allocations: 28)
[03df715e-49ac-4019-9403-4ef835229daf]   Rendered shared/_match_card.html.erb (Duration: 0.1ms | Allocations: 26)
[03df715e-49ac-4019-9403-4ef835229daf]   Rendered shared/_match_card.html.erb (Duration: 0.1ms | Allocations: 28)
[03df715e-49ac-4019-9403-4ef835229daf]   Rendered shared/_match_card.html.erb (Duration: 0.1ms | Allocations: 29)
[03df715e-49ac-4019-9403-4ef835229daf]   Rendered shared/_match_card.html.erb (Duration: 0.2ms | Allocations: 28)
[03df715e-49ac-4019-9403-4ef835229daf]   Rendered shared/_match_card.html.erb (Duration: 0.1ms | Allocations: 28)
[03df715e-49ac-4019-9403-4ef835229daf]   Rendered shared/_match_card.html.erb (Duration: 0.4ms | Allocations: 28)
[03df715e-49ac-4019-9403-4ef835229daf]   Rendered shared/_match_card.html.erb (Duration: 0.1ms | Allocations: 28)
[03df715e-49ac-4019-9403-4ef835229daf]   Rendered shared/_match_card.html.erb (Duration: 0.1ms | Allocations: 29)
[03df715e-49ac-4019-9403-4ef835229daf]   Rendered shared/_match_card.html.erb (Duration: 0.1ms | Allocations: 29)
[03df715e-49ac-4019-9403-4ef835229daf]   Rendered shared/_match_card.html.erb (Duration: 0.1ms | Allocations: 28)
[03df715e-49ac-4019-9403-4ef835229daf]   Rendered shared/_match_card.html.erb (Duration: 0.4ms | Allocations: 29)
[03df715e-49ac-4019-9403-4ef835229daf]   Rendered shared/_match_card.html.erb (Duration: 0.3ms | Allocations: 28)
[03df715e-49ac-4019-9403-4ef835229daf]   Rendered shared/_match_card.html.erb (Duration: 0.2ms | Allocations: 28)
[03df715e-49ac-4019-9403-4ef835229daf]   Rendered shared/_match_card.html.erb (Duration: 0.1ms | Allocations: 29)
[03df715e-49ac-4019-9403-4ef835229daf]   Rendered shared/_match_card.html.erb (Duration: 0.1ms | Allocations: 26)
[03df715e-49ac-4019-9403-4ef835229daf]   Rendered shared/_match_card.html.erb (Duration: 0.1ms | Allocations: 30)
[03df715e-49ac-4019-9403-4ef835229daf]   Rendered shared/_match_card.html.erb (Duration: 0.0ms | Allocations: 29)
[03df715e-49ac-4019-9403-4ef835229daf]   Rendered shared/_match_card.html.erb (Duration: 0.2ms | Allocations: 28)
[03df715e-49ac-4019-9403-4ef835229daf]   Rendered shared/_match_card.html.erb (Duration: 0.2ms | Allocations: 26)
[03df715e-49ac-4019-9403-4ef835229daf]   Rendered shared/_match_card.html.erb (Duration: 0.1ms | Allocations: 29)
[03df715e-49ac-4019-9403-4ef835229daf]   Rendered shared/_match_card.html.erb (Duration: 0.2ms | Allocations: 30)
[03df715e-49ac-4019-9403-4ef835229daf]   Rendered shared/_match_card.html.erb (Duration: 0.2ms | Allocations: 28)
[03df715e-49ac-4019-9403-4ef835229daf]   Rendered shared/_match_card.html.erb (Duration: 0.1ms | Allocations: 29)
[03df715e-49ac-4019-9403-4ef835229daf]   Rendered shared/_match_card.html.erb (Duration: 0.1ms | Allocations: 28)
[03df715e-49ac-4019-9403-4ef835229daf]   Rendered matches/index.html.erb within layouts/application (Duration: 63.9ms | Allocations: 6807)
[03df715e-49ac-4019-9403-4ef835229daf]   Rendered layout layouts/application.html.erb (Duration: 81.2ms | Allocations: 8876)
[03df715e-49ac-4019-9403-4ef835229daf] Completed 200 OK in 532ms (Views: 82.7ms | Allocations: 11649)


[570a9c2a-51a0-434e-93ea-2bcab3a2a7dd] Started GET "/knockout" for ::1 at 2026-06-11 13:17:26 -0600
[570a9c2a-51a0-434e-93ea-2bcab3a2a7dd] Processing by KnockoutController#index as HTML
[570a9c2a-51a0-434e-93ea-2bcab3a2a7dd]   Rendering layout layouts/application.html.erb
[570a9c2a-51a0-434e-93ea-2bcab3a2a7dd]   Rendering knockout/index.html.erb within layouts/application
[570a9c2a-51a0-434e-93ea-2bcab3a2a7dd]   Rendered knockout/index.html.erb within layouts/application (Duration: 0.3ms | Allocations: 51)
[570a9c2a-51a0-434e-93ea-2bcab3a2a7dd]   Rendered layout layouts/application.html.erb (Duration: 16.1ms | Allocations: 2115)
[570a9c2a-51a0-434e-93ea-2bcab3a2a7dd] Completed 200 OK in 268ms (Views: 18.0ms | Allocations: 3449)


[d0e07910-ddc2-4be5-b4fc-c5c96334692d] Started GET "/matches" for ::1 at 2026-06-11 13:17:28 -0600
[d0e07910-ddc2-4be5-b4fc-c5c96334692d] Processing by MatchesController#index as HTML
[d0e07910-ddc2-4be5-b4fc-c5c96334692d]   Rendering layout layouts/application.html.erb
[d0e07910-ddc2-4be5-b4fc-c5c96334692d]   Rendering matches/index.html.erb within layouts/application
[d0e07910-ddc2-4be5-b4fc-c5c96334692d]   Rendered shared/_match_card.html.erb (Duration: 0.1ms | Allocations: 31)
[d0e07910-ddc2-4be5-b4fc-c5c96334692d]   Rendered shared/_match_card.html.erb (Duration: 0.1ms | Allocations: 30)
[d0e07910-ddc2-4be5-b4fc-c5c96334692d]   Rendered shared/_match_card.html.erb (Duration: 0.1ms | Allocations: 29)
[d0e07910-ddc2-4be5-b4fc-c5c96334692d]   Rendered shared/_match_card.html.erb (Duration: 0.1ms | Allocations: 29)
[d0e07910-ddc2-4be5-b4fc-c5c96334692d]   Rendered shared/_match_card.html.erb (Duration: 0.4ms | Allocations: 29)
[d0e07910-ddc2-4be5-b4fc-c5c96334692d]   Rendered shared/_match_card.html.erb (Duration: 0.1ms | Allocations: 26)
[d0e07910-ddc2-4be5-b4fc-c5c96334692d]   Rendered shared/_match_card.html.erb (Duration: 0.1ms | Allocations: 29)
[d0e07910-ddc2-4be5-b4fc-c5c96334692d]   Rendered shared/_match_card.html.erb (Duration: 0.1ms | Allocations: 30)
[d0e07910-ddc2-4be5-b4fc-c5c96334692d]   Rendered shared/_match_card.html.erb (Duration: 0.1ms | Allocations: 29)
[d0e07910-ddc2-4be5-b4fc-c5c96334692d]   Rendered shared/_match_card.html.erb (Duration: 0.1ms | Allocations: 29)
[d0e07910-ddc2-4be5-b4fc-c5c96334692d]   Rendered shared/_match_card.html.erb (Duration: 0.1ms | Allocations: 26)
[d0e07910-ddc2-4be5-b4fc-c5c96334692d]   Rendered shared/_match_card.html.erb (Duration: 0.1ms | Allocations: 29)
[d0e07910-ddc2-4be5-b4fc-c5c96334692d]   Rendered shared/_match_card.html.erb (Duration: 0.1ms | Allocations: 28)
[d0e07910-ddc2-4be5-b4fc-c5c96334692d]   Rendered shared/_match_card.html.erb (Duration: 0.1ms | Allocations: 29)
[d0e07910-ddc2-4be5-b4fc-c5c96334692d]   Rendered shared/_match_card.html.erb (Duration: 0.1ms | Allocations: 28)
[d0e07910-ddc2-4be5-b4fc-c5c96334692d]   Rendered shared/_match_card.html.erb (Duration: 0.1ms | Allocations: 29)
[d0e07910-ddc2-4be5-b4fc-c5c96334692d]   Rendered shared/_match_card.html.erb (Duration: 0.1ms | Allocations: 29)
[d0e07910-ddc2-4be5-b4fc-c5c96334692d]   Rendered shared/_match_card.html.erb (Duration: 0.1ms | Allocations: 29)
[d0e07910-ddc2-4be5-b4fc-c5c96334692d]   Rendered shared/_match_card.html.erb (Duration: 0.1ms | Allocations: 28)
[d0e07910-ddc2-4be5-b4fc-c5c96334692d]   Rendered shared/_match_card.html.erb (Duration: 0.1ms | Allocations: 28)
[d0e07910-ddc2-4be5-b4fc-c5c96334692d]   Rendered shared/_match_card.html.erb (Duration: 0.1ms | Allocations: 29)
[d0e07910-ddc2-4be5-b4fc-c5c96334692d]   Rendered shared/_match_card.html.erb (Duration: 0.1ms | Allocations: 28)
[d0e07910-ddc2-4be5-b4fc-c5c96334692d]   Rendered shared/_match_card.html.erb (Duration: 0.1ms | Allocations: 29)
[d0e07910-ddc2-4be5-b4fc-c5c96334692d]   Rendered shared/_match_card.html.erb (Duration: 0.1ms | Allocations: 28)
[d0e07910-ddc2-4be5-b4fc-c5c96334692d]   Rendered shared/_match_card.html.erb (Duration: 0.1ms | Allocations: 26)
[d0e07910-ddc2-4be5-b4fc-c5c96334692d]   Rendered shared/_match_card.html.erb (Duration: 0.1ms | Allocations: 28)
[d0e07910-ddc2-4be5-b4fc-c5c96334692d]   Rendered shared/_match_card.html.erb (Duration: 0.1ms | Allocations: 29)
[d0e07910-ddc2-4be5-b4fc-c5c96334692d]   Rendered shared/_match_card.html.erb (Duration: 0.1ms | Allocations: 29)
[d0e07910-ddc2-4be5-b4fc-c5c96334692d]   Rendered shared/_match_card.html.erb (Duration: 0.1ms | Allocations: 28)
[d0e07910-ddc2-4be5-b4fc-c5c96334692d]   Rendered shared/_match_card.html.erb (Duration: 0.1ms | Allocations: 28)
[d0e07910-ddc2-4be5-b4fc-c5c96334692d]   Rendered shared/_match_card.html.erb (Duration: 0.3ms | Allocations: 29)
[d0e07910-ddc2-4be5-b4fc-c5c96334692d]   Rendered shared/_match_card.html.erb (Duration: 0.1ms | Allocations: 29)
[d0e07910-ddc2-4be5-b4fc-c5c96334692d]   Rendered shared/_match_card.html.erb (Duration: 0.1ms | Allocations: 26)
[d0e07910-ddc2-4be5-b4fc-c5c96334692d]   Rendered shared/_match_card.html.erb (Duration: 0.1ms | Allocations: 28)
[d0e07910-ddc2-4be5-b4fc-c5c96334692d]   Rendered shared/_match_card.html.erb (Duration: 0.1ms | Allocations: 30)
[d0e07910-ddc2-4be5-b4fc-c5c96334692d]   Rendered shared/_match_card.html.erb (Duration: 0.1ms | Allocations: 28)
[d0e07910-ddc2-4be5-b4fc-c5c96334692d]   Rendered shared/_match_card.html.erb (Duration: 0.1ms | Allocations: 28)
[d0e07910-ddc2-4be5-b4fc-c5c96334692d]   Rendered shared/_match_card.html.erb (Duration: 0.1ms | Allocations: 30)
[d0e07910-ddc2-4be5-b4fc-c5c96334692d]   Rendered shared/_match_card.html.erb (Duration: 0.1ms | Allocations: 29)
[d0e07910-ddc2-4be5-b4fc-c5c96334692d]   Rendered shared/_match_card.html.erb (Duration: 0.2ms | Allocations: 29)
[d0e07910-ddc2-4be5-b4fc-c5c96334692d]   Rendered shared/_match_card.html.erb (Duration: 0.2ms | Allocations: 29)
[d0e07910-ddc2-4be5-b4fc-c5c96334692d]   Rendered shared/_match_card.html.erb (Duration: 0.1ms | Allocations: 26)
[d0e07910-ddc2-4be5-b4fc-c5c96334692d]   Rendered shared/_match_card.html.erb (Duration: 0.1ms | Allocations: 26)
[d0e07910-ddc2-4be5-b4fc-c5c96334692d]   Rendered shared/_match_card.html.erb (Duration: 0.1ms | Allocations: 29)
[d0e07910-ddc2-4be5-b4fc-c5c96334692d]   Rendered shared/_match_card.html.erb (Duration: 0.1ms | Allocations: 26)
[d0e07910-ddc2-4be5-b4fc-c5c96334692d]   Rendered shared/_match_card.html.erb (Duration: 0.1ms | Allocations: 29)
[d0e07910-ddc2-4be5-b4fc-c5c96334692d]   Rendered shared/_match_card.html.erb (Duration: 0.2ms | Allocations: 28)
[d0e07910-ddc2-4be5-b4fc-c5c96334692d]   Rendered shared/_match_card.html.erb (Duration: 0.2ms | Allocations: 28)
[d0e07910-ddc2-4be5-b4fc-c5c96334692d]   Rendered shared/_match_card.html.erb (Duration: 0.1ms | Allocations: 26)
[d0e07910-ddc2-4be5-b4fc-c5c96334692d]   Rendered shared/_match_card.html.erb (Duration: 0.2ms | Allocations: 28)
[d0e07910-ddc2-4be5-b4fc-c5c96334692d]   Rendered shared/_match_card.html.erb (Duration: 0.2ms | Allocations: 29)
[d0e07910-ddc2-4be5-b4fc-c5c96334692d]   Rendered shared/_match_card.html.erb (Duration: 0.1ms | Allocations: 28)
[d0e07910-ddc2-4be5-b4fc-c5c96334692d]   Rendered shared/_match_card.html.erb (Duration: 0.1ms | Allocations: 28)
[d0e07910-ddc2-4be5-b4fc-c5c96334692d]   Rendered shared/_match_card.html.erb (Duration: 0.1ms | Allocations: 28)
[d0e07910-ddc2-4be5-b4fc-c5c96334692d]   Rendered shared/_match_card.html.erb (Duration: 0.1ms | Allocations: 28)
[d0e07910-ddc2-4be5-b4fc-c5c96334692d]   Rendered shared/_match_card.html.erb (Duration: 0.1ms | Allocations: 29)
[d0e07910-ddc2-4be5-b4fc-c5c96334692d]   Rendered shared/_match_card.html.erb (Duration: 0.1ms | Allocations: 29)
[d0e07910-ddc2-4be5-b4fc-c5c96334692d]   Rendered shared/_match_card.html.erb (Duration: 0.1ms | Allocations: 28)
[d0e07910-ddc2-4be5-b4fc-c5c96334692d]   Rendered shared/_match_card.html.erb (Duration: 0.2ms | Allocations: 29)
[d0e07910-ddc2-4be5-b4fc-c5c96334692d]   Rendered shared/_match_card.html.erb (Duration: 0.1ms | Allocations: 28)
[d0e07910-ddc2-4be5-b4fc-c5c96334692d]   Rendered shared/_match_card.html.erb (Duration: 0.2ms | Allocations: 28)
[d0e07910-ddc2-4be5-b4fc-c5c96334692d]   Rendered shared/_match_card.html.erb (Duration: 0.1ms | Allocations: 29)
[d0e07910-ddc2-4be5-b4fc-c5c96334692d]   Rendered shared/_match_card.html.erb (Duration: 0.1ms | Allocations: 26)
[d0e07910-ddc2-4be5-b4fc-c5c96334692d]   Rendered shared/_match_card.html.erb (Duration: 0.1ms | Allocations: 30)
[d0e07910-ddc2-4be5-b4fc-c5c96334692d]   Rendered shared/_match_card.html.erb (Duration: 0.1ms | Allocations: 29)
[d0e07910-ddc2-4be5-b4fc-c5c96334692d]   Rendered shared/_match_card.html.erb (Duration: 0.1ms | Allocations: 28)
[d0e07910-ddc2-4be5-b4fc-c5c96334692d]   Rendered shared/_match_card.html.erb (Duration: 0.2ms | Allocations: 26)
[d0e07910-ddc2-4be5-b4fc-c5c96334692d]   Rendered shared/_match_card.html.erb (Duration: 0.1ms | Allocations: 29)
[d0e07910-ddc2-4be5-b4fc-c5c96334692d]   Rendered shared/_match_card.html.erb (Duration: 0.1ms | Allocations: 30)
[d0e07910-ddc2-4be5-b4fc-c5c96334692d]   Rendered shared/_match_card.html.erb (Duration: 0.1ms | Allocations: 28)
[d0e07910-ddc2-4be5-b4fc-c5c96334692d]   Rendered shared/_match_card.html.erb (Duration: 0.1ms | Allocations: 29)
[d0e07910-ddc2-4be5-b4fc-c5c96334692d]   Rendered shared/_match_card.html.erb (Duration: 0.1ms | Allocations: 28)
[d0e07910-ddc2-4be5-b4fc-c5c96334692d]   Rendered matches/index.html.erb within layouts/application (Duration: 62.0ms | Allocations: 6807)
[d0e07910-ddc2-4be5-b4fc-c5c96334692d]   Rendered layout layouts/application.html.erb (Duration: 78.3ms | Allocations: 8876)
[d0e07910-ddc2-4be5-b4fc-c5c96334692d] Completed 200 OK in 535ms (Views: 79.6ms | Allocations: 11653)


[fe57e988-05ea-47f6-85f7-6fdb9d1dd9f8] Started GET "/" for ::1 at 2026-06-11 13:23:30 -0600
[fe57e988-05ea-47f6-85f7-6fdb9d1dd9f8] Processing by DashboardController#index as HTML
[fe57e988-05ea-47f6-85f7-6fdb9d1dd9f8]   Rendering layout layouts/application.html.erb
[fe57e988-05ea-47f6-85f7-6fdb9d1dd9f8]   Rendering dashboard/index.html.erb within layouts/application
[fe57e988-05ea-47f6-85f7-6fdb9d1dd9f8]   Rendered dashboard/index.html.erb within layouts/application (Duration: 2.3ms | Allocations: 617)
[fe57e988-05ea-47f6-85f7-6fdb9d1dd9f8]   Rendered layout layouts/application.html.erb (Duration: 19.8ms | Allocations: 3005)
[fe57e988-05ea-47f6-85f7-6fdb9d1dd9f8] Completed 200 OK in 726ms (Views: 31.1ms | Allocations: 5185)


[5a54f796-f73a-4235-9b05-cf9ea68b554a] Started GET "/admin" for ::1 at 2026-06-11 13:23:34 -0600
[5a54f796-f73a-4235-9b05-cf9ea68b554a] Processing by AdminController#index as HTML
[5a54f796-f73a-4235-9b05-cf9ea68b554a]   Rendering layout layouts/application.html.erb
[5a54f796-f73a-4235-9b05-cf9ea68b554a]   Rendering admin/index.html.erb within layouts/application
[5a54f796-f73a-4235-9b05-cf9ea68b554a]   Rendered admin/index.html.erb within layouts/application (Duration: 9.9ms | Allocations: 1418)
[5a54f796-f73a-4235-9b05-cf9ea68b554a]   Rendered layout layouts/application.html.erb (Duration: 30.3ms | Allocations: 3209)
[5a54f796-f73a-4235-9b05-cf9ea68b554a] Completed 200 OK in 389ms (Views: 36.1ms | Allocations: 5482)


[265739d4-ad59-49fe-9e08-9b54fae0d175] Started POST "/admin/reset_groups" for ::1 at 2026-06-11 13:23:35 -0600
[265739d4-ad59-49fe-9e08-9b54fae0d175] Processing by AdminController#reset_groups as HTML
[265739d4-ad59-49fe-9e08-9b54fae0d175]   Parameters: {"authenticity_token" => "Ow97oiG9G5fTbQ7Gh06J3dS2K7COaWtzZSANBvyyZe9u6twFUCNWOY2KR737adossQPrOcvVej9cOpYSfR48RA", "button" => ""}
[265739d4-ad59-49fe-9e08-9b54fae0d175] Redirected to http://localhost:4000/admin
[265739d4-ad59-49fe-9e08-9b54fae0d175] Completed 302 Found in 232ms (Allocations: 854)


[7b456ca7-0b5c-4970-af51-bf567b0d81a5] Started GET "/admin" for ::1 at 2026-06-11 13:23:36 -0600
[7b456ca7-0b5c-4970-af51-bf567b0d81a5] Processing by AdminController#index as HTML
[7b456ca7-0b5c-4970-af51-bf567b0d81a5]   Rendering layout layouts/application.html.erb
[7b456ca7-0b5c-4970-af51-bf567b0d81a5]   Rendering admin/index.html.erb within layouts/application
[7b456ca7-0b5c-4970-af51-bf567b0d81a5]   Rendered admin/index.html.erb within layouts/application (Duration: 3.0ms | Allocations: 712)
[7b456ca7-0b5c-4970-af51-bf567b0d81a5]   Rendered layout layouts/application.html.erb (Duration: 27.1ms | Allocations: 2501)
[7b456ca7-0b5c-4970-af51-bf567b0d81a5] Completed 200 OK in 414ms (Views: 29.2ms | Allocations: 4615)


[da88d9a8-8f56-4836-82dd-46820e541a88] Started POST "/admin/simulate" for ::1 at 2026-06-11 13:23:38 -0600
[da88d9a8-8f56-4836-82dd-46820e541a88] Processing by AdminController#simulate as HTML
[da88d9a8-8f56-4836-82dd-46820e541a88]   Parameters: {"authenticity_token" => "FpfMTFAZRfUJgf7T-EBKZkRexqxb-9uzheX74t4eYDx0mbLKpXHmetWu7y9NwEEnmhKWOSskiNRK2q8sb_ykxQ", "button" => ""}
[da88d9a8-8f56-4836-82dd-46820e541a88] Redirected to http://localhost:4000/admin
[da88d9a8-8f56-4836-82dd-46820e541a88] Completed 302 Found in 1554ms (Allocations: 1270)


[9ee63637-9a7a-4fe1-a4e8-4b3349438ec5] Started GET "/admin" for ::1 at 2026-06-11 13:23:40 -0600
[9ee63637-9a7a-4fe1-a4e8-4b3349438ec5] Processing by AdminController#index as HTML
[9ee63637-9a7a-4fe1-a4e8-4b3349438ec5]   Rendering layout layouts/application.html.erb
[9ee63637-9a7a-4fe1-a4e8-4b3349438ec5]   Rendering admin/index.html.erb within layouts/application
[9ee63637-9a7a-4fe1-a4e8-4b3349438ec5]   Rendered admin/index.html.erb within layouts/application (Duration: 2.3ms | Allocations: 703)
[9ee63637-9a7a-4fe1-a4e8-4b3349438ec5]   Rendered layout layouts/application.html.erb (Duration: 15.4ms | Allocations: 2492)
[9ee63637-9a7a-4fe1-a4e8-4b3349438ec5] Completed 200 OK in 375ms (Views: 17.0ms | Allocations: 4611)


[cea87db9-fe87-417a-a6c0-27070cf8231e] Started GET "/groups" for ::1 at 2026-06-11 13:23:45 -0600
[cea87db9-fe87-417a-a6c0-27070cf8231e] Processing by GroupsController#index as HTML
[cea87db9-fe87-417a-a6c0-27070cf8231e]   Rendering layout layouts/application.html.erb
[cea87db9-fe87-417a-a6c0-27070cf8231e]   Rendering groups/index.html.erb within layouts/application
[cea87db9-fe87-417a-a6c0-27070cf8231e]   Rendered shared/_standings_table.html.erb (Duration: 1.7ms | Allocations: 367)
[cea87db9-fe87-417a-a6c0-27070cf8231e]   Rendered shared/_standings_table.html.erb (Duration: 0.2ms | Allocations: 105)
[cea87db9-fe87-417a-a6c0-27070cf8231e]   Rendered shared/_standings_table.html.erb (Duration: 0.1ms | Allocations: 107)
[cea87db9-fe87-417a-a6c0-27070cf8231e]   Rendered shared/_standings_table.html.erb (Duration: 0.1ms | Allocations: 107)
[cea87db9-fe87-417a-a6c0-27070cf8231e]   Rendered shared/_standings_table.html.erb (Duration: 0.1ms | Allocations: 106)
[cea87db9-fe87-417a-a6c0-27070cf8231e]   Rendered shared/_standings_table.html.erb (Duration: 0.1ms | Allocations: 107)
[cea87db9-fe87-417a-a6c0-27070cf8231e]   Rendered shared/_standings_table.html.erb (Duration: 0.2ms | Allocations: 108)
[cea87db9-fe87-417a-a6c0-27070cf8231e]   Rendered shared/_standings_table.html.erb (Duration: 0.2ms | Allocations: 105)
[cea87db9-fe87-417a-a6c0-27070cf8231e]   Rendered shared/_standings_table.html.erb (Duration: 0.1ms | Allocations: 108)
[cea87db9-fe87-417a-a6c0-27070cf8231e]   Rendered shared/_standings_table.html.erb (Duration: 0.1ms | Allocations: 109)
[cea87db9-fe87-417a-a6c0-27070cf8231e]   Rendered shared/_standings_table.html.erb (Duration: 0.1ms | Allocations: 107)
[cea87db9-fe87-417a-a6c0-27070cf8231e]   Rendered shared/_standings_table.html.erb (Duration: 0.1ms | Allocations: 107)
[cea87db9-fe87-417a-a6c0-27070cf8231e]   Rendered groups/index.html.erb within layouts/application (Duration: 25.2ms | Allocations: 3788)
[cea87db9-fe87-417a-a6c0-27070cf8231e]   Rendered layout layouts/application.html.erb (Duration: 42.6ms | Allocations: 5871)
[cea87db9-fe87-417a-a6c0-27070cf8231e] Completed 200 OK in 209ms (Views: 47.6ms | Allocations: 8239)


[b890aa97-7f7f-41b3-89bb-551db55f519a] Started GET "/matches" for ::1 at 2026-06-11 13:23:48 -0600
[b890aa97-7f7f-41b3-89bb-551db55f519a] Processing by MatchesController#index as HTML
[b890aa97-7f7f-41b3-89bb-551db55f519a]   Rendering layout layouts/application.html.erb
[b890aa97-7f7f-41b3-89bb-551db55f519a]   Rendering matches/index.html.erb within layouts/application
[b890aa97-7f7f-41b3-89bb-551db55f519a]   Rendered shared/_match_card.html.erb (Duration: 5.2ms | Allocations: 629)
[b890aa97-7f7f-41b3-89bb-551db55f519a]   Rendered shared/_match_card.html.erb (Duration: 0.1ms | Allocations: 26)
[b890aa97-7f7f-41b3-89bb-551db55f519a]   Rendered shared/_match_card.html.erb (Duration: 0.1ms | Allocations: 29)
[b890aa97-7f7f-41b3-89bb-551db55f519a]   Rendered shared/_match_card.html.erb (Duration: 0.2ms | Allocations: 30)
[b890aa97-7f7f-41b3-89bb-551db55f519a]   Rendered shared/_match_card.html.erb (Duration: 0.3ms | Allocations: 30)
[b890aa97-7f7f-41b3-89bb-551db55f519a]   Rendered shared/_match_card.html.erb (Duration: 0.3ms | Allocations: 26)
[b890aa97-7f7f-41b3-89bb-551db55f519a]   Rendered shared/_match_card.html.erb (Duration: 0.1ms | Allocations: 26)
[b890aa97-7f7f-41b3-89bb-551db55f519a]   Rendered shared/_match_card.html.erb (Duration: 0.1ms | Allocations: 28)
[b890aa97-7f7f-41b3-89bb-551db55f519a]   Rendered shared/_match_card.html.erb (Duration: 0.2ms | Allocations: 30)
[b890aa97-7f7f-41b3-89bb-551db55f519a]   Rendered shared/_match_card.html.erb (Duration: 0.1ms | Allocations: 28)
[b890aa97-7f7f-41b3-89bb-551db55f519a]   Rendered shared/_match_card.html.erb (Duration: 0.1ms | Allocations: 29)
[b890aa97-7f7f-41b3-89bb-551db55f519a]   Rendered shared/_match_card.html.erb (Duration: 0.1ms | Allocations: 26)
[b890aa97-7f7f-41b3-89bb-551db55f519a]   Rendered shared/_match_card.html.erb (Duration: 0.1ms | Allocations: 28)
[b890aa97-7f7f-41b3-89bb-551db55f519a]   Rendered shared/_match_card.html.erb (Duration: 0.1ms | Allocations: 28)
[b890aa97-7f7f-41b3-89bb-551db55f519a]   Rendered shared/_match_card.html.erb (Duration: 0.1ms | Allocations: 28)
[b890aa97-7f7f-41b3-89bb-551db55f519a]   Rendered shared/_match_card.html.erb (Duration: 0.1ms | Allocations: 29)
[b890aa97-7f7f-41b3-89bb-551db55f519a]   Rendered shared/_match_card.html.erb (Duration: 0.1ms | Allocations: 28)
[b890aa97-7f7f-41b3-89bb-551db55f519a]   Rendered shared/_match_card.html.erb (Duration: 0.1ms | Allocations: 28)
[b890aa97-7f7f-41b3-89bb-551db55f519a]   Rendered shared/_match_card.html.erb (Duration: 0.1ms | Allocations: 28)
[b890aa97-7f7f-41b3-89bb-551db55f519a]   Rendered shared/_match_card.html.erb (Duration: 0.1ms | Allocations: 29)
[b890aa97-7f7f-41b3-89bb-551db55f519a]   Rendered shared/_match_card.html.erb (Duration: 0.1ms | Allocations: 29)
[b890aa97-7f7f-41b3-89bb-551db55f519a]   Rendered shared/_match_card.html.erb (Duration: 0.1ms | Allocations: 29)
[b890aa97-7f7f-41b3-89bb-551db55f519a]   Rendered shared/_match_card.html.erb (Duration: 0.1ms | Allocations: 29)
[b890aa97-7f7f-41b3-89bb-551db55f519a]   Rendered shared/_match_card.html.erb (Duration: 0.1ms | Allocations: 30)
[b890aa97-7f7f-41b3-89bb-551db55f519a]   Rendered shared/_match_card.html.erb (Duration: 0.1ms | Allocations: 29)
[b890aa97-7f7f-41b3-89bb-551db55f519a]   Rendered shared/_match_card.html.erb (Duration: 0.1ms | Allocations: 29)
[b890aa97-7f7f-41b3-89bb-551db55f519a]   Rendered shared/_match_card.html.erb (Duration: 0.1ms | Allocations: 26)
[b890aa97-7f7f-41b3-89bb-551db55f519a]   Rendered shared/_match_card.html.erb (Duration: 0.1ms | Allocations: 28)
[b890aa97-7f7f-41b3-89bb-551db55f519a]   Rendered shared/_match_card.html.erb (Duration: 0.1ms | Allocations: 29)
[b890aa97-7f7f-41b3-89bb-551db55f519a]   Rendered shared/_match_card.html.erb (Duration: 0.1ms | Allocations: 28)
[b890aa97-7f7f-41b3-89bb-551db55f519a]   Rendered shared/_match_card.html.erb (Duration: 0.1ms | Allocations: 29)
[b890aa97-7f7f-41b3-89bb-551db55f519a]   Rendered shared/_match_card.html.erb (Duration: 0.1ms | Allocations: 28)
[b890aa97-7f7f-41b3-89bb-551db55f519a]   Rendered shared/_match_card.html.erb (Duration: 0.1ms | Allocations: 30)
[b890aa97-7f7f-41b3-89bb-551db55f519a]   Rendered shared/_match_card.html.erb (Duration: 0.2ms | Allocations: 30)
[b890aa97-7f7f-41b3-89bb-551db55f519a]   Rendered shared/_match_card.html.erb (Duration: 0.2ms | Allocations: 29)
[b890aa97-7f7f-41b3-89bb-551db55f519a]   Rendered shared/_match_card.html.erb (Duration: 0.2ms | Allocations: 29)
[b890aa97-7f7f-41b3-89bb-551db55f519a]   Rendered shared/_match_card.html.erb (Duration: 0.5ms | Allocations: 28)
[b890aa97-7f7f-41b3-89bb-551db55f519a]   Rendered shared/_match_card.html.erb (Duration: 0.1ms | Allocations: 29)
[b890aa97-7f7f-41b3-89bb-551db55f519a]   Rendered shared/_match_card.html.erb (Duration: 0.1ms | Allocations: 28)
[b890aa97-7f7f-41b3-89bb-551db55f519a]   Rendered shared/_match_card.html.erb (Duration: 0.3ms | Allocations: 28)
[b890aa97-7f7f-41b3-89bb-551db55f519a]   Rendered shared/_match_card.html.erb (Duration: 0.3ms | Allocations: 28)
[b890aa97-7f7f-41b3-89bb-551db55f519a]   Rendered shared/_match_card.html.erb (Duration: 0.1ms | Allocations: 26)
[b890aa97-7f7f-41b3-89bb-551db55f519a]   Rendered shared/_match_card.html.erb (Duration: 0.2ms | Allocations: 26)
[b890aa97-7f7f-41b3-89bb-551db55f519a]   Rendered shared/_match_card.html.erb (Duration: 0.2ms | Allocations: 29)
[b890aa97-7f7f-41b3-89bb-551db55f519a]   Rendered shared/_match_card.html.erb (Duration: 0.2ms | Allocations: 26)
[b890aa97-7f7f-41b3-89bb-551db55f519a]   Rendered shared/_match_card.html.erb (Duration: 0.1ms | Allocations: 26)
[b890aa97-7f7f-41b3-89bb-551db55f519a]   Rendered shared/_match_card.html.erb (Duration: 0.1ms | Allocations: 28)
[b890aa97-7f7f-41b3-89bb-551db55f519a]   Rendered shared/_match_card.html.erb (Duration: 0.1ms | Allocations: 29)
[b890aa97-7f7f-41b3-89bb-551db55f519a]   Rendered shared/_match_card.html.erb (Duration: 0.2ms | Allocations: 28)
[b890aa97-7f7f-41b3-89bb-551db55f519a]   Rendered shared/_match_card.html.erb (Duration: 0.3ms | Allocations: 29)
[b890aa97-7f7f-41b3-89bb-551db55f519a]   Rendered shared/_match_card.html.erb (Duration: 0.7ms | Allocations: 29)
[b890aa97-7f7f-41b3-89bb-551db55f519a]   Rendered shared/_match_card.html.erb (Duration: 0.1ms | Allocations: 28)
[b890aa97-7f7f-41b3-89bb-551db55f519a]   Rendered shared/_match_card.html.erb (Duration: 0.1ms | Allocations: 29)
[b890aa97-7f7f-41b3-89bb-551db55f519a]   Rendered shared/_match_card.html.erb (Duration: 0.2ms | Allocations: 28)
[b890aa97-7f7f-41b3-89bb-551db55f519a]   Rendered shared/_match_card.html.erb (Duration: 0.2ms | Allocations: 29)
[b890aa97-7f7f-41b3-89bb-551db55f519a]   Rendered shared/_match_card.html.erb (Duration: 0.1ms | Allocations: 29)
[b890aa97-7f7f-41b3-89bb-551db55f519a]   Rendered shared/_match_card.html.erb (Duration: 0.2ms | Allocations: 28)
[b890aa97-7f7f-41b3-89bb-551db55f519a]   Rendered shared/_match_card.html.erb (Duration: 0.1ms | Allocations: 28)
[b890aa97-7f7f-41b3-89bb-551db55f519a]   Rendered shared/_match_card.html.erb (Duration: 0.1ms | Allocations: 28)
[b890aa97-7f7f-41b3-89bb-551db55f519a]   Rendered shared/_match_card.html.erb (Duration: 0.1ms | Allocations: 28)
[b890aa97-7f7f-41b3-89bb-551db55f519a]   Rendered shared/_match_card.html.erb (Duration: 0.1ms | Allocations: 28)
[b890aa97-7f7f-41b3-89bb-551db55f519a]   Rendered shared/_match_card.html.erb (Duration: 0.3ms | Allocations: 26)
[b890aa97-7f7f-41b3-89bb-551db55f519a]   Rendered shared/_match_card.html.erb (Duration: 0.2ms | Allocations: 28)
[b890aa97-7f7f-41b3-89bb-551db55f519a]   Rendered shared/_match_card.html.erb (Duration: 0.1ms | Allocations: 26)
[b890aa97-7f7f-41b3-89bb-551db55f519a]   Rendered shared/_match_card.html.erb (Duration: 0.1ms | Allocations: 29)
[b890aa97-7f7f-41b3-89bb-551db55f519a]   Rendered shared/_match_card.html.erb (Duration: 0.0ms | Allocations: 29)
[b890aa97-7f7f-41b3-89bb-551db55f519a]   Rendered shared/_match_card.html.erb (Duration: 0.1ms | Allocations: 29)
[b890aa97-7f7f-41b3-89bb-551db55f519a]   Rendered shared/_match_card.html.erb (Duration: 0.1ms | Allocations: 26)
[b890aa97-7f7f-41b3-89bb-551db55f519a]   Rendered shared/_match_card.html.erb (Duration: 0.1ms | Allocations: 29)
[b890aa97-7f7f-41b3-89bb-551db55f519a]   Rendered shared/_match_card.html.erb (Duration: 0.1ms | Allocations: 28)
[b890aa97-7f7f-41b3-89bb-551db55f519a]   Rendered shared/_match_card.html.erb (Duration: 0.1ms | Allocations: 29)
[b890aa97-7f7f-41b3-89bb-551db55f519a]   Rendered shared/_match_card.html.erb (Duration: 0.2ms | Allocations: 29)
[b890aa97-7f7f-41b3-89bb-551db55f519a]   Rendered matches/index.html.erb within layouts/application (Duration: 90.0ms | Allocations: 7751)
[b890aa97-7f7f-41b3-89bb-551db55f519a]   Rendered layout layouts/application.html.erb (Duration: 108.0ms | Allocations: 9851)
[b890aa97-7f7f-41b3-89bb-551db55f519a] Completed 200 OK in 499ms (Views: 113.2ms | Allocations: 12769)


[a5351da6-0bb3-4388-a1a1-83f53b84b8d9] Started GET "/knockout" for ::1 at 2026-06-11 13:23:50 -0600
[a5351da6-0bb3-4388-a1a1-83f53b84b8d9] Processing by KnockoutController#index as HTML
[a5351da6-0bb3-4388-a1a1-83f53b84b8d9]   Rendering layout layouts/application.html.erb
[a5351da6-0bb3-4388-a1a1-83f53b84b8d9]   Rendering knockout/index.html.erb within layouts/application
[a5351da6-0bb3-4388-a1a1-83f53b84b8d9]   Rendered knockout/index.html.erb within layouts/application (Duration: 5.6ms | Allocations: 1022)
[a5351da6-0bb3-4388-a1a1-83f53b84b8d9]   Rendered layout layouts/application.html.erb (Duration: 18.5ms | Allocations: 3097)
[a5351da6-0bb3-4388-a1a1-83f53b84b8d9] Completed 200 OK in 254ms (Views: 23.2ms | Allocations: 4590)


[abb3ebc8-1c92-451c-8966-9eb212767e3e] Started GET "/matches" for ::1 at 2026-06-11 13:23:51 -0600
[abb3ebc8-1c92-451c-8966-9eb212767e3e] Processing by MatchesController#index as HTML
[abb3ebc8-1c92-451c-8966-9eb212767e3e]   Rendering layout layouts/application.html.erb
[abb3ebc8-1c92-451c-8966-9eb212767e3e]   Rendering matches/index.html.erb within layouts/application
[abb3ebc8-1c92-451c-8966-9eb212767e3e]   Rendered shared/_match_card.html.erb (Duration: 0.1ms | Allocations: 30)
[abb3ebc8-1c92-451c-8966-9eb212767e3e]   Rendered shared/_match_card.html.erb (Duration: 0.1ms | Allocations: 26)
[abb3ebc8-1c92-451c-8966-9eb212767e3e]   Rendered shared/_match_card.html.erb (Duration: 0.1ms | Allocations: 29)
[abb3ebc8-1c92-451c-8966-9eb212767e3e]   Rendered shared/_match_card.html.erb (Duration: 0.1ms | Allocations: 30)
[abb3ebc8-1c92-451c-8966-9eb212767e3e]   Rendered shared/_match_card.html.erb (Duration: 0.1ms | Allocations: 30)
[abb3ebc8-1c92-451c-8966-9eb212767e3e]   Rendered shared/_match_card.html.erb (Duration: 0.1ms | Allocations: 26)
[abb3ebc8-1c92-451c-8966-9eb212767e3e]   Rendered shared/_match_card.html.erb (Duration: 0.2ms | Allocations: 26)
[abb3ebc8-1c92-451c-8966-9eb212767e3e]   Rendered shared/_match_card.html.erb (Duration: 0.1ms | Allocations: 28)
[abb3ebc8-1c92-451c-8966-9eb212767e3e]   Rendered shared/_match_card.html.erb (Duration: 0.2ms | Allocations: 30)
[abb3ebc8-1c92-451c-8966-9eb212767e3e]   Rendered shared/_match_card.html.erb (Duration: 0.1ms | Allocations: 28)
[abb3ebc8-1c92-451c-8966-9eb212767e3e]   Rendered shared/_match_card.html.erb (Duration: 0.2ms | Allocations: 29)
[abb3ebc8-1c92-451c-8966-9eb212767e3e]   Rendered shared/_match_card.html.erb (Duration: 0.1ms | Allocations: 26)
[abb3ebc8-1c92-451c-8966-9eb212767e3e]   Rendered shared/_match_card.html.erb (Duration: 0.1ms | Allocations: 28)
[abb3ebc8-1c92-451c-8966-9eb212767e3e]   Rendered shared/_match_card.html.erb (Duration: 0.1ms | Allocations: 28)
[abb3ebc8-1c92-451c-8966-9eb212767e3e]   Rendered shared/_match_card.html.erb (Duration: 0.1ms | Allocations: 28)
[abb3ebc8-1c92-451c-8966-9eb212767e3e]   Rendered shared/_match_card.html.erb (Duration: 0.1ms | Allocations: 29)
[abb3ebc8-1c92-451c-8966-9eb212767e3e]   Rendered shared/_match_card.html.erb (Duration: 0.2ms | Allocations: 28)
[abb3ebc8-1c92-451c-8966-9eb212767e3e]   Rendered shared/_match_card.html.erb (Duration: 0.1ms | Allocations: 28)
[abb3ebc8-1c92-451c-8966-9eb212767e3e]   Rendered shared/_match_card.html.erb (Duration: 0.2ms | Allocations: 28)
[abb3ebc8-1c92-451c-8966-9eb212767e3e]   Rendered shared/_match_card.html.erb (Duration: 0.1ms | Allocations: 29)
[abb3ebc8-1c92-451c-8966-9eb212767e3e]   Rendered shared/_match_card.html.erb (Duration: 0.1ms | Allocations: 29)
[abb3ebc8-1c92-451c-8966-9eb212767e3e]   Rendered shared/_match_card.html.erb (Duration: 0.1ms | Allocations: 29)
[abb3ebc8-1c92-451c-8966-9eb212767e3e]   Rendered shared/_match_card.html.erb (Duration: 0.3ms | Allocations: 29)
[abb3ebc8-1c92-451c-8966-9eb212767e3e]   Rendered shared/_match_card.html.erb (Duration: 0.2ms | Allocations: 30)
[abb3ebc8-1c92-451c-8966-9eb212767e3e]   Rendered shared/_match_card.html.erb (Duration: 0.1ms | Allocations: 29)
[abb3ebc8-1c92-451c-8966-9eb212767e3e]   Rendered shared/_match_card.html.erb (Duration: 0.2ms | Allocations: 29)
[abb3ebc8-1c92-451c-8966-9eb212767e3e]   Rendered shared/_match_card.html.erb (Duration: 0.1ms | Allocations: 26)
[abb3ebc8-1c92-451c-8966-9eb212767e3e]   Rendered shared/_match_card.html.erb (Duration: 0.1ms | Allocations: 28)
[abb3ebc8-1c92-451c-8966-9eb212767e3e]   Rendered shared/_match_card.html.erb (Duration: 0.2ms | Allocations: 29)
[abb3ebc8-1c92-451c-8966-9eb212767e3e]   Rendered shared/_match_card.html.erb (Duration: 0.1ms | Allocations: 28)
[abb3ebc8-1c92-451c-8966-9eb212767e3e]   Rendered shared/_match_card.html.erb (Duration: 0.2ms | Allocations: 29)
[abb3ebc8-1c92-451c-8966-9eb212767e3e]   Rendered shared/_match_card.html.erb (Duration: 0.1ms | Allocations: 28)
[abb3ebc8-1c92-451c-8966-9eb212767e3e]   Rendered shared/_match_card.html.erb (Duration: 0.1ms | Allocations: 30)
[abb3ebc8-1c92-451c-8966-9eb212767e3e]   Rendered shared/_match_card.html.erb (Duration: 0.1ms | Allocations: 30)
[abb3ebc8-1c92-451c-8966-9eb212767e3e]   Rendered shared/_match_card.html.erb (Duration: 0.2ms | Allocations: 29)
[abb3ebc8-1c92-451c-8966-9eb212767e3e]   Rendered shared/_match_card.html.erb (Duration: 0.1ms | Allocations: 29)
[abb3ebc8-1c92-451c-8966-9eb212767e3e]   Rendered shared/_match_card.html.erb (Duration: 0.2ms | Allocations: 28)
[abb3ebc8-1c92-451c-8966-9eb212767e3e]   Rendered shared/_match_card.html.erb (Duration: 0.1ms | Allocations: 29)
[abb3ebc8-1c92-451c-8966-9eb212767e3e]   Rendered shared/_match_card.html.erb (Duration: 0.1ms | Allocations: 28)
[abb3ebc8-1c92-451c-8966-9eb212767e3e]   Rendered shared/_match_card.html.erb (Duration: 0.1ms | Allocations: 28)
[abb3ebc8-1c92-451c-8966-9eb212767e3e]   Rendered shared/_match_card.html.erb (Duration: 0.3ms | Allocations: 28)
[abb3ebc8-1c92-451c-8966-9eb212767e3e]   Rendered shared/_match_card.html.erb (Duration: 0.1ms | Allocations: 26)
[abb3ebc8-1c92-451c-8966-9eb212767e3e]   Rendered shared/_match_card.html.erb (Duration: 0.1ms | Allocations: 26)
[abb3ebc8-1c92-451c-8966-9eb212767e3e]   Rendered shared/_match_card.html.erb (Duration: 0.1ms | Allocations: 29)
[abb3ebc8-1c92-451c-8966-9eb212767e3e]   Rendered shared/_match_card.html.erb (Duration: 0.3ms | Allocations: 26)
[abb3ebc8-1c92-451c-8966-9eb212767e3e]   Rendered shared/_match_card.html.erb (Duration: 0.1ms | Allocations: 26)
[abb3ebc8-1c92-451c-8966-9eb212767e3e]   Rendered shared/_match_card.html.erb (Duration: 0.1ms | Allocations: 28)
[abb3ebc8-1c92-451c-8966-9eb212767e3e]   Rendered shared/_match_card.html.erb (Duration: 0.2ms | Allocations: 29)
[abb3ebc8-1c92-451c-8966-9eb212767e3e]   Rendered shared/_match_card.html.erb (Duration: 0.1ms | Allocations: 28)
[abb3ebc8-1c92-451c-8966-9eb212767e3e]   Rendered shared/_match_card.html.erb (Duration: 0.2ms | Allocations: 29)
[abb3ebc8-1c92-451c-8966-9eb212767e3e]   Rendered shared/_match_card.html.erb (Duration: 0.1ms | Allocations: 29)
[abb3ebc8-1c92-451c-8966-9eb212767e3e]   Rendered shared/_match_card.html.erb (Duration: 0.1ms | Allocations: 28)
[abb3ebc8-1c92-451c-8966-9eb212767e3e]   Rendered shared/_match_card.html.erb (Duration: 0.1ms | Allocations: 29)
[abb3ebc8-1c92-451c-8966-9eb212767e3e]   Rendered shared/_match_card.html.erb (Duration: 0.1ms | Allocations: 28)
[abb3ebc8-1c92-451c-8966-9eb212767e3e]   Rendered shared/_match_card.html.erb (Duration: 0.1ms | Allocations: 29)
[abb3ebc8-1c92-451c-8966-9eb212767e3e]   Rendered shared/_match_card.html.erb (Duration: 0.2ms | Allocations: 29)
[abb3ebc8-1c92-451c-8966-9eb212767e3e]   Rendered shared/_match_card.html.erb (Duration: 0.1ms | Allocations: 28)
[abb3ebc8-1c92-451c-8966-9eb212767e3e]   Rendered shared/_match_card.html.erb (Duration: 0.1ms | Allocations: 28)
[abb3ebc8-1c92-451c-8966-9eb212767e3e]   Rendered shared/_match_card.html.erb (Duration: 0.1ms | Allocations: 28)
[abb3ebc8-1c92-451c-8966-9eb212767e3e]   Rendered shared/_match_card.html.erb (Duration: 0.1ms | Allocations: 28)
[abb3ebc8-1c92-451c-8966-9eb212767e3e]   Rendered shared/_match_card.html.erb (Duration: 0.1ms | Allocations: 28)
[abb3ebc8-1c92-451c-8966-9eb212767e3e]   Rendered shared/_match_card.html.erb (Duration: 0.1ms | Allocations: 26)
[abb3ebc8-1c92-451c-8966-9eb212767e3e]   Rendered shared/_match_card.html.erb (Duration: 0.1ms | Allocations: 28)
[abb3ebc8-1c92-451c-8966-9eb212767e3e]   Rendered shared/_match_card.html.erb (Duration: 0.1ms | Allocations: 26)
[abb3ebc8-1c92-451c-8966-9eb212767e3e]   Rendered shared/_match_card.html.erb (Duration: 0.1ms | Allocations: 29)
[abb3ebc8-1c92-451c-8966-9eb212767e3e]   Rendered shared/_match_card.html.erb (Duration: 0.2ms | Allocations: 29)
[abb3ebc8-1c92-451c-8966-9eb212767e3e]   Rendered shared/_match_card.html.erb (Duration: 0.2ms | Allocations: 29)
[abb3ebc8-1c92-451c-8966-9eb212767e3e]   Rendered shared/_match_card.html.erb (Duration: 0.1ms | Allocations: 26)
[abb3ebc8-1c92-451c-8966-9eb212767e3e]   Rendered shared/_match_card.html.erb (Duration: 0.1ms | Allocations: 29)
[abb3ebc8-1c92-451c-8966-9eb212767e3e]   Rendered shared/_match_card.html.erb (Duration: 0.1ms | Allocations: 28)
[abb3ebc8-1c92-451c-8966-9eb212767e3e]   Rendered shared/_match_card.html.erb (Duration: 0.1ms | Allocations: 29)
[abb3ebc8-1c92-451c-8966-9eb212767e3e]   Rendered shared/_match_card.html.erb (Duration: 0.1ms | Allocations: 29)
[abb3ebc8-1c92-451c-8966-9eb212767e3e]   Rendered matches/index.html.erb within layouts/application (Duration: 74.7ms | Allocations: 6799)
[abb3ebc8-1c92-451c-8966-9eb212767e3e]   Rendered layout layouts/application.html.erb (Duration: 92.7ms | Allocations: 8861)
[abb3ebc8-1c92-451c-8966-9eb212767e3e] Completed 200 OK in 727ms (Views: 95.1ms | Allocations: 11628)


[6450e4bd-44bb-4713-a1cf-851a28581fe1] Started GET "/" for ::1 at 2026-06-11 13:23:56 -0600
[6450e4bd-44bb-4713-a1cf-851a28581fe1] Processing by DashboardController#index as HTML
[6450e4bd-44bb-4713-a1cf-851a28581fe1]   Rendering layout layouts/application.html.erb
[6450e4bd-44bb-4713-a1cf-851a28581fe1]   Rendering dashboard/index.html.erb within layouts/application
[6450e4bd-44bb-4713-a1cf-851a28581fe1]   Rendered dashboard/index.html.erb within layouts/application (Duration: 1.3ms | Allocations: 196)
[6450e4bd-44bb-4713-a1cf-851a28581fe1]   Rendered layout layouts/application.html.erb (Duration: 15.6ms | Allocations: 2258)
[6450e4bd-44bb-4713-a1cf-851a28581fe1] Completed 200 OK in 308ms (Views: 17.1ms | Allocations: 3596)


[7069bf87-bbe8-4ddd-be1c-84c8726f2189] Started GET "/knockout" for ::1 at 2026-06-11 13:24:06 -0600
[7069bf87-bbe8-4ddd-be1c-84c8726f2189] Processing by KnockoutController#index as HTML
[7069bf87-bbe8-4ddd-be1c-84c8726f2189]   Rendering layout layouts/application.html.erb
[7069bf87-bbe8-4ddd-be1c-84c8726f2189]   Rendering knockout/index.html.erb within layouts/application
[7069bf87-bbe8-4ddd-be1c-84c8726f2189]   Rendered knockout/index.html.erb within layouts/application (Duration: 0.4ms | Allocations: 51)
[7069bf87-bbe8-4ddd-be1c-84c8726f2189]   Rendered layout layouts/application.html.erb (Duration: 17.9ms | Allocations: 2112)
[7069bf87-bbe8-4ddd-be1c-84c8726f2189] Completed 200 OK in 334ms (Views: 19.4ms | Allocations: 3446)


[c70a00ba-59ef-46ed-947b-ba698cc54768] Started GET "/admin" for ::1 at 2026-06-11 13:24:08 -0600
[c70a00ba-59ef-46ed-947b-ba698cc54768] Processing by AdminController#index as HTML
[c70a00ba-59ef-46ed-947b-ba698cc54768]   Rendering layout layouts/application.html.erb
[c70a00ba-59ef-46ed-947b-ba698cc54768]   Rendering admin/index.html.erb within layouts/application
[c70a00ba-59ef-46ed-947b-ba698cc54768]   Rendered admin/index.html.erb within layouts/application (Duration: 3.8ms | Allocations: 697)
[c70a00ba-59ef-46ed-947b-ba698cc54768]   Rendered layout layouts/application.html.erb (Duration: 26.7ms | Allocations: 2484)
[c70a00ba-59ef-46ed-947b-ba698cc54768] Completed 200 OK in 378ms (Views: 39.2ms | Allocations: 4599)


[1edaa182-29a0-40ad-8c50-a0b12da21314] Started POST "/admin/reset_groups" for ::1 at 2026-06-11 13:24:09 -0600
[1edaa182-29a0-40ad-8c50-a0b12da21314] Processing by AdminController#reset_groups as HTML
[1edaa182-29a0-40ad-8c50-a0b12da21314]   Parameters: {"authenticity_token" => "mVz5xTDVNgoHl5JEB83I9o4S7ZdWuCHAeElx8AXf263MuV5iQUt7pFlw2z976psH66ctHhMEMIxBU-rkhHOCBg", "button" => ""}
[1edaa182-29a0-40ad-8c50-a0b12da21314] Redirected to http://localhost:4000/admin
[1edaa182-29a0-40ad-8c50-a0b12da21314] Completed 302 Found in 104ms (Allocations: 826)


[79b23864-864f-461b-9d57-7f58fc122dbe] Started GET "/admin" for ::1 at 2026-06-11 13:24:09 -0600
[79b23864-864f-461b-9d57-7f58fc122dbe] Processing by AdminController#index as HTML
[79b23864-864f-461b-9d57-7f58fc122dbe]   Rendering layout layouts/application.html.erb
[79b23864-864f-461b-9d57-7f58fc122dbe]   Rendering admin/index.html.erb within layouts/application
[79b23864-864f-461b-9d57-7f58fc122dbe]   Rendered admin/index.html.erb within layouts/application (Duration: 2.3ms | Allocations: 710)
[79b23864-864f-461b-9d57-7f58fc122dbe]   Rendered layout layouts/application.html.erb (Duration: 16.8ms | Allocations: 2499)
[79b23864-864f-461b-9d57-7f58fc122dbe] Completed 200 OK in 406ms (Views: 18.2ms | Allocations: 4613)


[592168f6-c6b1-4a39-81fa-1ebbac171173] Started POST "/admin/simulate" for ::1 at 2026-06-11 13:24:13 -0600
[592168f6-c6b1-4a39-81fa-1ebbac171173] Processing by AdminController#simulate as HTML
[592168f6-c6b1-4a39-81fa-1ebbac171173]   Parameters: {"authenticity_token" => "-8q3lwFgpyaBKk_Qyt8iUlBhUShrofNgG_muTYPzDRaZxMkR9AgEqV0FXix_XykTji0BvRt-oAfUxvqDMhHJ7w", "button" => ""}
[9f26a2ca-211f-4f5b-be08-dad2189224dd] Started POST "/admin/simulate" for ::1 at 2026-06-11 13:24:14 -0600
[9f26a2ca-211f-4f5b-be08-dad2189224dd] Processing by AdminController#simulate as HTML
[9f26a2ca-211f-4f5b-be08-dad2189224dd]   Parameters: {"authenticity_token" => "-8q3lwFgpyaBKk_Qyt8iUlBhUShrofNgG_muTYPzDRaZxMkR9AgEqV0FXix_XykTji0BvRt-oAfUxvqDMhHJ7w", "button" => ""}
[592168f6-c6b1-4a39-81fa-1ebbac171173] Redirected to http://localhost:4000/admin
[592168f6-c6b1-4a39-81fa-1ebbac171173] Completed 302 Found in 1843ms (Allocations: 2768)


[9f26a2ca-211f-4f5b-be08-dad2189224dd] Redirected to http://localhost:4000/admin
[9f26a2ca-211f-4f5b-be08-dad2189224dd] Completed 302 Found in 563ms (Allocations: 2247)


[b6aba8f9-6bf0-4d5b-a5df-eff79e596cd2] Started GET "/admin" for ::1 at 2026-06-11 13:24:15 -0600
[b6aba8f9-6bf0-4d5b-a5df-eff79e596cd2] Processing by AdminController#index as HTML
[b6aba8f9-6bf0-4d5b-a5df-eff79e596cd2]   Rendering layout layouts/application.html.erb
[b6aba8f9-6bf0-4d5b-a5df-eff79e596cd2]   Rendering admin/index.html.erb within layouts/application
[b6aba8f9-6bf0-4d5b-a5df-eff79e596cd2]   Rendered admin/index.html.erb within layouts/application (Duration: 1.6ms | Allocations: 712)
[b6aba8f9-6bf0-4d5b-a5df-eff79e596cd2]   Rendered layout layouts/application.html.erb (Duration: 14.8ms | Allocations: 2502)
[b6aba8f9-6bf0-4d5b-a5df-eff79e596cd2] Completed 200 OK in 333ms (Views: 16.4ms | Allocations: 4620)


[33581921-a704-4b36-9e1e-85f5a389bdd0] Started GET "/" for ::1 at 2026-06-11 13:33:42 -0600
[33581921-a704-4b36-9e1e-85f5a389bdd0] Processing by DashboardController#index as HTML
[33581921-a704-4b36-9e1e-85f5a389bdd0]   Rendering layout layouts/application.html.erb
[33581921-a704-4b36-9e1e-85f5a389bdd0]   Rendering dashboard/index.html.erb within layouts/application
[33581921-a704-4b36-9e1e-85f5a389bdd0]   Rendered dashboard/index.html.erb within layouts/application (Duration: 37.9ms | Allocations: 613)
[33581921-a704-4b36-9e1e-85f5a389bdd0]   Rendered layout layouts/application.html.erb (Duration: 94.6ms | Allocations: 3002)
[33581921-a704-4b36-9e1e-85f5a389bdd0] Completed 200 OK in 498ms (Views: 114.2ms | Allocations: 5173)


[dd4d1630-f7b5-418e-8bf7-9c8aebdf81bd] Started GET "/admin" for ::1 at 2026-06-11 13:33:44 -0600
[dd4d1630-f7b5-418e-8bf7-9c8aebdf81bd] Processing by AdminController#index as HTML
[dd4d1630-f7b5-418e-8bf7-9c8aebdf81bd]   Rendering layout layouts/application.html.erb
[dd4d1630-f7b5-418e-8bf7-9c8aebdf81bd]   Rendering admin/index.html.erb within layouts/application
[dd4d1630-f7b5-418e-8bf7-9c8aebdf81bd]   Rendered admin/index.html.erb within layouts/application (Duration: 15.5ms | Allocations: 1422)
[dd4d1630-f7b5-418e-8bf7-9c8aebdf81bd]   Rendered layout layouts/application.html.erb (Duration: 40.2ms | Allocations: 3213)
[dd4d1630-f7b5-418e-8bf7-9c8aebdf81bd] Completed 200 OK in 432ms (Views: 44.8ms | Allocations: 5485)


[99102efd-93ee-44bf-afd5-a9e8570d5eee] Started POST "/admin/reset_groups" for ::1 at 2026-06-11 13:33:46 -0600
[99102efd-93ee-44bf-afd5-a9e8570d5eee] Processing by AdminController#reset_groups as HTML
[99102efd-93ee-44bf-afd5-a9e8570d5eee]   Parameters: {"authenticity_token" => "hz3wGAdivfEiB2Zlc1nafOiCZThq08Lune-cFYNolc7S2Fe_dvzwX3zgLx4PfomNjTelsS9v06Kk9QcBAsTMZQ", "button" => ""}
[99102efd-93ee-44bf-afd5-a9e8570d5eee] Redirected to http://localhost:4000/admin
[99102efd-93ee-44bf-afd5-a9e8570d5eee] Completed 302 Found in 104ms (Allocations: 856)


[704f4f7c-00fe-4ae1-9bbd-9fca30c4beb9] Started GET "/admin" for ::1 at 2026-06-11 13:33:46 -0600
[704f4f7c-00fe-4ae1-9bbd-9fca30c4beb9] Processing by AdminController#index as HTML
[704f4f7c-00fe-4ae1-9bbd-9fca30c4beb9]   Rendering layout layouts/application.html.erb
[704f4f7c-00fe-4ae1-9bbd-9fca30c4beb9]   Rendering admin/index.html.erb within layouts/application
[704f4f7c-00fe-4ae1-9bbd-9fca30c4beb9]   Rendered admin/index.html.erb within layouts/application (Duration: 7.7ms | Allocations: 710)
[704f4f7c-00fe-4ae1-9bbd-9fca30c4beb9]   Rendered layout layouts/application.html.erb (Duration: 36.1ms | Allocations: 2499)
[704f4f7c-00fe-4ae1-9bbd-9fca30c4beb9] Completed 200 OK in 437ms (Views: 39.2ms | Allocations: 4613)


[12a1ad86-e1fa-496d-9cd6-1efd2573fc40] Started POST "/admin/simulate" for ::1 at 2026-06-11 13:33:48 -0600
[12a1ad86-e1fa-496d-9cd6-1efd2573fc40] Processing by AdminController#simulate as HTML
[12a1ad86-e1fa-496d-9cd6-1efd2573fc40]   Parameters: {"authenticity_token" => "PBma2BWRsDl2OIVMXnKrCZk9ECB1oy8jMbFSAvPDJ1FeF-Re4PkTtqoXlLDr8qBIR3FAtQV8fET-jgbMQiHjqA", "button" => ""}
[12a1ad86-e1fa-496d-9cd6-1efd2573fc40] Redirected to http://localhost:4000/admin
[12a1ad86-e1fa-496d-9cd6-1efd2573fc40] Completed 302 Found in 1764ms (Allocations: 1261)


[321ef04a-7d5a-429d-901c-f06c1eca236e] Started GET "/admin" for ::1 at 2026-06-11 13:33:49 -0600
[321ef04a-7d5a-429d-901c-f06c1eca236e] Processing by AdminController#index as HTML
[321ef04a-7d5a-429d-901c-f06c1eca236e]   Rendering layout layouts/application.html.erb
[321ef04a-7d5a-429d-901c-f06c1eca236e]   Rendering admin/index.html.erb within layouts/application
[321ef04a-7d5a-429d-901c-f06c1eca236e]   Rendered admin/index.html.erb within layouts/application (Duration: 4.0ms | Allocations: 715)
[321ef04a-7d5a-429d-901c-f06c1eca236e]   Rendered layout layouts/application.html.erb (Duration: 20.3ms | Allocations: 2520)
[321ef04a-7d5a-429d-901c-f06c1eca236e] Completed 200 OK in 413ms (Views: 21.5ms | Allocations: 4641)


[fb9a345c-167f-46f1-95ec-3e30a10c37a1] Started GET "/knockout" for ::1 at 2026-06-11 13:33:52 -0600
[fb9a345c-167f-46f1-95ec-3e30a10c37a1] Processing by KnockoutController#index as HTML
[fb9a345c-167f-46f1-95ec-3e30a10c37a1]   Rendering layout layouts/application.html.erb
[fb9a345c-167f-46f1-95ec-3e30a10c37a1]   Rendering knockout/index.html.erb within layouts/application
[fb9a345c-167f-46f1-95ec-3e30a10c37a1]   Rendered knockout/index.html.erb within layouts/application (Duration: 4.6ms | Allocations: 1505)
[fb9a345c-167f-46f1-95ec-3e30a10c37a1]   Rendered layout layouts/application.html.erb (Duration: 16.6ms | Allocations: 3605)
[fb9a345c-167f-46f1-95ec-3e30a10c37a1] Completed 200 OK in 493ms (Views: 20.6ms | Allocations: 5244)


[eb0cfabb-9abf-4dc3-a0d1-ba9affbde3ff] Started PATCH "/knockout/matches/73/result" for ::1 at 2026-06-11 13:34:03 -0600
[eb0cfabb-9abf-4dc3-a0d1-ba9affbde3ff] Processing by KnockoutController#result as */*
[eb0cfabb-9abf-4dc3-a0d1-ba9affbde3ff]   Parameters: {"home_goals" => 1, "away_goals" => 0, "home_penalties" => 0, "away_penalties" => 0, "id" => "73", "knockout" => {"home_goals" => 1, "away_goals" => 0, "home_penalties" => 0, "away_penalties" => 0}}
[eb0cfabb-9abf-4dc3-a0d1-ba9affbde3ff] Completed 200 OK in 235ms (Views: 0.3ms | Allocations: 1193)


[8c942ab5-4ae8-49d1-8b44-3e04c8dc51c5] Started GET "/knockout" for ::1 at 2026-06-11 13:34:04 -0600
[8c942ab5-4ae8-49d1-8b44-3e04c8dc51c5] Processing by KnockoutController#index as HTML
[8c942ab5-4ae8-49d1-8b44-3e04c8dc51c5]   Rendering layout layouts/application.html.erb
[8c942ab5-4ae8-49d1-8b44-3e04c8dc51c5]   Rendering knockout/index.html.erb within layouts/application
[8c942ab5-4ae8-49d1-8b44-3e04c8dc51c5]   Rendered knockout/index.html.erb within layouts/application (Duration: 1.8ms | Allocations: 482)
[8c942ab5-4ae8-49d1-8b44-3e04c8dc51c5]   Rendered layout layouts/application.html.erb (Duration: 19.6ms | Allocations: 2563)
[8c942ab5-4ae8-49d1-8b44-3e04c8dc51c5] Completed 200 OK in 576ms (Views: 21.3ms | Allocations: 4047)


[87086244-5df9-424a-98a5-500f591c75f0] Started PATCH "/knockout/matches/74/result" for ::1 at 2026-06-11 13:34:09 -0600
[87086244-5df9-424a-98a5-500f591c75f0] Processing by KnockoutController#result as */*
[87086244-5df9-424a-98a5-500f591c75f0]   Parameters: {"home_goals" => 1, "away_goals" => 0, "home_penalties" => 0, "away_penalties" => 0, "id" => "74", "knockout" => {"home_goals" => 1, "away_goals" => 0, "home_penalties" => 0, "away_penalties" => 0}}
[87086244-5df9-424a-98a5-500f591c75f0] Completed 200 OK in 224ms (Views: 1.3ms | Allocations: 1167)


[c26f4e8b-bd1a-4652-b6c1-00c6bd3da96d] Started GET "/knockout" for ::1 at 2026-06-11 13:34:09 -0600
[c26f4e8b-bd1a-4652-b6c1-00c6bd3da96d] Processing by KnockoutController#index as HTML
[c26f4e8b-bd1a-4652-b6c1-00c6bd3da96d]   Rendering layout layouts/application.html.erb
[c26f4e8b-bd1a-4652-b6c1-00c6bd3da96d]   Rendering knockout/index.html.erb within layouts/application
[c26f4e8b-bd1a-4652-b6c1-00c6bd3da96d]   Rendered knockout/index.html.erb within layouts/application (Duration: 0.4ms | Allocations: 483)
[c26f4e8b-bd1a-4652-b6c1-00c6bd3da96d]   Rendered layout layouts/application.html.erb (Duration: 20.3ms | Allocations: 2561)
[c26f4e8b-bd1a-4652-b6c1-00c6bd3da96d] Completed 200 OK in 372ms (Views: 22.4ms | Allocations: 4059)


[4049dc47-9a63-46ff-9000-065b56bf1580] Started GET "/groups" for ::1 at 2026-06-11 13:34:11 -0600
[4049dc47-9a63-46ff-9000-065b56bf1580] Processing by GroupsController#index as HTML
[4049dc47-9a63-46ff-9000-065b56bf1580]   Rendering layout layouts/application.html.erb
[4049dc47-9a63-46ff-9000-065b56bf1580]   Rendering groups/index.html.erb within layouts/application
[4049dc47-9a63-46ff-9000-065b56bf1580]   Rendered shared/_standings_table.html.erb (Duration: 1.7ms | Allocations: 385)
[4049dc47-9a63-46ff-9000-065b56bf1580]   Rendered shared/_standings_table.html.erb (Duration: 0.1ms | Allocations: 105)
[4049dc47-9a63-46ff-9000-065b56bf1580]   Rendered shared/_standings_table.html.erb (Duration: 0.1ms | Allocations: 108)
[4049dc47-9a63-46ff-9000-065b56bf1580]   Rendered shared/_standings_table.html.erb (Duration: 0.1ms | Allocations: 107)
[4049dc47-9a63-46ff-9000-065b56bf1580]   Rendered shared/_standings_table.html.erb (Duration: 0.8ms | Allocations: 108)
[4049dc47-9a63-46ff-9000-065b56bf1580]   Rendered shared/_standings_table.html.erb (Duration: 0.1ms | Allocations: 108)
[4049dc47-9a63-46ff-9000-065b56bf1580]   Rendered shared/_standings_table.html.erb (Duration: 0.4ms | Allocations: 109)
[4049dc47-9a63-46ff-9000-065b56bf1580]   Rendered shared/_standings_table.html.erb (Duration: 0.1ms | Allocations: 108)
[4049dc47-9a63-46ff-9000-065b56bf1580]   Rendered shared/_standings_table.html.erb (Duration: 0.1ms | Allocations: 106)
[4049dc47-9a63-46ff-9000-065b56bf1580]   Rendered shared/_standings_table.html.erb (Duration: 0.1ms | Allocations: 105)
[4049dc47-9a63-46ff-9000-065b56bf1580]   Rendered shared/_standings_table.html.erb (Duration: 0.1ms | Allocations: 106)
[4049dc47-9a63-46ff-9000-065b56bf1580]   Rendered shared/_standings_table.html.erb (Duration: 0.1ms | Allocations: 107)
[4049dc47-9a63-46ff-9000-065b56bf1580]   Rendered groups/index.html.erb within layouts/application (Duration: 20.7ms | Allocations: 3840)
[4049dc47-9a63-46ff-9000-065b56bf1580]   Rendered layout layouts/application.html.erb (Duration: 33.9ms | Allocations: 5913)
[4049dc47-9a63-46ff-9000-065b56bf1580] Completed 200 OK in 201ms (Views: 38.9ms | Allocations: 8272)


[28529072-e1a3-47de-8150-c72be4a76648] Started GET "/admin" for ::1 at 2026-06-11 13:34:14 -0600
[28529072-e1a3-47de-8150-c72be4a76648] Processing by AdminController#index as HTML
[28529072-e1a3-47de-8150-c72be4a76648]   Rendering layout layouts/application.html.erb
[28529072-e1a3-47de-8150-c72be4a76648]   Rendering admin/index.html.erb within layouts/application
[28529072-e1a3-47de-8150-c72be4a76648]   Rendered admin/index.html.erb within layouts/application (Duration: 1.5ms | Allocations: 698)
[28529072-e1a3-47de-8150-c72be4a76648]   Rendered layout layouts/application.html.erb (Duration: 12.9ms | Allocations: 2485)
[28529072-e1a3-47de-8150-c72be4a76648] Completed 200 OK in 327ms (Views: 14.7ms | Allocations: 4604)


[95503867-361a-4b5a-945a-1d63392104b5] Started GET "/knockout" for ::1 at 2026-06-11 13:34:16 -0600
[95503867-361a-4b5a-945a-1d63392104b5] Processing by KnockoutController#index as HTML
[95503867-361a-4b5a-945a-1d63392104b5]   Rendering layout layouts/application.html.erb
[95503867-361a-4b5a-945a-1d63392104b5]   Rendering knockout/index.html.erb within layouts/application
[95503867-361a-4b5a-945a-1d63392104b5]   Rendered knockout/index.html.erb within layouts/application (Duration: 0.4ms | Allocations: 483)
[95503867-361a-4b5a-945a-1d63392104b5]   Rendered layout layouts/application.html.erb (Duration: 17.1ms | Allocations: 2565)
[95503867-361a-4b5a-945a-1d63392104b5] Completed 200 OK in 340ms (Views: 18.7ms | Allocations: 4058)


[199cc8b9-61ce-4cd9-9557-425c28eb4bb0] Started PATCH "/knockout/matches/75/result" for ::1 at 2026-06-11 13:34:23 -0600
[199cc8b9-61ce-4cd9-9557-425c28eb4bb0] Processing by KnockoutController#result as */*
[199cc8b9-61ce-4cd9-9557-425c28eb4bb0]   Parameters: {"home_goals" => 1, "away_goals" => 0, "home_penalties" => 0, "away_penalties" => 0, "id" => "75", "knockout" => {"home_goals" => 1, "away_goals" => 0, "home_penalties" => 0, "away_penalties" => 0}}
[199cc8b9-61ce-4cd9-9557-425c28eb4bb0] Completed 200 OK in 228ms (Views: 0.9ms | Allocations: 1169)


[2bd599e2-6621-4574-a379-96811fe65cfc] Started GET "/knockout" for ::1 at 2026-06-11 13:34:23 -0600
[2bd599e2-6621-4574-a379-96811fe65cfc] Processing by KnockoutController#index as HTML
[2bd599e2-6621-4574-a379-96811fe65cfc]   Rendering layout layouts/application.html.erb
[2bd599e2-6621-4574-a379-96811fe65cfc]   Rendering knockout/index.html.erb within layouts/application
[2bd599e2-6621-4574-a379-96811fe65cfc]   Rendered knockout/index.html.erb within layouts/application (Duration: 0.4ms | Allocations: 484)
[2bd599e2-6621-4574-a379-96811fe65cfc]   Rendered layout layouts/application.html.erb (Duration: 15.8ms | Allocations: 2561)
[2bd599e2-6621-4574-a379-96811fe65cfc] Completed 200 OK in 308ms (Views: 17.7ms | Allocations: 4064)


[4d02e20e-53b9-4355-ae72-835e3a07440a] Started PATCH "/knockout/matches/76/result" for ::1 at 2026-06-11 13:34:36 -0600
[4d02e20e-53b9-4355-ae72-835e3a07440a] Processing by KnockoutController#result as */*
[4d02e20e-53b9-4355-ae72-835e3a07440a]   Parameters: {"home_goals" => 1, "away_goals" => 1, "home_penalties" => 5, "away_penalties" => 4, "id" => "76", "knockout" => {"home_goals" => 1, "away_goals" => 1, "home_penalties" => 5, "away_penalties" => 4}}
[4d02e20e-53b9-4355-ae72-835e3a07440a] Completed 200 OK in 235ms (Views: 0.2ms | Allocations: 1168)


[0e3ef9ce-ebed-4848-a92c-abf28a84edd2] Started GET "/knockout" for ::1 at 2026-06-11 13:34:36 -0600
[0e3ef9ce-ebed-4848-a92c-abf28a84edd2] Processing by KnockoutController#index as HTML
[0e3ef9ce-ebed-4848-a92c-abf28a84edd2]   Rendering layout layouts/application.html.erb
[0e3ef9ce-ebed-4848-a92c-abf28a84edd2]   Rendering knockout/index.html.erb within layouts/application
[0e3ef9ce-ebed-4848-a92c-abf28a84edd2]   Rendered knockout/index.html.erb within layouts/application (Duration: 0.4ms | Allocations: 485)
[0e3ef9ce-ebed-4848-a92c-abf28a84edd2]   Rendered layout layouts/application.html.erb (Duration: 15.0ms | Allocations: 2566)
[0e3ef9ce-ebed-4848-a92c-abf28a84edd2] Completed 200 OK in 331ms (Views: 17.5ms | Allocations: 4088)


[9212911e-f640-4ffd-a280-43ec2d090b89] Started PATCH "/knockout/matches/77/result" for ::1 at 2026-06-11 13:34:43 -0600
[9212911e-f640-4ffd-a280-43ec2d090b89] Processing by KnockoutController#result as */*
[9212911e-f640-4ffd-a280-43ec2d090b89]   Parameters: {"home_goals" => 2, "away_goals" => 1, "home_penalties" => 0, "away_penalties" => 0, "id" => "77", "knockout" => {"home_goals" => 2, "away_goals" => 1, "home_penalties" => 0, "away_penalties" => 0}}
[9212911e-f640-4ffd-a280-43ec2d090b89] Completed 200 OK in 216ms (Views: 0.1ms | Allocations: 1168)


[640f7ec4-98a3-4baf-8825-539305aa05e3] Started GET "/knockout" for ::1 at 2026-06-11 13:34:43 -0600
[640f7ec4-98a3-4baf-8825-539305aa05e3] Processing by KnockoutController#index as HTML
[640f7ec4-98a3-4baf-8825-539305aa05e3]   Rendering layout layouts/application.html.erb
[640f7ec4-98a3-4baf-8825-539305aa05e3]   Rendering knockout/index.html.erb within layouts/application
[640f7ec4-98a3-4baf-8825-539305aa05e3]   Rendered knockout/index.html.erb within layouts/application (Duration: 0.5ms | Allocations: 485)
[640f7ec4-98a3-4baf-8825-539305aa05e3]   Rendered layout layouts/application.html.erb (Duration: 15.8ms | Allocations: 2565)
[640f7ec4-98a3-4baf-8825-539305aa05e3] Completed 200 OK in 372ms (Views: 17.8ms | Allocations: 4091)


[4e467ff5-9ee6-4552-8d00-c2fc5222a74e] Started PATCH "/knockout/matches/78/result" for ::1 at 2026-06-11 13:34:49 -0600
[4e467ff5-9ee6-4552-8d00-c2fc5222a74e] Processing by KnockoutController#result as */*
[4e467ff5-9ee6-4552-8d00-c2fc5222a74e]   Parameters: {"home_goals" => 1, "away_goals" => 7, "home_penalties" => 0, "away_penalties" => 0, "id" => "78", "knockout" => {"home_goals" => 1, "away_goals" => 7, "home_penalties" => 0, "away_penalties" => 0}}
[4e467ff5-9ee6-4552-8d00-c2fc5222a74e] Completed 200 OK in 212ms (Views: 0.3ms | Allocations: 1165)


[9244082c-cd7c-4ea3-981b-1f7747976b95] Started GET "/knockout" for ::1 at 2026-06-11 13:34:49 -0600
[9244082c-cd7c-4ea3-981b-1f7747976b95] Processing by KnockoutController#index as HTML
[9244082c-cd7c-4ea3-981b-1f7747976b95]   Rendering layout layouts/application.html.erb
[9244082c-cd7c-4ea3-981b-1f7747976b95]   Rendering knockout/index.html.erb within layouts/application
[9244082c-cd7c-4ea3-981b-1f7747976b95]   Rendered knockout/index.html.erb within layouts/application (Duration: 0.5ms | Allocations: 485)
[9244082c-cd7c-4ea3-981b-1f7747976b95]   Rendered layout layouts/application.html.erb (Duration: 17.6ms | Allocations: 2561)
[9244082c-cd7c-4ea3-981b-1f7747976b95] Completed 200 OK in 500ms (Views: 19.1ms | Allocations: 4102)


[66fae658-1111-491d-a98b-ae685523ab2b] Started PATCH "/knockout/matches/79/result" for ::1 at 2026-06-11 13:34:54 -0600
[66fae658-1111-491d-a98b-ae685523ab2b] Processing by KnockoutController#result as */*
[66fae658-1111-491d-a98b-ae685523ab2b]   Parameters: {"home_goals" => 1, "away_goals" => 6, "home_penalties" => 0, "away_penalties" => 0, "id" => "79", "knockout" => {"home_goals" => 1, "away_goals" => 6, "home_penalties" => 0, "away_penalties" => 0}}
[66fae658-1111-491d-a98b-ae685523ab2b] Completed 200 OK in 193ms (Views: 0.3ms | Allocations: 1178)


[13dfe9ce-8a72-4a80-96e7-3d9add474527] Started GET "/knockout" for ::1 at 2026-06-11 13:34:54 -0600
[13dfe9ce-8a72-4a80-96e7-3d9add474527] Processing by KnockoutController#index as HTML
[13dfe9ce-8a72-4a80-96e7-3d9add474527]   Rendering layout layouts/application.html.erb
[13dfe9ce-8a72-4a80-96e7-3d9add474527]   Rendering knockout/index.html.erb within layouts/application
[13dfe9ce-8a72-4a80-96e7-3d9add474527]   Rendered knockout/index.html.erb within layouts/application (Duration: 0.6ms | Allocations: 485)
[13dfe9ce-8a72-4a80-96e7-3d9add474527]   Rendered layout layouts/application.html.erb (Duration: 17.9ms | Allocations: 2560)
[13dfe9ce-8a72-4a80-96e7-3d9add474527] Completed 200 OK in 379ms (Views: 19.3ms | Allocations: 4106)


[7bc17a42-f9b8-4090-9410-79a13cd1b438] Started PATCH "/knockout/matches/80/result" for ::1 at 2026-06-11 13:35:00 -0600
[7bc17a42-f9b8-4090-9410-79a13cd1b438] Processing by KnockoutController#result as */*
[7bc17a42-f9b8-4090-9410-79a13cd1b438]   Parameters: {"home_goals" => 5, "away_goals" => 9, "home_penalties" => 0, "away_penalties" => 0, "id" => "80", "knockout" => {"home_goals" => 5, "away_goals" => 9, "home_penalties" => 0, "away_penalties" => 0}}
[7bc17a42-f9b8-4090-9410-79a13cd1b438] Completed 200 OK in 201ms (Views: 0.2ms | Allocations: 1168)


[efb7e7e6-3c8d-4b4d-bcd1-2aae60bdb1a8] Started GET "/knockout" for ::1 at 2026-06-11 13:35:01 -0600
[efb7e7e6-3c8d-4b4d-bcd1-2aae60bdb1a8] Processing by KnockoutController#index as HTML
[efb7e7e6-3c8d-4b4d-bcd1-2aae60bdb1a8]   Rendering layout layouts/application.html.erb
[efb7e7e6-3c8d-4b4d-bcd1-2aae60bdb1a8]   Rendering knockout/index.html.erb within layouts/application
[efb7e7e6-3c8d-4b4d-bcd1-2aae60bdb1a8]   Rendered knockout/index.html.erb within layouts/application (Duration: 0.3ms | Allocations: 485)
[efb7e7e6-3c8d-4b4d-bcd1-2aae60bdb1a8]   Rendered layout layouts/application.html.erb (Duration: 15.6ms | Allocations: 2569)
[efb7e7e6-3c8d-4b4d-bcd1-2aae60bdb1a8] Completed 200 OK in 283ms (Views: 16.8ms | Allocations: 4126)


[ebb4a2ea-c166-4f4b-8b0e-ba9e14f81d03] Started PATCH "/knockout/matches/81/result" for ::1 at 2026-06-11 13:35:12 -0600
[ebb4a2ea-c166-4f4b-8b0e-ba9e14f81d03] Processing by KnockoutController#result as */*
[ebb4a2ea-c166-4f4b-8b0e-ba9e14f81d03]   Parameters: {"home_goals" => 6, "away_goals" => 6, "home_penalties" => 2, "away_penalties" => 5, "id" => "81", "knockout" => {"home_goals" => 6, "away_goals" => 6, "home_penalties" => 2, "away_penalties" => 5}}
[ebb4a2ea-c166-4f4b-8b0e-ba9e14f81d03] Completed 200 OK in 196ms (Views: 0.4ms | Allocations: 1167)


[c1c5febd-1ce8-4079-a57b-816b1d5e2e9e] Started GET "/knockout" for ::1 at 2026-06-11 13:35:13 -0600
[c1c5febd-1ce8-4079-a57b-816b1d5e2e9e] Processing by KnockoutController#index as HTML
[c1c5febd-1ce8-4079-a57b-816b1d5e2e9e]   Rendering layout layouts/application.html.erb
[c1c5febd-1ce8-4079-a57b-816b1d5e2e9e]   Rendering knockout/index.html.erb within layouts/application
[c1c5febd-1ce8-4079-a57b-816b1d5e2e9e]   Rendered knockout/index.html.erb within layouts/application (Duration: 0.3ms | Allocations: 486)
[c1c5febd-1ce8-4079-a57b-816b1d5e2e9e]   Rendered layout layouts/application.html.erb (Duration: 17.5ms | Allocations: 2563)
[c1c5febd-1ce8-4079-a57b-816b1d5e2e9e] Completed 200 OK in 297ms (Views: 18.8ms | Allocations: 4132)


[00d87ba9-1feb-48e3-a29c-f23ad373f8aa] Started GET "/groups" for ::1 at 2026-06-11 13:35:17 -0600
[00d87ba9-1feb-48e3-a29c-f23ad373f8aa] Processing by GroupsController#index as HTML
[00d87ba9-1feb-48e3-a29c-f23ad373f8aa]   Rendering layout layouts/application.html.erb
[00d87ba9-1feb-48e3-a29c-f23ad373f8aa]   Rendering groups/index.html.erb within layouts/application
[00d87ba9-1feb-48e3-a29c-f23ad373f8aa]   Rendered shared/_standings_table.html.erb (Duration: 0.1ms | Allocations: 106)
[00d87ba9-1feb-48e3-a29c-f23ad373f8aa]   Rendered shared/_standings_table.html.erb (Duration: 0.1ms | Allocations: 105)
[00d87ba9-1feb-48e3-a29c-f23ad373f8aa]   Rendered shared/_standings_table.html.erb (Duration: 0.1ms | Allocations: 108)
[00d87ba9-1feb-48e3-a29c-f23ad373f8aa]   Rendered shared/_standings_table.html.erb (Duration: 0.1ms | Allocations: 107)
[00d87ba9-1feb-48e3-a29c-f23ad373f8aa]   Rendered shared/_standings_table.html.erb (Duration: 0.1ms | Allocations: 108)
[00d87ba9-1feb-48e3-a29c-f23ad373f8aa]   Rendered shared/_standings_table.html.erb (Duration: 0.1ms | Allocations: 108)
[00d87ba9-1feb-48e3-a29c-f23ad373f8aa]   Rendered shared/_standings_table.html.erb (Duration: 0.1ms | Allocations: 109)
[00d87ba9-1feb-48e3-a29c-f23ad373f8aa]   Rendered shared/_standings_table.html.erb (Duration: 0.1ms | Allocations: 108)
[00d87ba9-1feb-48e3-a29c-f23ad373f8aa]   Rendered shared/_standings_table.html.erb (Duration: 0.1ms | Allocations: 106)
[00d87ba9-1feb-48e3-a29c-f23ad373f8aa]   Rendered shared/_standings_table.html.erb (Duration: 0.1ms | Allocations: 105)
[00d87ba9-1feb-48e3-a29c-f23ad373f8aa]   Rendered shared/_standings_table.html.erb (Duration: 0.1ms | Allocations: 106)
[00d87ba9-1feb-48e3-a29c-f23ad373f8aa]   Rendered shared/_standings_table.html.erb (Duration: 0.1ms | Allocations: 107)
[00d87ba9-1feb-48e3-a29c-f23ad373f8aa]   Rendered groups/index.html.erb within layouts/application (Duration: 9.9ms | Allocations: 2865)
[00d87ba9-1feb-48e3-a29c-f23ad373f8aa]   Rendered layout layouts/application.html.erb (Duration: 21.7ms | Allocations: 4931)
[00d87ba9-1feb-48e3-a29c-f23ad373f8aa] Completed 200 OK in 209ms (Views: 23.4ms | Allocations: 7136)


[95d85425-9e15-40d1-9dfa-64b51104b51a] Started GET "/knockout" for ::1 at 2026-06-11 13:35:30 -0600
[95d85425-9e15-40d1-9dfa-64b51104b51a] Processing by KnockoutController#index as HTML
[95d85425-9e15-40d1-9dfa-64b51104b51a]   Rendering layout layouts/application.html.erb
[95d85425-9e15-40d1-9dfa-64b51104b51a]   Rendering knockout/index.html.erb within layouts/application
[95d85425-9e15-40d1-9dfa-64b51104b51a]   Rendered knockout/index.html.erb within layouts/application (Duration: 0.8ms | Allocations: 486)
[95d85425-9e15-40d1-9dfa-64b51104b51a]   Rendered layout layouts/application.html.erb (Duration: 14.8ms | Allocations: 2570)
[95d85425-9e15-40d1-9dfa-64b51104b51a] Completed 200 OK in 301ms (Views: 16.0ms | Allocations: 4143)


[e28443b5-8b48-42ca-ac17-7719808b2b4f] Started PATCH "/knockout/matches/82/result" for ::1 at 2026-06-11 13:35:38 -0600
[e28443b5-8b48-42ca-ac17-7719808b2b4f] Processing by KnockoutController#result as */*
[e28443b5-8b48-42ca-ac17-7719808b2b4f]   Parameters: {"home_goals" => 4, "away_goals" => 6, "home_penalties" => 0, "away_penalties" => 0, "id" => "82", "knockout" => {"home_goals" => 4, "away_goals" => 6, "home_penalties" => 0, "away_penalties" => 0}}
[e28443b5-8b48-42ca-ac17-7719808b2b4f] Completed 200 OK in 209ms (Views: 0.2ms | Allocations: 1165)


[7e58c683-04cf-471b-88f0-8e7a5f94e2e3] Started GET "/knockout" for ::1 at 2026-06-11 13:35:38 -0600
[7e58c683-04cf-471b-88f0-8e7a5f94e2e3] Processing by KnockoutController#index as HTML
[7e58c683-04cf-471b-88f0-8e7a5f94e2e3]   Rendering layout layouts/application.html.erb
[7e58c683-04cf-471b-88f0-8e7a5f94e2e3]   Rendering knockout/index.html.erb within layouts/application
[7e58c683-04cf-471b-88f0-8e7a5f94e2e3]   Rendered knockout/index.html.erb within layouts/application (Duration: 0.4ms | Allocations: 486)
[7e58c683-04cf-471b-88f0-8e7a5f94e2e3]   Rendered layout layouts/application.html.erb (Duration: 24.8ms | Allocations: 2579)
[7e58c683-04cf-471b-88f0-8e7a5f94e2e3] Completed 200 OK in 406ms (Views: 28.5ms | Allocations: 4180)


[0d31e254-0652-489f-ab6a-420c03545b39] Started PATCH "/knockout/matches/83/result" for ::1 at 2026-06-11 13:35:44 -0600
[0d31e254-0652-489f-ab6a-420c03545b39] Processing by KnockoutController#result as */*
[0d31e254-0652-489f-ab6a-420c03545b39]   Parameters: {"home_goals" => 6, "away_goals" => 6, "home_penalties" => 2, "away_penalties" => 4, "id" => "83", "knockout" => {"home_goals" => 6, "away_goals" => 6, "home_penalties" => 2, "away_penalties" => 4}}
[0d31e254-0652-489f-ab6a-420c03545b39] Completed 200 OK in 213ms (Views: 0.2ms | Allocations: 1167)


[e7ef45f0-2f3e-4cb4-9b58-bd61ab3f2083] Started GET "/knockout" for ::1 at 2026-06-11 13:35:44 -0600
[e7ef45f0-2f3e-4cb4-9b58-bd61ab3f2083] Processing by KnockoutController#index as HTML
[e7ef45f0-2f3e-4cb4-9b58-bd61ab3f2083]   Rendering layout layouts/application.html.erb
[e7ef45f0-2f3e-4cb4-9b58-bd61ab3f2083]   Rendering knockout/index.html.erb within layouts/application
[e7ef45f0-2f3e-4cb4-9b58-bd61ab3f2083]   Rendered knockout/index.html.erb within layouts/application (Duration: 0.4ms | Allocations: 487)
[e7ef45f0-2f3e-4cb4-9b58-bd61ab3f2083]   Rendered layout layouts/application.html.erb (Duration: 15.4ms | Allocations: 2574)
[e7ef45f0-2f3e-4cb4-9b58-bd61ab3f2083] Completed 200 OK in 329ms (Views: 16.5ms | Allocations: 4166)


[139aa581-bcf4-4c4d-a086-b52da4c5da99] Started PATCH "/knockout/matches/84/result" for ::1 at 2026-06-11 13:35:48 -0600
[139aa581-bcf4-4c4d-a086-b52da4c5da99] Processing by KnockoutController#result as */*
[139aa581-bcf4-4c4d-a086-b52da4c5da99]   Parameters: {"home_goals" => 3, "away_goals" => 1, "home_penalties" => 0, "away_penalties" => 0, "id" => "84", "knockout" => {"home_goals" => 3, "away_goals" => 1, "home_penalties" => 0, "away_penalties" => 0}}
[139aa581-bcf4-4c4d-a086-b52da4c5da99] Completed 200 OK in 232ms (Views: 0.3ms | Allocations: 1164)


[4a4c6556-e3c1-4ed0-a2fa-b5651604eec8] Started GET "/knockout" for ::1 at 2026-06-11 13:35:48 -0600
[4a4c6556-e3c1-4ed0-a2fa-b5651604eec8] Processing by KnockoutController#index as HTML
[4a4c6556-e3c1-4ed0-a2fa-b5651604eec8]   Rendering layout layouts/application.html.erb
[4a4c6556-e3c1-4ed0-a2fa-b5651604eec8]   Rendering knockout/index.html.erb within layouts/application
[4a4c6556-e3c1-4ed0-a2fa-b5651604eec8]   Rendered knockout/index.html.erb within layouts/application (Duration: 0.5ms | Allocations: 487)
[4a4c6556-e3c1-4ed0-a2fa-b5651604eec8]   Rendered layout layouts/application.html.erb (Duration: 17.6ms | Allocations: 2564)
[4a4c6556-e3c1-4ed0-a2fa-b5651604eec8] Completed 200 OK in 348ms (Views: 19.1ms | Allocations: 4166)


[6b876cc2-4e85-4dc6-b539-7edd4eefe343] Started PATCH "/knockout/matches/86/result" for ::1 at 2026-06-11 13:35:52 -0600
[6b876cc2-4e85-4dc6-b539-7edd4eefe343] Processing by KnockoutController#result as */*
[6b876cc2-4e85-4dc6-b539-7edd4eefe343]   Parameters: {"home_goals" => 1, "away_goals" => 3, "home_penalties" => 0, "away_penalties" => 0, "id" => "86", "knockout" => {"home_goals" => 1, "away_goals" => 3, "home_penalties" => 0, "away_penalties" => 0}}
[6b876cc2-4e85-4dc6-b539-7edd4eefe343] Completed 200 OK in 272ms (Views: 0.3ms | Allocations: 1161)


[27548ea4-659f-4d79-9d88-ac3ec70f7ac6] Started GET "/knockout" for ::1 at 2026-06-11 13:35:52 -0600
[27548ea4-659f-4d79-9d88-ac3ec70f7ac6] Processing by KnockoutController#index as HTML
[27548ea4-659f-4d79-9d88-ac3ec70f7ac6]   Rendering layout layouts/application.html.erb
[27548ea4-659f-4d79-9d88-ac3ec70f7ac6]   Rendering knockout/index.html.erb within layouts/application
[27548ea4-659f-4d79-9d88-ac3ec70f7ac6]   Rendered knockout/index.html.erb within layouts/application (Duration: 0.6ms | Allocations: 487)
[27548ea4-659f-4d79-9d88-ac3ec70f7ac6]   Rendered layout layouts/application.html.erb (Duration: 22.6ms | Allocations: 2564)
[27548ea4-659f-4d79-9d88-ac3ec70f7ac6] Completed 200 OK in 451ms (Views: 24.6ms | Allocations: 4181)


[6ea67be0-e53b-4204-88e0-8ca6c921b018] Started PATCH "/knockout/matches/85/result" for ::1 at 2026-06-11 13:35:56 -0600
[6ea67be0-e53b-4204-88e0-8ca6c921b018] Processing by KnockoutController#result as */*
[6ea67be0-e53b-4204-88e0-8ca6c921b018]   Parameters: {"home_goals" => 1, "away_goals" => 3, "home_penalties" => 0, "away_penalties" => 0, "id" => "85", "knockout" => {"home_goals" => 1, "away_goals" => 3, "home_penalties" => 0, "away_penalties" => 0}}
[6ea67be0-e53b-4204-88e0-8ca6c921b018] Completed 200 OK in 267ms (Views: 0.3ms | Allocations: 1169)


[f391997c-704e-4127-82ec-97e890e48aa1] Started GET "/knockout" for ::1 at 2026-06-11 13:35:56 -0600
[f391997c-704e-4127-82ec-97e890e48aa1] Processing by KnockoutController#index as HTML
[f391997c-704e-4127-82ec-97e890e48aa1]   Rendering layout layouts/application.html.erb
[f391997c-704e-4127-82ec-97e890e48aa1]   Rendering knockout/index.html.erb within layouts/application
[f391997c-704e-4127-82ec-97e890e48aa1]   Rendered knockout/index.html.erb within layouts/application (Duration: 0.9ms | Allocations: 487)
[f391997c-704e-4127-82ec-97e890e48aa1]   Rendered layout layouts/application.html.erb (Duration: 22.5ms | Allocations: 2571)
[f391997c-704e-4127-82ec-97e890e48aa1] Completed 200 OK in 405ms (Views: 25.0ms | Allocations: 4193)


[dbc87518-44f0-4edc-8d4a-54ba0eeaafea] Started PATCH "/knockout/matches/88/result" for ::1 at 2026-06-11 13:35:59 -0600
[dbc87518-44f0-4edc-8d4a-54ba0eeaafea] Processing by KnockoutController#result as */*
[dbc87518-44f0-4edc-8d4a-54ba0eeaafea]   Parameters: {"home_goals" => 3, "away_goals" => 45, "home_penalties" => 0, "away_penalties" => 0, "id" => "88", "knockout" => {"home_goals" => 3, "away_goals" => 45, "home_penalties" => 0, "away_penalties" => 0}}
[dbc87518-44f0-4edc-8d4a-54ba0eeaafea] Completed 200 OK in 202ms (Views: 0.2ms | Allocations: 1179)


[d2757b35-b3c9-417c-a257-b818872c7c3b] Started GET "/knockout" for ::1 at 2026-06-11 13:36:00 -0600
[d2757b35-b3c9-417c-a257-b818872c7c3b] Processing by KnockoutController#index as HTML
[d2757b35-b3c9-417c-a257-b818872c7c3b]   Rendering layout layouts/application.html.erb
[d2757b35-b3c9-417c-a257-b818872c7c3b]   Rendering knockout/index.html.erb within layouts/application
[d2757b35-b3c9-417c-a257-b818872c7c3b]   Rendered knockout/index.html.erb within layouts/application (Duration: 0.4ms | Allocations: 487)
[d2757b35-b3c9-417c-a257-b818872c7c3b]   Rendered layout layouts/application.html.erb (Duration: 17.2ms | Allocations: 2568)
[d2757b35-b3c9-417c-a257-b818872c7c3b] Completed 200 OK in 354ms (Views: 19.3ms | Allocations: 4214)


[472f6d4a-60f9-4939-8756-30bc2bfc2ed4] Started PATCH "/knockout/matches/87/result" for ::1 at 2026-06-11 13:36:05 -0600
[472f6d4a-60f9-4939-8756-30bc2bfc2ed4] Processing by KnockoutController#result as */*
[472f6d4a-60f9-4939-8756-30bc2bfc2ed4]   Parameters: {"home_goals" => 4, "away_goals" => 4, "home_penalties" => 2, "away_penalties" => 3, "id" => "87", "knockout" => {"home_goals" => 4, "away_goals" => 4, "home_penalties" => 2, "away_penalties" => 3}}
[472f6d4a-60f9-4939-8756-30bc2bfc2ed4] Completed 200 OK in 344ms (Views: 0.3ms | Allocations: 1175)


[d5d1ac4a-eb35-4b14-82f7-3643175723af] Started GET "/knockout" for ::1 at 2026-06-11 13:36:06 -0600
[d5d1ac4a-eb35-4b14-82f7-3643175723af] Processing by KnockoutController#index as HTML
[d5d1ac4a-eb35-4b14-82f7-3643175723af]   Rendering layout layouts/application.html.erb
[d5d1ac4a-eb35-4b14-82f7-3643175723af]   Rendering knockout/index.html.erb within layouts/application
[d5d1ac4a-eb35-4b14-82f7-3643175723af]   Rendered knockout/index.html.erb within layouts/application (Duration: 0.5ms | Allocations: 723)
[d5d1ac4a-eb35-4b14-82f7-3643175723af]   Rendered layout layouts/application.html.erb (Duration: 24.2ms | Allocations: 2802)
[d5d1ac4a-eb35-4b14-82f7-3643175723af] Completed 200 OK in 415ms (Views: 27.3ms | Allocations: 4666)


[26267a50-42fb-4d86-9ed3-e0465a2a5cae] Started PATCH "/knockout/matches/89/result" for ::1 at 2026-06-11 13:36:16 -0600
[26267a50-42fb-4d86-9ed3-e0465a2a5cae] Processing by KnockoutController#result as */*
[26267a50-42fb-4d86-9ed3-e0465a2a5cae]   Parameters: {"home_goals" => 5, "away_goals" => 6, "home_penalties" => 0, "away_penalties" => 0, "id" => "89", "knockout" => {"home_goals" => 5, "away_goals" => 6, "home_penalties" => 0, "away_penalties" => 0}}
[26267a50-42fb-4d86-9ed3-e0465a2a5cae] Completed 200 OK in 212ms (Views: 0.4ms | Allocations: 1168)


[7292841f-bdd6-4e65-911d-fdc7bdd3561f] Started GET "/knockout" for ::1 at 2026-06-11 13:36:16 -0600
[7292841f-bdd6-4e65-911d-fdc7bdd3561f] Processing by KnockoutController#index as HTML
[7292841f-bdd6-4e65-911d-fdc7bdd3561f]   Rendering layout layouts/application.html.erb
[7292841f-bdd6-4e65-911d-fdc7bdd3561f]   Rendering knockout/index.html.erb within layouts/application
[7292841f-bdd6-4e65-911d-fdc7bdd3561f]   Rendered knockout/index.html.erb within layouts/application (Duration: 0.4ms | Allocations: 723)
[7292841f-bdd6-4e65-911d-fdc7bdd3561f]   Rendered layout layouts/application.html.erb (Duration: 12.8ms | Allocations: 2799)
[7292841f-bdd6-4e65-911d-fdc7bdd3561f] Completed 200 OK in 372ms (Views: 15.1ms | Allocations: 4673)


[e332111c-ea83-495f-b4a2-5ea96a7dbf24] Started PATCH "/knockout/matches/90/result" for ::1 at 2026-06-11 13:36:22 -0600
[e332111c-ea83-495f-b4a2-5ea96a7dbf24] Processing by KnockoutController#result as */*
[e332111c-ea83-495f-b4a2-5ea96a7dbf24]   Parameters: {"home_goals" => 3, "away_goals" => 2, "home_penalties" => 0, "away_penalties" => 0, "id" => "90", "knockout" => {"home_goals" => 3, "away_goals" => 2, "home_penalties" => 0, "away_penalties" => 0}}
[e332111c-ea83-495f-b4a2-5ea96a7dbf24] Completed 200 OK in 203ms (Views: 0.2ms | Allocations: 1166)


[27b4f548-a034-4423-aea1-28df428d0d41] Started GET "/knockout" for ::1 at 2026-06-11 13:36:22 -0600
[27b4f548-a034-4423-aea1-28df428d0d41] Processing by KnockoutController#index as HTML
[27b4f548-a034-4423-aea1-28df428d0d41]   Rendering layout layouts/application.html.erb
[27b4f548-a034-4423-aea1-28df428d0d41]   Rendering knockout/index.html.erb within layouts/application
[27b4f548-a034-4423-aea1-28df428d0d41]   Rendered knockout/index.html.erb within layouts/application (Duration: 1.0ms | Allocations: 723)
[27b4f548-a034-4423-aea1-28df428d0d41]   Rendered layout layouts/application.html.erb (Duration: 21.1ms | Allocations: 2804)
[27b4f548-a034-4423-aea1-28df428d0d41] Completed 200 OK in 376ms (Views: 22.9ms | Allocations: 4688)


[0eb0c959-227d-454e-85f6-1e4523045ac4] Started PATCH "/knockout/matches/91/result" for ::1 at 2026-06-11 13:36:28 -0600
[0eb0c959-227d-454e-85f6-1e4523045ac4] Processing by KnockoutController#result as */*
[0eb0c959-227d-454e-85f6-1e4523045ac4]   Parameters: {"home_goals" => 1, "away_goals" => 2, "home_penalties" => 0, "away_penalties" => 0, "id" => "91", "knockout" => {"home_goals" => 1, "away_goals" => 2, "home_penalties" => 0, "away_penalties" => 0}}
[0eb0c959-227d-454e-85f6-1e4523045ac4] Completed 200 OK in 235ms (Views: 0.2ms | Allocations: 1167)


[9f6a72f9-c92f-4c9d-b0c8-b222f8976299] Started GET "/knockout" for ::1 at 2026-06-11 13:36:29 -0600
[9f6a72f9-c92f-4c9d-b0c8-b222f8976299] Processing by KnockoutController#index as HTML
[9f6a72f9-c92f-4c9d-b0c8-b222f8976299]   Rendering layout layouts/application.html.erb
[9f6a72f9-c92f-4c9d-b0c8-b222f8976299]   Rendering knockout/index.html.erb within layouts/application
[9f6a72f9-c92f-4c9d-b0c8-b222f8976299]   Rendered knockout/index.html.erb within layouts/application (Duration: 0.9ms | Allocations: 723)
[9f6a72f9-c92f-4c9d-b0c8-b222f8976299]   Rendered layout layouts/application.html.erb (Duration: 21.6ms | Allocations: 2805)
[9f6a72f9-c92f-4c9d-b0c8-b222f8976299] Completed 200 OK in 434ms (Views: 22.8ms | Allocations: 4704)


[acf9be03-9167-460f-bd62-3ee9c93c6e62] Started PATCH "/knockout/matches/92/result" for ::1 at 2026-06-11 13:36:34 -0600
[acf9be03-9167-460f-bd62-3ee9c93c6e62] Processing by KnockoutController#result as */*
[acf9be03-9167-460f-bd62-3ee9c93c6e62]   Parameters: {"home_goals" => 3, "away_goals" => 4, "home_penalties" => 0, "away_penalties" => 0, "id" => "92", "knockout" => {"home_goals" => 3, "away_goals" => 4, "home_penalties" => 0, "away_penalties" => 0}}
[acf9be03-9167-460f-bd62-3ee9c93c6e62] Completed 200 OK in 225ms (Views: 0.4ms | Allocations: 1162)


[988a7e29-660b-4b23-9a9a-ee9ad6df3c99] Started GET "/knockout" for ::1 at 2026-06-11 13:36:34 -0600
[988a7e29-660b-4b23-9a9a-ee9ad6df3c99] Processing by KnockoutController#index as HTML
[988a7e29-660b-4b23-9a9a-ee9ad6df3c99]   Rendering layout layouts/application.html.erb
[988a7e29-660b-4b23-9a9a-ee9ad6df3c99]   Rendering knockout/index.html.erb within layouts/application
[988a7e29-660b-4b23-9a9a-ee9ad6df3c99]   Rendered knockout/index.html.erb within layouts/application (Duration: 1.3ms | Allocations: 723)
[988a7e29-660b-4b23-9a9a-ee9ad6df3c99]   Rendered layout layouts/application.html.erb (Duration: 30.2ms | Allocations: 2798)
[988a7e29-660b-4b23-9a9a-ee9ad6df3c99] Completed 200 OK in 419ms (Views: 31.6ms | Allocations: 4707)


[db553777-a97f-4e81-b4de-433a235254bc] Started PATCH "/knockout/matches/93/result" for ::1 at 2026-06-11 13:36:46 -0600
[db553777-a97f-4e81-b4de-433a235254bc] Processing by KnockoutController#result as */*
[db553777-a97f-4e81-b4de-433a235254bc]   Parameters: {"home_goals" => 3, "away_goals" => 3, "home_penalties" => 4, "away_penalties" => 3, "id" => "93", "knockout" => {"home_goals" => 3, "away_goals" => 3, "home_penalties" => 4, "away_penalties" => 3}}
[db553777-a97f-4e81-b4de-433a235254bc] Completed 200 OK in 200ms (Views: 0.3ms | Allocations: 1165)


[a769e0a7-9f08-4279-b329-34150f36e2a7] Started GET "/knockout" for ::1 at 2026-06-11 13:36:46 -0600
[a769e0a7-9f08-4279-b329-34150f36e2a7] Processing by KnockoutController#index as HTML
[a769e0a7-9f08-4279-b329-34150f36e2a7]   Rendering layout layouts/application.html.erb
[a769e0a7-9f08-4279-b329-34150f36e2a7]   Rendering knockout/index.html.erb within layouts/application
[a769e0a7-9f08-4279-b329-34150f36e2a7]   Rendered knockout/index.html.erb within layouts/application (Duration: 0.4ms | Allocations: 724)
[a769e0a7-9f08-4279-b329-34150f36e2a7]   Rendered layout layouts/application.html.erb (Duration: 14.2ms | Allocations: 2808)
[a769e0a7-9f08-4279-b329-34150f36e2a7] Completed 200 OK in 332ms (Views: 16.2ms | Allocations: 4730)


[0fc9d3b0-b094-4e29-9593-7d87c75e2036] Started PATCH "/knockout/matches/94/result" for ::1 at 2026-06-11 13:36:52 -0600
[0fc9d3b0-b094-4e29-9593-7d87c75e2036] Processing by KnockoutController#result as */*
[0fc9d3b0-b094-4e29-9593-7d87c75e2036]   Parameters: {"home_goals" => 1, "away_goals" => 0, "home_penalties" => 0, "away_penalties" => 0, "id" => "94", "knockout" => {"home_goals" => 1, "away_goals" => 0, "home_penalties" => 0, "away_penalties" => 0}}
[0fc9d3b0-b094-4e29-9593-7d87c75e2036] Completed 200 OK in 209ms (Views: 0.4ms | Allocations: 1174)


[660e2665-aa3a-4c0d-8984-c04352848785] Started GET "/knockout" for ::1 at 2026-06-11 13:36:52 -0600
[660e2665-aa3a-4c0d-8984-c04352848785] Processing by KnockoutController#index as HTML
[660e2665-aa3a-4c0d-8984-c04352848785]   Rendering layout layouts/application.html.erb
[660e2665-aa3a-4c0d-8984-c04352848785]   Rendering knockout/index.html.erb within layouts/application
[660e2665-aa3a-4c0d-8984-c04352848785]   Rendered knockout/index.html.erb within layouts/application (Duration: 0.4ms | Allocations: 725)
[660e2665-aa3a-4c0d-8984-c04352848785]   Rendered layout layouts/application.html.erb (Duration: 16.1ms | Allocations: 2809)
[660e2665-aa3a-4c0d-8984-c04352848785] Completed 200 OK in 373ms (Views: 17.5ms | Allocations: 4736)


[9f676e1f-d554-4457-a8e7-adb69eb388ef] Started PATCH "/knockout/matches/95/result" for ::1 at 2026-06-11 13:36:56 -0600
[9f676e1f-d554-4457-a8e7-adb69eb388ef] Processing by KnockoutController#result as */*
[9f676e1f-d554-4457-a8e7-adb69eb388ef]   Parameters: {"home_goals" => 1, "away_goals" => 0, "home_penalties" => 0, "away_penalties" => 0, "id" => "95", "knockout" => {"home_goals" => 1, "away_goals" => 0, "home_penalties" => 0, "away_penalties" => 0}}
[9f676e1f-d554-4457-a8e7-adb69eb388ef] Completed 200 OK in 210ms (Views: 0.3ms | Allocations: 1165)


[f1ee7072-c3a2-49c5-b7fb-0e1225f880f6] Started GET "/knockout" for ::1 at 2026-06-11 13:36:57 -0600
[f1ee7072-c3a2-49c5-b7fb-0e1225f880f6] Processing by KnockoutController#index as HTML
[f1ee7072-c3a2-49c5-b7fb-0e1225f880f6]   Rendering layout layouts/application.html.erb
[f1ee7072-c3a2-49c5-b7fb-0e1225f880f6]   Rendering knockout/index.html.erb within layouts/application
[f1ee7072-c3a2-49c5-b7fb-0e1225f880f6]   Rendered knockout/index.html.erb within layouts/application (Duration: 0.5ms | Allocations: 726)
[f1ee7072-c3a2-49c5-b7fb-0e1225f880f6]   Rendered layout layouts/application.html.erb (Duration: 14.6ms | Allocations: 2808)
[f1ee7072-c3a2-49c5-b7fb-0e1225f880f6] Completed 200 OK in 362ms (Views: 16.4ms | Allocations: 4745)


[1d634180-33ea-4f3f-a76c-043c9bba0eb5] Started PATCH "/knockout/matches/96/result" for ::1 at 2026-06-11 13:37:01 -0600
[1d634180-33ea-4f3f-a76c-043c9bba0eb5] Processing by KnockoutController#result as */*
[1d634180-33ea-4f3f-a76c-043c9bba0eb5]   Parameters: {"home_goals" => 1, "away_goals" => 4, "home_penalties" => 0, "away_penalties" => 0, "id" => "96", "knockout" => {"home_goals" => 1, "away_goals" => 4, "home_penalties" => 0, "away_penalties" => 0}}
[1d634180-33ea-4f3f-a76c-043c9bba0eb5] Completed 200 OK in 266ms (Views: 0.2ms | Allocations: 1169)


[f1a9278c-31ac-4144-81f5-604dcc7d2a2d] Started GET "/knockout" for ::1 at 2026-06-11 13:37:01 -0600
[f1a9278c-31ac-4144-81f5-604dcc7d2a2d] Processing by KnockoutController#index as HTML
[f1a9278c-31ac-4144-81f5-604dcc7d2a2d]   Rendering layout layouts/application.html.erb
[f1a9278c-31ac-4144-81f5-604dcc7d2a2d]   Rendering knockout/index.html.erb within layouts/application
[f1a9278c-31ac-4144-81f5-604dcc7d2a2d]   Rendered knockout/index.html.erb within layouts/application (Duration: 0.4ms | Allocations: 845)
[f1a9278c-31ac-4144-81f5-604dcc7d2a2d]   Rendered layout layouts/application.html.erb (Duration: 15.5ms | Allocations: 2923)
[f1a9278c-31ac-4144-81f5-604dcc7d2a2d] Completed 200 OK in 348ms (Views: 16.8ms | Allocations: 4990)


[8878b6ec-8323-434d-b3a3-daaefe65ca9c] Started PATCH "/knockout/matches/97/result" for ::1 at 2026-06-11 13:37:14 -0600
[8878b6ec-8323-434d-b3a3-daaefe65ca9c] Processing by KnockoutController#result as */*
[8878b6ec-8323-434d-b3a3-daaefe65ca9c]   Parameters: {"home_goals" => 3, "away_goals" => 1, "home_penalties" => 0, "away_penalties" => 0, "id" => "97", "knockout" => {"home_goals" => 3, "away_goals" => 1, "home_penalties" => 0, "away_penalties" => 0}}
[8878b6ec-8323-434d-b3a3-daaefe65ca9c] Completed 200 OK in 202ms (Views: 0.3ms | Allocations: 1166)


[810b1f4f-a314-493a-ba4c-1de4a6cea448] Started GET "/knockout" for ::1 at 2026-06-11 13:37:14 -0600
[810b1f4f-a314-493a-ba4c-1de4a6cea448] Processing by KnockoutController#index as HTML
[810b1f4f-a314-493a-ba4c-1de4a6cea448]   Rendering layout layouts/application.html.erb
[810b1f4f-a314-493a-ba4c-1de4a6cea448]   Rendering knockout/index.html.erb within layouts/application
[810b1f4f-a314-493a-ba4c-1de4a6cea448]   Rendered knockout/index.html.erb within layouts/application (Duration: 2.8ms | Allocations: 845)
[810b1f4f-a314-493a-ba4c-1de4a6cea448]   Rendered layout layouts/application.html.erb (Duration: 26.3ms | Allocations: 2943)
[810b1f4f-a314-493a-ba4c-1de4a6cea448] Completed 200 OK in 387ms (Views: 28.1ms | Allocations: 5037)


[6f252b11-a216-453a-ab74-27c34f8aeb02] Started PATCH "/knockout/matches/98/result" for ::1 at 2026-06-11 13:37:19 -0600
[6f252b11-a216-453a-ab74-27c34f8aeb02] Processing by KnockoutController#result as */*
[6f252b11-a216-453a-ab74-27c34f8aeb02]   Parameters: {"home_goals" => 3, "away_goals" => 1, "home_penalties" => 0, "away_penalties" => 0, "id" => "98", "knockout" => {"home_goals" => 3, "away_goals" => 1, "home_penalties" => 0, "away_penalties" => 0}}
[6f252b11-a216-453a-ab74-27c34f8aeb02] Completed 200 OK in 191ms (Views: 0.1ms | Allocations: 1165)


[ae2e11fa-e013-4d5d-ac0d-aa45ffd8da30] Started GET "/knockout" for ::1 at 2026-06-11 13:37:19 -0600
[ae2e11fa-e013-4d5d-ac0d-aa45ffd8da30] Processing by KnockoutController#index as HTML
[ae2e11fa-e013-4d5d-ac0d-aa45ffd8da30]   Rendering layout layouts/application.html.erb
[ae2e11fa-e013-4d5d-ac0d-aa45ffd8da30]   Rendering knockout/index.html.erb within layouts/application
[ae2e11fa-e013-4d5d-ac0d-aa45ffd8da30]   Rendered knockout/index.html.erb within layouts/application (Duration: 1.6ms | Allocations: 845)
[ae2e11fa-e013-4d5d-ac0d-aa45ffd8da30]   Rendered layout layouts/application.html.erb (Duration: 17.4ms | Allocations: 2923)
[ae2e11fa-e013-4d5d-ac0d-aa45ffd8da30] Completed 200 OK in 385ms (Views: 19.0ms | Allocations: 5005)


[a319f249-7333-4ea5-97cd-c09d376c1a76] Started PATCH "/knockout/matches/99/result" for ::1 at 2026-06-11 13:37:23 -0600
[a319f249-7333-4ea5-97cd-c09d376c1a76] Processing by KnockoutController#result as */*
[a319f249-7333-4ea5-97cd-c09d376c1a76]   Parameters: {"home_goals" => 2, "away_goals" => 1, "home_penalties" => 0, "away_penalties" => 0, "id" => "99", "knockout" => {"home_goals" => 2, "away_goals" => 1, "home_penalties" => 0, "away_penalties" => 0}}
[a319f249-7333-4ea5-97cd-c09d376c1a76] Completed 200 OK in 244ms (Views: 0.3ms | Allocations: 1168)


[ab4f5f0d-9067-43c9-8e4b-55e77f12ef37] Started GET "/knockout" for ::1 at 2026-06-11 13:37:23 -0600
[ab4f5f0d-9067-43c9-8e4b-55e77f12ef37] Processing by KnockoutController#index as HTML
[ab4f5f0d-9067-43c9-8e4b-55e77f12ef37]   Rendering layout layouts/application.html.erb
[ab4f5f0d-9067-43c9-8e4b-55e77f12ef37]   Rendering knockout/index.html.erb within layouts/application
[ab4f5f0d-9067-43c9-8e4b-55e77f12ef37]   Rendered knockout/index.html.erb within layouts/application (Duration: 0.5ms | Allocations: 845)
[ab4f5f0d-9067-43c9-8e4b-55e77f12ef37]   Rendered layout layouts/application.html.erb (Duration: 14.4ms | Allocations: 2922)
[ab4f5f0d-9067-43c9-8e4b-55e77f12ef37] Completed 200 OK in 388ms (Views: 15.9ms | Allocations: 5014)


[3841407c-22ce-4d71-90ba-4ba291938b6e] Started PATCH "/knockout/matches/100/result" for ::1 at 2026-06-11 13:37:28 -0600
[3841407c-22ce-4d71-90ba-4ba291938b6e] Processing by KnockoutController#result as */*
[3841407c-22ce-4d71-90ba-4ba291938b6e]   Parameters: {"home_goals" => 1, "away_goals" => 0, "home_penalties" => 0, "away_penalties" => 0, "id" => "100", "knockout" => {"home_goals" => 1, "away_goals" => 0, "home_penalties" => 0, "away_penalties" => 0}}
[3841407c-22ce-4d71-90ba-4ba291938b6e] Completed 200 OK in 270ms (Views: 0.6ms | Allocations: 1169)


[f8f1fa41-9e69-48ad-be7b-5e8b33a05304] Started GET "/knockout" for ::1 at 2026-06-11 13:37:28 -0600
[f8f1fa41-9e69-48ad-be7b-5e8b33a05304] Processing by KnockoutController#index as HTML
[f8f1fa41-9e69-48ad-be7b-5e8b33a05304]   Rendering layout layouts/application.html.erb
[f8f1fa41-9e69-48ad-be7b-5e8b33a05304]   Rendering knockout/index.html.erb within layouts/application
[f8f1fa41-9e69-48ad-be7b-5e8b33a05304]   Rendered knockout/index.html.erb within layouts/application (Duration: 1.0ms | Allocations: 907)
[f8f1fa41-9e69-48ad-be7b-5e8b33a05304]   Rendered layout layouts/application.html.erb (Duration: 19.8ms | Allocations: 2989)
[f8f1fa41-9e69-48ad-be7b-5e8b33a05304] Completed 200 OK in 444ms (Views: 21.3ms | Allocations: 5154)


[20e14374-4085-4925-acf7-bd5dce50263a] Started PATCH "/knockout/matches/101/result" for ::1 at 2026-06-11 13:37:34 -0600
[20e14374-4085-4925-acf7-bd5dce50263a] Processing by KnockoutController#result as */*
[20e14374-4085-4925-acf7-bd5dce50263a]   Parameters: {"home_goals" => 1, "away_goals" => 3, "home_penalties" => 0, "away_penalties" => 0, "id" => "101", "knockout" => {"home_goals" => 1, "away_goals" => 3, "home_penalties" => 0, "away_penalties" => 0}}
[20e14374-4085-4925-acf7-bd5dce50263a] Completed 200 OK in 214ms (Views: 0.2ms | Allocations: 1163)


[4c373f02-d7f4-49f1-b332-f91562befc95] Started GET "/knockout" for ::1 at 2026-06-11 13:37:34 -0600
[4c373f02-d7f4-49f1-b332-f91562befc95] Processing by KnockoutController#index as HTML
[4c373f02-d7f4-49f1-b332-f91562befc95]   Rendering layout layouts/application.html.erb
[4c373f02-d7f4-49f1-b332-f91562befc95]   Rendering knockout/index.html.erb within layouts/application
[4c373f02-d7f4-49f1-b332-f91562befc95]   Rendered knockout/index.html.erb within layouts/application (Duration: 0.9ms | Allocations: 907)
[4c373f02-d7f4-49f1-b332-f91562befc95]   Rendered layout layouts/application.html.erb (Duration: 14.5ms | Allocations: 2991)
[4c373f02-d7f4-49f1-b332-f91562befc95] Completed 200 OK in 421ms (Views: 17.4ms | Allocations: 5167)


[1eed0091-a942-4ff8-beef-db71d1ba0a5a] Started PATCH "/knockout/matches/102/result" for ::1 at 2026-06-11 13:37:38 -0600
[1eed0091-a942-4ff8-beef-db71d1ba0a5a] Processing by KnockoutController#result as */*
[1eed0091-a942-4ff8-beef-db71d1ba0a5a]   Parameters: {"home_goals" => 1, "away_goals" => 0, "home_penalties" => 0, "away_penalties" => 0, "id" => "102", "knockout" => {"home_goals" => 1, "away_goals" => 0, "home_penalties" => 0, "away_penalties" => 0}}
[1eed0091-a942-4ff8-beef-db71d1ba0a5a] Completed 200 OK in 213ms (Views: 0.4ms | Allocations: 1165)


[59f5f1bf-0476-44fe-96fc-d292817e51ff] Started GET "/knockout" for ::1 at 2026-06-11 13:37:39 -0600
[59f5f1bf-0476-44fe-96fc-d292817e51ff] Processing by KnockoutController#index as HTML
[59f5f1bf-0476-44fe-96fc-d292817e51ff]   Rendering layout layouts/application.html.erb
[59f5f1bf-0476-44fe-96fc-d292817e51ff]   Rendering knockout/index.html.erb within layouts/application
[59f5f1bf-0476-44fe-96fc-d292817e51ff]   Rendered knockout/index.html.erb within layouts/application (Duration: 0.5ms | Allocations: 960)
[59f5f1bf-0476-44fe-96fc-d292817e51ff]   Rendered layout layouts/application.html.erb (Duration: 14.6ms | Allocations: 3045)
[59f5f1bf-0476-44fe-96fc-d292817e51ff] Completed 200 OK in 439ms (Views: 15.7ms | Allocations: 5304)


[9db0ec48-f12c-4f44-9556-ec9629c48e51] Started PATCH "/knockout/matches/103/result" for ::1 at 2026-06-11 13:37:46 -0600
[9db0ec48-f12c-4f44-9556-ec9629c48e51] Processing by KnockoutController#result as */*
[9db0ec48-f12c-4f44-9556-ec9629c48e51]   Parameters: {"home_goals" => 1, "away_goals" => 0, "home_penalties" => 0, "away_penalties" => 0, "id" => "103", "knockout" => {"home_goals" => 1, "away_goals" => 0, "home_penalties" => 0, "away_penalties" => 0}}
[9db0ec48-f12c-4f44-9556-ec9629c48e51] Completed 200 OK in 180ms (Views: 0.4ms | Allocations: 1163)


[daca33b6-e73f-4526-a68d-fb853159cecf] Started GET "/knockout" for ::1 at 2026-06-11 13:37:46 -0600
[daca33b6-e73f-4526-a68d-fb853159cecf] Processing by KnockoutController#index as HTML
[daca33b6-e73f-4526-a68d-fb853159cecf]   Rendering layout layouts/application.html.erb
[daca33b6-e73f-4526-a68d-fb853159cecf]   Rendering knockout/index.html.erb within layouts/application
[daca33b6-e73f-4526-a68d-fb853159cecf]   Rendered knockout/index.html.erb within layouts/application (Duration: 0.6ms | Allocations: 961)
[daca33b6-e73f-4526-a68d-fb853159cecf]   Rendered layout layouts/application.html.erb (Duration: 16.3ms | Allocations: 3043)
[daca33b6-e73f-4526-a68d-fb853159cecf] Completed 200 OK in 404ms (Views: 18.2ms | Allocations: 5309)


[eca4dd66-c5c9-44eb-bc4a-de3bfe20f99f] Started PATCH "/knockout/matches/104/result" for ::1 at 2026-06-11 13:37:52 -0600
[eca4dd66-c5c9-44eb-bc4a-de3bfe20f99f] Processing by KnockoutController#result as */*
[eca4dd66-c5c9-44eb-bc4a-de3bfe20f99f]   Parameters: {"home_goals" => 1, "away_goals" => 0, "home_penalties" => 0, "away_penalties" => 0, "id" => "104", "knockout" => {"home_goals" => 1, "away_goals" => 0, "home_penalties" => 0, "away_penalties" => 0}}
[eca4dd66-c5c9-44eb-bc4a-de3bfe20f99f] Completed 200 OK in 211ms (Views: 0.1ms | Allocations: 1166)


[cb23dd8d-427a-46f2-ba08-c336afde3beb] Started GET "/knockout" for ::1 at 2026-06-11 13:37:52 -0600
[cb23dd8d-427a-46f2-ba08-c336afde3beb] Processing by KnockoutController#index as HTML
[cb23dd8d-427a-46f2-ba08-c336afde3beb]   Rendering layout layouts/application.html.erb
[cb23dd8d-427a-46f2-ba08-c336afde3beb]   Rendering knockout/index.html.erb within layouts/application
[cb23dd8d-427a-46f2-ba08-c336afde3beb]   Rendered knockout/index.html.erb within layouts/application (Duration: 0.9ms | Allocations: 960)
[cb23dd8d-427a-46f2-ba08-c336afde3beb]   Rendered layout layouts/application.html.erb (Duration: 13.1ms | Allocations: 3036)
[cb23dd8d-427a-46f2-ba08-c336afde3beb] Completed 200 OK in 395ms (Views: 15.0ms | Allocations: 5329)


[98690000-09b2-48d8-b69b-0ffeb943184e] Started GET "/stats" for ::1 at 2026-06-11 13:37:59 -0600
[98690000-09b2-48d8-b69b-0ffeb943184e] Processing by StatsController#index as HTML
[98690000-09b2-48d8-b69b-0ffeb943184e]   Rendering layout layouts/application.html.erb
[98690000-09b2-48d8-b69b-0ffeb943184e]   Rendering stats/index.html.erb within layouts/application
[98690000-09b2-48d8-b69b-0ffeb943184e]   Rendered stats/index.html.erb within layouts/application (Duration: 1.6ms | Allocations: 305)
[98690000-09b2-48d8-b69b-0ffeb943184e]   Rendered layout layouts/application.html.erb (Duration: 13.0ms | Allocations: 2402)
[98690000-09b2-48d8-b69b-0ffeb943184e] Completed 200 OK in 616ms (Views: 19.4ms | Allocations: 6111)


[ce623304-0636-4832-8131-cdcdebee1af7] Started GET "/knockout" for ::1 at 2026-06-11 13:38:13 -0600
[ce623304-0636-4832-8131-cdcdebee1af7] Processing by KnockoutController#index as HTML
[ce623304-0636-4832-8131-cdcdebee1af7]   Rendering layout layouts/application.html.erb
[ce623304-0636-4832-8131-cdcdebee1af7]   Rendering knockout/index.html.erb within layouts/application
[ce623304-0636-4832-8131-cdcdebee1af7]   Rendered knockout/index.html.erb within layouts/application (Duration: 0.5ms | Allocations: 960)
[ce623304-0636-4832-8131-cdcdebee1af7]   Rendered layout layouts/application.html.erb (Duration: 13.3ms | Allocations: 3040)
[ce623304-0636-4832-8131-cdcdebee1af7] Completed 200 OK in 424ms (Views: 14.7ms | Allocations: 5328)


[90014740-85b2-485b-9a1f-c9bda5b3124a] Started GET "/matches" for ::1 at 2026-06-11 13:38:14 -0600
[90014740-85b2-485b-9a1f-c9bda5b3124a] Processing by MatchesController#index as HTML
[90014740-85b2-485b-9a1f-c9bda5b3124a]   Rendering layout layouts/application.html.erb
[90014740-85b2-485b-9a1f-c9bda5b3124a]   Rendering matches/index.html.erb within layouts/application
[90014740-85b2-485b-9a1f-c9bda5b3124a]   Rendered shared/_match_card.html.erb (Duration: 2.3ms | Allocations: 657)
[90014740-85b2-485b-9a1f-c9bda5b3124a]   Rendered shared/_match_card.html.erb (Duration: 0.1ms | Allocations: 30)
[90014740-85b2-485b-9a1f-c9bda5b3124a]   Rendered shared/_match_card.html.erb (Duration: 0.1ms | Allocations: 26)
[90014740-85b2-485b-9a1f-c9bda5b3124a]   Rendered shared/_match_card.html.erb (Duration: 0.1ms | Allocations: 26)
[90014740-85b2-485b-9a1f-c9bda5b3124a]   Rendered shared/_match_card.html.erb (Duration: 0.1ms | Allocations: 29)
[90014740-85b2-485b-9a1f-c9bda5b3124a]   Rendered shared/_match_card.html.erb (Duration: 0.1ms | Allocations: 30)
[90014740-85b2-485b-9a1f-c9bda5b3124a]   Rendered shared/_match_card.html.erb (Duration: 0.1ms | Allocations: 29)
[90014740-85b2-485b-9a1f-c9bda5b3124a]   Rendered shared/_match_card.html.erb (Duration: 0.1ms | Allocations: 28)
[90014740-85b2-485b-9a1f-c9bda5b3124a]   Rendered shared/_match_card.html.erb (Duration: 0.1ms | Allocations: 26)
[90014740-85b2-485b-9a1f-c9bda5b3124a]   Rendered shared/_match_card.html.erb (Duration: 0.1ms | Allocations: 26)
[90014740-85b2-485b-9a1f-c9bda5b3124a]   Rendered shared/_match_card.html.erb (Duration: 0.1ms | Allocations: 28)
[90014740-85b2-485b-9a1f-c9bda5b3124a]   Rendered shared/_match_card.html.erb (Duration: 0.1ms | Allocations: 29)
[90014740-85b2-485b-9a1f-c9bda5b3124a]   Rendered shared/_match_card.html.erb (Duration: 0.1ms | Allocations: 28)
[90014740-85b2-485b-9a1f-c9bda5b3124a]   Rendered shared/_match_card.html.erb (Duration: 0.1ms | Allocations: 29)
[90014740-85b2-485b-9a1f-c9bda5b3124a]   Rendered shared/_match_card.html.erb (Duration: 0.1ms | Allocations: 28)
[90014740-85b2-485b-9a1f-c9bda5b3124a]   Rendered shared/_match_card.html.erb (Duration: 0.1ms | Allocations: 30)
[90014740-85b2-485b-9a1f-c9bda5b3124a]   Rendered shared/_match_card.html.erb (Duration: 0.1ms | Allocations: 28)
[90014740-85b2-485b-9a1f-c9bda5b3124a]   Rendered shared/_match_card.html.erb (Duration: 0.2ms | Allocations: 29)
[90014740-85b2-485b-9a1f-c9bda5b3124a]   Rendered shared/_match_card.html.erb (Duration: 0.1ms | Allocations: 28)
[90014740-85b2-485b-9a1f-c9bda5b3124a]   Rendered shared/_match_card.html.erb (Duration: 0.1ms | Allocations: 28)
[90014740-85b2-485b-9a1f-c9bda5b3124a]   Rendered shared/_match_card.html.erb (Duration: 0.1ms | Allocations: 28)
[90014740-85b2-485b-9a1f-c9bda5b3124a]   Rendered shared/_match_card.html.erb (Duration: 0.1ms | Allocations: 29)
[90014740-85b2-485b-9a1f-c9bda5b3124a]   Rendered shared/_match_card.html.erb (Duration: 0.1ms | Allocations: 29)
[90014740-85b2-485b-9a1f-c9bda5b3124a]   Rendered shared/_match_card.html.erb (Duration: 0.1ms | Allocations: 29)
[90014740-85b2-485b-9a1f-c9bda5b3124a]   Rendered shared/_match_card.html.erb (Duration: 0.1ms | Allocations: 28)
[90014740-85b2-485b-9a1f-c9bda5b3124a]   Rendered shared/_match_card.html.erb (Duration: 0.1ms | Allocations: 26)
[90014740-85b2-485b-9a1f-c9bda5b3124a]   Rendered shared/_match_card.html.erb (Duration: 0.1ms | Allocations: 29)
[90014740-85b2-485b-9a1f-c9bda5b3124a]   Rendered shared/_match_card.html.erb (Duration: 0.1ms | Allocations: 29)
[90014740-85b2-485b-9a1f-c9bda5b3124a]   Rendered shared/_match_card.html.erb (Duration: 0.1ms | Allocations: 28)
[90014740-85b2-485b-9a1f-c9bda5b3124a]   Rendered shared/_match_card.html.erb (Duration: 0.1ms | Allocations: 28)
[90014740-85b2-485b-9a1f-c9bda5b3124a]   Rendered shared/_match_card.html.erb (Duration: 0.1ms | Allocations: 29)
[90014740-85b2-485b-9a1f-c9bda5b3124a]   Rendered shared/_match_card.html.erb (Duration: 0.1ms | Allocations: 30)
[90014740-85b2-485b-9a1f-c9bda5b3124a]   Rendered shared/_match_card.html.erb (Duration: 0.1ms | Allocations: 29)
[90014740-85b2-485b-9a1f-c9bda5b3124a]   Rendered shared/_match_card.html.erb (Duration: 0.0ms | Allocations: 30)
[90014740-85b2-485b-9a1f-c9bda5b3124a]   Rendered shared/_match_card.html.erb (Duration: 0.1ms | Allocations: 30)
[90014740-85b2-485b-9a1f-c9bda5b3124a]   Rendered shared/_match_card.html.erb (Duration: 0.1ms | Allocations: 29)
[90014740-85b2-485b-9a1f-c9bda5b3124a]   Rendered shared/_match_card.html.erb (Duration: 0.1ms | Allocations: 26)
[90014740-85b2-485b-9a1f-c9bda5b3124a]   Rendered shared/_match_card.html.erb (Duration: 0.1ms | Allocations: 30)
[90014740-85b2-485b-9a1f-c9bda5b3124a]   Rendered shared/_match_card.html.erb (Duration: 0.1ms | Allocations: 28)
[90014740-85b2-485b-9a1f-c9bda5b3124a]   Rendered shared/_match_card.html.erb (Duration: 0.1ms | Allocations: 29)
[90014740-85b2-485b-9a1f-c9bda5b3124a]   Rendered shared/_match_card.html.erb (Duration: 0.1ms | Allocations: 29)
[90014740-85b2-485b-9a1f-c9bda5b3124a]   Rendered shared/_match_card.html.erb (Duration: 0.1ms | Allocations: 29)
[90014740-85b2-485b-9a1f-c9bda5b3124a]   Rendered shared/_match_card.html.erb (Duration: 0.1ms | Allocations: 29)
[90014740-85b2-485b-9a1f-c9bda5b3124a]   Rendered shared/_match_card.html.erb (Duration: 0.1ms | Allocations: 26)
[90014740-85b2-485b-9a1f-c9bda5b3124a]   Rendered shared/_match_card.html.erb (Duration: 0.1ms | Allocations: 28)
[90014740-85b2-485b-9a1f-c9bda5b3124a]   Rendered shared/_match_card.html.erb (Duration: 0.1ms | Allocations: 26)
[90014740-85b2-485b-9a1f-c9bda5b3124a]   Rendered shared/_match_card.html.erb (Duration: 0.1ms | Allocations: 28)
[90014740-85b2-485b-9a1f-c9bda5b3124a]   Rendered shared/_match_card.html.erb (Duration: 0.2ms | Allocations: 26)
[90014740-85b2-485b-9a1f-c9bda5b3124a]   Rendered shared/_match_card.html.erb (Duration: 0.1ms | Allocations: 28)
[90014740-85b2-485b-9a1f-c9bda5b3124a]   Rendered shared/_match_card.html.erb (Duration: 0.1ms | Allocations: 28)
[90014740-85b2-485b-9a1f-c9bda5b3124a]   Rendered shared/_match_card.html.erb (Duration: 0.1ms | Allocations: 28)
[90014740-85b2-485b-9a1f-c9bda5b3124a]   Rendered shared/_match_card.html.erb (Duration: 0.1ms | Allocations: 26)
[90014740-85b2-485b-9a1f-c9bda5b3124a]   Rendered shared/_match_card.html.erb (Duration: 0.1ms | Allocations: 29)
[90014740-85b2-485b-9a1f-c9bda5b3124a]   Rendered shared/_match_card.html.erb (Duration: 0.1ms | Allocations: 28)
[90014740-85b2-485b-9a1f-c9bda5b3124a]   Rendered shared/_match_card.html.erb (Duration: 0.1ms | Allocations: 26)
[90014740-85b2-485b-9a1f-c9bda5b3124a]   Rendered shared/_match_card.html.erb (Duration: 0.1ms | Allocations: 28)
[90014740-85b2-485b-9a1f-c9bda5b3124a]   Rendered shared/_match_card.html.erb (Duration: 0.1ms | Allocations: 26)
[90014740-85b2-485b-9a1f-c9bda5b3124a]   Rendered shared/_match_card.html.erb (Duration: 0.2ms | Allocations: 26)
[90014740-85b2-485b-9a1f-c9bda5b3124a]   Rendered shared/_match_card.html.erb (Duration: 0.1ms | Allocations: 28)
[90014740-85b2-485b-9a1f-c9bda5b3124a]   Rendered shared/_match_card.html.erb (Duration: 0.1ms | Allocations: 29)
[90014740-85b2-485b-9a1f-c9bda5b3124a]   Rendered shared/_match_card.html.erb (Duration: 0.2ms | Allocations: 26)
[90014740-85b2-485b-9a1f-c9bda5b3124a]   Rendered shared/_match_card.html.erb (Duration: 0.1ms | Allocations: 29)
[90014740-85b2-485b-9a1f-c9bda5b3124a]   Rendered shared/_match_card.html.erb (Duration: 0.1ms | Allocations: 28)
[90014740-85b2-485b-9a1f-c9bda5b3124a]   Rendered shared/_match_card.html.erb (Duration: 0.0ms | Allocations: 29)
[90014740-85b2-485b-9a1f-c9bda5b3124a]   Rendered shared/_match_card.html.erb (Duration: 0.1ms | Allocations: 28)
[90014740-85b2-485b-9a1f-c9bda5b3124a]   Rendered shared/_match_card.html.erb (Duration: 0.1ms | Allocations: 29)
[90014740-85b2-485b-9a1f-c9bda5b3124a]   Rendered shared/_match_card.html.erb (Duration: 0.1ms | Allocations: 28)
[90014740-85b2-485b-9a1f-c9bda5b3124a]   Rendered shared/_match_card.html.erb (Duration: 0.1ms | Allocations: 28)
[90014740-85b2-485b-9a1f-c9bda5b3124a]   Rendered shared/_match_card.html.erb (Duration: 2.7ms | Allocations: 29)
[90014740-85b2-485b-9a1f-c9bda5b3124a]   Rendered shared/_match_card.html.erb (Duration: 0.1ms | Allocations: 28)
[90014740-85b2-485b-9a1f-c9bda5b3124a]   Rendered shared/_match_card.html.erb (Duration: 0.1ms | Allocations: 26)
[90014740-85b2-485b-9a1f-c9bda5b3124a]   Rendered shared/_match_card.html.erb (Duration: 0.1ms | Allocations: 29)
[90014740-85b2-485b-9a1f-c9bda5b3124a]   Rendered matches/index.html.erb within layouts/application (Duration: 66.8ms | Allocations: 7793)
[90014740-85b2-485b-9a1f-c9bda5b3124a]   Rendered layout layouts/application.html.erb (Duration: 79.0ms | Allocations: 9873)
[90014740-85b2-485b-9a1f-c9bda5b3124a] Completed 200 OK in 608ms (Views: 84.3ms | Allocations: 12791)


[0360eb74-c0a8-46b3-93cc-0f236db1e0d7] Started GET "/groups" for ::1 at 2026-06-11 13:38:16 -0600
[0360eb74-c0a8-46b3-93cc-0f236db1e0d7] Processing by GroupsController#index as HTML
[0360eb74-c0a8-46b3-93cc-0f236db1e0d7]   Rendering layout layouts/application.html.erb
[0360eb74-c0a8-46b3-93cc-0f236db1e0d7]   Rendering groups/index.html.erb within layouts/application
[0360eb74-c0a8-46b3-93cc-0f236db1e0d7]   Rendered shared/_standings_table.html.erb (Duration: 0.1ms | Allocations: 106)
[0360eb74-c0a8-46b3-93cc-0f236db1e0d7]   Rendered shared/_standings_table.html.erb (Duration: 0.2ms | Allocations: 105)
[0360eb74-c0a8-46b3-93cc-0f236db1e0d7]   Rendered shared/_standings_table.html.erb (Duration: 0.2ms | Allocations: 108)
[0360eb74-c0a8-46b3-93cc-0f236db1e0d7]   Rendered shared/_standings_table.html.erb (Duration: 0.1ms | Allocations: 107)
[0360eb74-c0a8-46b3-93cc-0f236db1e0d7]   Rendered shared/_standings_table.html.erb (Duration: 0.1ms | Allocations: 108)
[0360eb74-c0a8-46b3-93cc-0f236db1e0d7]   Rendered shared/_standings_table.html.erb (Duration: 0.1ms | Allocations: 108)
[0360eb74-c0a8-46b3-93cc-0f236db1e0d7]   Rendered shared/_standings_table.html.erb (Duration: 0.1ms | Allocations: 109)
[0360eb74-c0a8-46b3-93cc-0f236db1e0d7]   Rendered shared/_standings_table.html.erb (Duration: 0.1ms | Allocations: 108)
[0360eb74-c0a8-46b3-93cc-0f236db1e0d7]   Rendered shared/_standings_table.html.erb (Duration: 0.2ms | Allocations: 106)
[0360eb74-c0a8-46b3-93cc-0f236db1e0d7]   Rendered shared/_standings_table.html.erb (Duration: 0.1ms | Allocations: 105)
[0360eb74-c0a8-46b3-93cc-0f236db1e0d7]   Rendered shared/_standings_table.html.erb (Duration: 0.2ms | Allocations: 106)
[0360eb74-c0a8-46b3-93cc-0f236db1e0d7]   Rendered shared/_standings_table.html.erb (Duration: 0.1ms | Allocations: 107)
[0360eb74-c0a8-46b3-93cc-0f236db1e0d7]   Rendered groups/index.html.erb within layouts/application (Duration: 12.9ms | Allocations: 2865)
[0360eb74-c0a8-46b3-93cc-0f236db1e0d7]   Rendered layout layouts/application.html.erb (Duration: 26.8ms | Allocations: 4928)
[0360eb74-c0a8-46b3-93cc-0f236db1e0d7] Completed 200 OK in 208ms (Views: 28.2ms | Allocations: 7134)


[3e182221-9230-4f6a-9a83-ca069395e819] Started GET "/" for ::1 at 2026-06-11 13:38:17 -0600
[3e182221-9230-4f6a-9a83-ca069395e819] Processing by DashboardController#index as HTML
[3e182221-9230-4f6a-9a83-ca069395e819]   Rendering layout layouts/application.html.erb
[3e182221-9230-4f6a-9a83-ca069395e819]   Rendering dashboard/index.html.erb within layouts/application
[3e182221-9230-4f6a-9a83-ca069395e819]   Rendered dashboard/index.html.erb within layouts/application (Duration: 0.4ms | Allocations: 202)
[3e182221-9230-4f6a-9a83-ca069395e819]   Rendered layout layouts/application.html.erb (Duration: 14.5ms | Allocations: 2265)
[3e182221-9230-4f6a-9a83-ca069395e819] Completed 200 OK in 270ms (Views: 15.7ms | Allocations: 3616)


[c8fea9e6-f7e4-4e20-8828-ec8526ee074c] Started GET "/groups" for ::1 at 2026-06-11 13:38:37 -0600
[c8fea9e6-f7e4-4e20-8828-ec8526ee074c] Processing by GroupsController#index as HTML
[c8fea9e6-f7e4-4e20-8828-ec8526ee074c]   Rendering layout layouts/application.html.erb
[c8fea9e6-f7e4-4e20-8828-ec8526ee074c]   Rendering groups/index.html.erb within layouts/application
[c8fea9e6-f7e4-4e20-8828-ec8526ee074c]   Rendered shared/_standings_table.html.erb (Duration: 0.1ms | Allocations: 106)
[c8fea9e6-f7e4-4e20-8828-ec8526ee074c]   Rendered shared/_standings_table.html.erb (Duration: 0.2ms | Allocations: 105)
[c8fea9e6-f7e4-4e20-8828-ec8526ee074c]   Rendered shared/_standings_table.html.erb (Duration: 0.1ms | Allocations: 108)
[c8fea9e6-f7e4-4e20-8828-ec8526ee074c]   Rendered shared/_standings_table.html.erb (Duration: 0.3ms | Allocations: 107)
[c8fea9e6-f7e4-4e20-8828-ec8526ee074c]   Rendered shared/_standings_table.html.erb (Duration: 0.1ms | Allocations: 108)
[c8fea9e6-f7e4-4e20-8828-ec8526ee074c]   Rendered shared/_standings_table.html.erb (Duration: 0.1ms | Allocations: 108)
[c8fea9e6-f7e4-4e20-8828-ec8526ee074c]   Rendered shared/_standings_table.html.erb (Duration: 0.1ms | Allocations: 109)
[c8fea9e6-f7e4-4e20-8828-ec8526ee074c]   Rendered shared/_standings_table.html.erb (Duration: 0.1ms | Allocations: 108)
[c8fea9e6-f7e4-4e20-8828-ec8526ee074c]   Rendered shared/_standings_table.html.erb (Duration: 0.1ms | Allocations: 106)
[c8fea9e6-f7e4-4e20-8828-ec8526ee074c]   Rendered shared/_standings_table.html.erb (Duration: 0.4ms | Allocations: 105)
[c8fea9e6-f7e4-4e20-8828-ec8526ee074c]   Rendered shared/_standings_table.html.erb (Duration: 0.1ms | Allocations: 106)
[c8fea9e6-f7e4-4e20-8828-ec8526ee074c]   Rendered shared/_standings_table.html.erb (Duration: 0.1ms | Allocations: 107)
[c8fea9e6-f7e4-4e20-8828-ec8526ee074c]   Rendered groups/index.html.erb within layouts/application (Duration: 15.3ms | Allocations: 2865)
[c8fea9e6-f7e4-4e20-8828-ec8526ee074c]   Rendered layout layouts/application.html.erb (Duration: 32.1ms | Allocations: 4934)
[c8fea9e6-f7e4-4e20-8828-ec8526ee074c] Completed 200 OK in 207ms (Views: 33.4ms | Allocations: 7138)


[1f8b3467-35c3-4282-be49-75d62e9fc689] Started GET "/matches" for ::1 at 2026-06-11 13:38:39 -0600
[1f8b3467-35c3-4282-be49-75d62e9fc689] Processing by MatchesController#index as HTML
[1f8b3467-35c3-4282-be49-75d62e9fc689]   Rendering layout layouts/application.html.erb
[1f8b3467-35c3-4282-be49-75d62e9fc689]   Rendering matches/index.html.erb within layouts/application
[1f8b3467-35c3-4282-be49-75d62e9fc689]   Rendered shared/_match_card.html.erb (Duration: 0.2ms | Allocations: 31)
[1f8b3467-35c3-4282-be49-75d62e9fc689]   Rendered shared/_match_card.html.erb (Duration: 0.2ms | Allocations: 30)
[1f8b3467-35c3-4282-be49-75d62e9fc689]   Rendered shared/_match_card.html.erb (Duration: 0.1ms | Allocations: 26)
[1f8b3467-35c3-4282-be49-75d62e9fc689]   Rendered shared/_match_card.html.erb (Duration: 0.1ms | Allocations: 26)
[1f8b3467-35c3-4282-be49-75d62e9fc689]   Rendered shared/_match_card.html.erb (Duration: 0.1ms | Allocations: 29)
[1f8b3467-35c3-4282-be49-75d62e9fc689]   Rendered shared/_match_card.html.erb (Duration: 0.2ms | Allocations: 30)
[1f8b3467-35c3-4282-be49-75d62e9fc689]   Rendered shared/_match_card.html.erb (Duration: 0.5ms | Allocations: 29)
[1f8b3467-35c3-4282-be49-75d62e9fc689]   Rendered shared/_match_card.html.erb (Duration: 0.1ms | Allocations: 28)
[1f8b3467-35c3-4282-be49-75d62e9fc689]   Rendered shared/_match_card.html.erb (Duration: 0.1ms | Allocations: 26)
[1f8b3467-35c3-4282-be49-75d62e9fc689]   Rendered shared/_match_card.html.erb (Duration: 0.1ms | Allocations: 26)
[1f8b3467-35c3-4282-be49-75d62e9fc689]   Rendered shared/_match_card.html.erb (Duration: 0.1ms | Allocations: 28)
[1f8b3467-35c3-4282-be49-75d62e9fc689]   Rendered shared/_match_card.html.erb (Duration: 0.3ms | Allocations: 29)
[1f8b3467-35c3-4282-be49-75d62e9fc689]   Rendered shared/_match_card.html.erb (Duration: 0.1ms | Allocations: 28)
[1f8b3467-35c3-4282-be49-75d62e9fc689]   Rendered shared/_match_card.html.erb (Duration: 0.1ms | Allocations: 29)
[1f8b3467-35c3-4282-be49-75d62e9fc689]   Rendered shared/_match_card.html.erb (Duration: 0.1ms | Allocations: 28)
[1f8b3467-35c3-4282-be49-75d62e9fc689]   Rendered shared/_match_card.html.erb (Duration: 0.2ms | Allocations: 30)
[1f8b3467-35c3-4282-be49-75d62e9fc689]   Rendered shared/_match_card.html.erb (Duration: 0.5ms | Allocations: 28)
[1f8b3467-35c3-4282-be49-75d62e9fc689]   Rendered shared/_match_card.html.erb (Duration: 0.2ms | Allocations: 29)
[1f8b3467-35c3-4282-be49-75d62e9fc689]   Rendered shared/_match_card.html.erb (Duration: 0.1ms | Allocations: 28)
[1f8b3467-35c3-4282-be49-75d62e9fc689]   Rendered shared/_match_card.html.erb (Duration: 0.6ms | Allocations: 28)
[1f8b3467-35c3-4282-be49-75d62e9fc689]   Rendered shared/_match_card.html.erb (Duration: 0.1ms | Allocations: 28)
[1f8b3467-35c3-4282-be49-75d62e9fc689]   Rendered shared/_match_card.html.erb (Duration: 0.1ms | Allocations: 29)
[1f8b3467-35c3-4282-be49-75d62e9fc689]   Rendered shared/_match_card.html.erb (Duration: 0.1ms | Allocations: 29)
[1f8b3467-35c3-4282-be49-75d62e9fc689]   Rendered shared/_match_card.html.erb (Duration: 0.1ms | Allocations: 29)
[1f8b3467-35c3-4282-be49-75d62e9fc689]   Rendered shared/_match_card.html.erb (Duration: 0.1ms | Allocations: 28)
[1f8b3467-35c3-4282-be49-75d62e9fc689]   Rendered shared/_match_card.html.erb (Duration: 0.1ms | Allocations: 26)
[1f8b3467-35c3-4282-be49-75d62e9fc689]   Rendered shared/_match_card.html.erb (Duration: 0.1ms | Allocations: 29)
[1f8b3467-35c3-4282-be49-75d62e9fc689]   Rendered shared/_match_card.html.erb (Duration: 0.3ms | Allocations: 29)
[1f8b3467-35c3-4282-be49-75d62e9fc689]   Rendered shared/_match_card.html.erb (Duration: 0.2ms | Allocations: 28)
[1f8b3467-35c3-4282-be49-75d62e9fc689]   Rendered shared/_match_card.html.erb (Duration: 0.1ms | Allocations: 28)
[1f8b3467-35c3-4282-be49-75d62e9fc689]   Rendered shared/_match_card.html.erb (Duration: 0.1ms | Allocations: 29)
[1f8b3467-35c3-4282-be49-75d62e9fc689]   Rendered shared/_match_card.html.erb (Duration: 0.2ms | Allocations: 30)
[1f8b3467-35c3-4282-be49-75d62e9fc689]   Rendered shared/_match_card.html.erb (Duration: 0.2ms | Allocations: 29)
[1f8b3467-35c3-4282-be49-75d62e9fc689]   Rendered shared/_match_card.html.erb (Duration: 0.2ms | Allocations: 30)
[1f8b3467-35c3-4282-be49-75d62e9fc689]   Rendered shared/_match_card.html.erb (Duration: 0.1ms | Allocations: 30)
[1f8b3467-35c3-4282-be49-75d62e9fc689]   Rendered shared/_match_card.html.erb (Duration: 0.1ms | Allocations: 29)
[1f8b3467-35c3-4282-be49-75d62e9fc689]   Rendered shared/_match_card.html.erb (Duration: 0.2ms | Allocations: 26)
[1f8b3467-35c3-4282-be49-75d62e9fc689]   Rendered shared/_match_card.html.erb (Duration: 0.1ms | Allocations: 30)
[1f8b3467-35c3-4282-be49-75d62e9fc689]   Rendered shared/_match_card.html.erb (Duration: 0.1ms | Allocations: 28)
[1f8b3467-35c3-4282-be49-75d62e9fc689]   Rendered shared/_match_card.html.erb (Duration: 0.1ms | Allocations: 29)
[1f8b3467-35c3-4282-be49-75d62e9fc689]   Rendered shared/_match_card.html.erb (Duration: 0.1ms | Allocations: 29)
[1f8b3467-35c3-4282-be49-75d62e9fc689]   Rendered shared/_match_card.html.erb (Duration: 0.1ms | Allocations: 29)
[1f8b3467-35c3-4282-be49-75d62e9fc689]   Rendered shared/_match_card.html.erb (Duration: 0.1ms | Allocations: 29)
[1f8b3467-35c3-4282-be49-75d62e9fc689]   Rendered shared/_match_card.html.erb (Duration: 0.1ms | Allocations: 26)
[1f8b3467-35c3-4282-be49-75d62e9fc689]   Rendered shared/_match_card.html.erb (Duration: 0.0ms | Allocations: 28)
[1f8b3467-35c3-4282-be49-75d62e9fc689]   Rendered shared/_match_card.html.erb (Duration: 0.1ms | Allocations: 26)
[1f8b3467-35c3-4282-be49-75d62e9fc689]   Rendered shared/_match_card.html.erb (Duration: 0.3ms | Allocations: 28)
[1f8b3467-35c3-4282-be49-75d62e9fc689]   Rendered shared/_match_card.html.erb (Duration: 0.1ms | Allocations: 26)
[1f8b3467-35c3-4282-be49-75d62e9fc689]   Rendered shared/_match_card.html.erb (Duration: 0.1ms | Allocations: 28)
[1f8b3467-35c3-4282-be49-75d62e9fc689]   Rendered shared/_match_card.html.erb (Duration: 0.1ms | Allocations: 28)
[1f8b3467-35c3-4282-be49-75d62e9fc689]   Rendered shared/_match_card.html.erb (Duration: 0.1ms | Allocations: 28)
[1f8b3467-35c3-4282-be49-75d62e9fc689]   Rendered shared/_match_card.html.erb (Duration: 0.1ms | Allocations: 26)
[1f8b3467-35c3-4282-be49-75d62e9fc689]   Rendered shared/_match_card.html.erb (Duration: 0.1ms | Allocations: 29)
[1f8b3467-35c3-4282-be49-75d62e9fc689]   Rendered shared/_match_card.html.erb (Duration: 0.1ms | Allocations: 28)
[1f8b3467-35c3-4282-be49-75d62e9fc689]   Rendered shared/_match_card.html.erb (Duration: 0.1ms | Allocations: 26)
[1f8b3467-35c3-4282-be49-75d62e9fc689]   Rendered shared/_match_card.html.erb (Duration: 0.1ms | Allocations: 28)
[1f8b3467-35c3-4282-be49-75d62e9fc689]   Rendered shared/_match_card.html.erb (Duration: 0.2ms | Allocations: 26)
[1f8b3467-35c3-4282-be49-75d62e9fc689]   Rendered shared/_match_card.html.erb (Duration: 0.2ms | Allocations: 26)
[1f8b3467-35c3-4282-be49-75d62e9fc689]   Rendered shared/_match_card.html.erb (Duration: 0.1ms | Allocations: 28)
[1f8b3467-35c3-4282-be49-75d62e9fc689]   Rendered shared/_match_card.html.erb (Duration: 0.1ms | Allocations: 29)
[1f8b3467-35c3-4282-be49-75d62e9fc689]   Rendered shared/_match_card.html.erb (Duration: 0.1ms | Allocations: 26)
[1f8b3467-35c3-4282-be49-75d62e9fc689]   Rendered shared/_match_card.html.erb (Duration: 0.1ms | Allocations: 29)
[1f8b3467-35c3-4282-be49-75d62e9fc689]   Rendered shared/_match_card.html.erb (Duration: 0.1ms | Allocations: 28)
[1f8b3467-35c3-4282-be49-75d62e9fc689]   Rendered shared/_match_card.html.erb (Duration: 0.1ms | Allocations: 29)
[1f8b3467-35c3-4282-be49-75d62e9fc689]   Rendered shared/_match_card.html.erb (Duration: 0.2ms | Allocations: 28)
[1f8b3467-35c3-4282-be49-75d62e9fc689]   Rendered shared/_match_card.html.erb (Duration: 0.1ms | Allocations: 29)
[1f8b3467-35c3-4282-be49-75d62e9fc689]   Rendered shared/_match_card.html.erb (Duration: 0.4ms | Allocations: 28)
[1f8b3467-35c3-4282-be49-75d62e9fc689]   Rendered shared/_match_card.html.erb (Duration: 0.1ms | Allocations: 28)
[1f8b3467-35c3-4282-be49-75d62e9fc689]   Rendered shared/_match_card.html.erb (Duration: 0.1ms | Allocations: 29)
[1f8b3467-35c3-4282-be49-75d62e9fc689]   Rendered shared/_match_card.html.erb (Duration: 0.1ms | Allocations: 28)
[1f8b3467-35c3-4282-be49-75d62e9fc689]   Rendered shared/_match_card.html.erb (Duration: 0.1ms | Allocations: 26)
[1f8b3467-35c3-4282-be49-75d62e9fc689]   Rendered shared/_match_card.html.erb (Duration: 0.1ms | Allocations: 29)
[1f8b3467-35c3-4282-be49-75d62e9fc689]   Rendered matches/index.html.erb within layouts/application (Duration: 78.9ms | Allocations: 6793)
[1f8b3467-35c3-4282-be49-75d62e9fc689]   Rendered layout layouts/application.html.erb (Duration: 91.6ms | Allocations: 8875)
[1f8b3467-35c3-4282-be49-75d62e9fc689] Completed 200 OK in 710ms (Views: 93.5ms | Allocations: 11638)


[ec0b99d0-f5d5-44d5-863d-d03b4f82b858] Started GET "/knockout" for ::1 at 2026-06-11 13:38:41 -0600
[ec0b99d0-f5d5-44d5-863d-d03b4f82b858] Processing by KnockoutController#index as HTML
[ec0b99d0-f5d5-44d5-863d-d03b4f82b858]   Rendering layout layouts/application.html.erb
[ec0b99d0-f5d5-44d5-863d-d03b4f82b858]   Rendering knockout/index.html.erb within layouts/application
[ec0b99d0-f5d5-44d5-863d-d03b4f82b858]   Rendered knockout/index.html.erb within layouts/application (Duration: 1.3ms | Allocations: 960)
[ec0b99d0-f5d5-44d5-863d-d03b4f82b858]   Rendered layout layouts/application.html.erb (Duration: 14.5ms | Allocations: 3037)
[ec0b99d0-f5d5-44d5-863d-d03b4f82b858] Completed 200 OK in 466ms (Views: 16.1ms | Allocations: 5346)


[6d708f0a-1a09-439c-9c3f-a338a4231ff4] Started GET "/groups" for ::1 at 2026-06-11 13:38:44 -0600
[6d708f0a-1a09-439c-9c3f-a338a4231ff4] Processing by GroupsController#index as HTML
[6d708f0a-1a09-439c-9c3f-a338a4231ff4]   Rendering layout layouts/application.html.erb
[6d708f0a-1a09-439c-9c3f-a338a4231ff4]   Rendering groups/index.html.erb within layouts/application
[6d708f0a-1a09-439c-9c3f-a338a4231ff4]   Rendered shared/_standings_table.html.erb (Duration: 0.1ms | Allocations: 106)
[6d708f0a-1a09-439c-9c3f-a338a4231ff4]   Rendered shared/_standings_table.html.erb (Duration: 0.2ms | Allocations: 105)
[6d708f0a-1a09-439c-9c3f-a338a4231ff4]   Rendered shared/_standings_table.html.erb (Duration: 0.1ms | Allocations: 108)
[6d708f0a-1a09-439c-9c3f-a338a4231ff4]   Rendered shared/_standings_table.html.erb (Duration: 0.1ms | Allocations: 107)
[6d708f0a-1a09-439c-9c3f-a338a4231ff4]   Rendered shared/_standings_table.html.erb (Duration: 0.1ms | Allocations: 108)
[6d708f0a-1a09-439c-9c3f-a338a4231ff4]   Rendered shared/_standings_table.html.erb (Duration: 0.1ms | Allocations: 108)
[6d708f0a-1a09-439c-9c3f-a338a4231ff4]   Rendered shared/_standings_table.html.erb (Duration: 0.3ms | Allocations: 109)
[6d708f0a-1a09-439c-9c3f-a338a4231ff4]   Rendered shared/_standings_table.html.erb (Duration: 0.1ms | Allocations: 108)
[6d708f0a-1a09-439c-9c3f-a338a4231ff4]   Rendered shared/_standings_table.html.erb (Duration: 0.1ms | Allocations: 106)
[6d708f0a-1a09-439c-9c3f-a338a4231ff4]   Rendered shared/_standings_table.html.erb (Duration: 0.1ms | Allocations: 105)
[6d708f0a-1a09-439c-9c3f-a338a4231ff4]   Rendered shared/_standings_table.html.erb (Duration: 0.1ms | Allocations: 106)
[6d708f0a-1a09-439c-9c3f-a338a4231ff4]   Rendered shared/_standings_table.html.erb (Duration: 0.1ms | Allocations: 107)
[6d708f0a-1a09-439c-9c3f-a338a4231ff4]   Rendered groups/index.html.erb within layouts/application (Duration: 12.9ms | Allocations: 2865)
[6d708f0a-1a09-439c-9c3f-a338a4231ff4]   Rendered layout layouts/application.html.erb (Duration: 26.8ms | Allocations: 4932)
[6d708f0a-1a09-439c-9c3f-a338a4231ff4] Completed 200 OK in 204ms (Views: 28.1ms | Allocations: 7137)


[4eda983d-6d72-4dec-afe9-05065b56dcaa] Started GET "/knockout" for ::1 at 2026-06-11 13:39:45 -0600
[4eda983d-6d72-4dec-afe9-05065b56dcaa] Processing by KnockoutController#index as HTML
[4eda983d-6d72-4dec-afe9-05065b56dcaa]   Rendering layout layouts/application.html.erb
[4eda983d-6d72-4dec-afe9-05065b56dcaa]   Rendering knockout/index.html.erb within layouts/application
[4eda983d-6d72-4dec-afe9-05065b56dcaa]   Rendered knockout/index.html.erb within layouts/application (Duration: 0.5ms | Allocations: 960)
[4eda983d-6d72-4dec-afe9-05065b56dcaa]   Rendered layout layouts/application.html.erb (Duration: 14.6ms | Allocations: 3041)
[4eda983d-6d72-4dec-afe9-05065b56dcaa] Completed 200 OK in 479ms (Views: 16.4ms | Allocations: 5338)


[1fd46d82-1717-41ec-a24c-3a159e00a992] Started GET "/stats" for ::1 at 2026-06-11 13:39:46 -0600
[1fd46d82-1717-41ec-a24c-3a159e00a992] Processing by StatsController#index as HTML
[1fd46d82-1717-41ec-a24c-3a159e00a992]   Rendering layout layouts/application.html.erb
[1fd46d82-1717-41ec-a24c-3a159e00a992]   Rendering stats/index.html.erb within layouts/application
[1fd46d82-1717-41ec-a24c-3a159e00a992]   Rendered stats/index.html.erb within layouts/application (Duration: 0.2ms | Allocations: 11)
[1fd46d82-1717-41ec-a24c-3a159e00a992]   Rendered layout layouts/application.html.erb (Duration: 27.0ms | Allocations: 2093)
[1fd46d82-1717-41ec-a24c-3a159e00a992] Completed 200 OK in 664ms (Views: 30.3ms | Allocations: 5650)


[b03f4a5c-1019-46b2-8ec1-9cecfffba52c] Started GET "/admin" for ::1 at 2026-06-11 13:39:47 -0600
[b03f4a5c-1019-46b2-8ec1-9cecfffba52c] Processing by AdminController#index as HTML
[b03f4a5c-1019-46b2-8ec1-9cecfffba52c]   Rendering layout layouts/application.html.erb
[b03f4a5c-1019-46b2-8ec1-9cecfffba52c]   Rendering admin/index.html.erb within layouts/application
[b03f4a5c-1019-46b2-8ec1-9cecfffba52c]   Rendered admin/index.html.erb within layouts/application (Duration: 1.7ms | Allocations: 702)
[b03f4a5c-1019-46b2-8ec1-9cecfffba52c]   Rendered layout layouts/application.html.erb (Duration: 16.7ms | Allocations: 2489)
[b03f4a5c-1019-46b2-8ec1-9cecfffba52c] Completed 200 OK in 375ms (Views: 19.4ms | Allocations: 4612)


[f1b8eb84-c55c-4d0d-b5f8-fdd3305f340d] Started GET "/matches" for ::1 at 2026-06-11 13:40:03 -0600
[f1b8eb84-c55c-4d0d-b5f8-fdd3305f340d] Processing by MatchesController#index as HTML
[f1b8eb84-c55c-4d0d-b5f8-fdd3305f340d]   Rendering layout layouts/application.html.erb
[f1b8eb84-c55c-4d0d-b5f8-fdd3305f340d]   Rendering matches/index.html.erb within layouts/application
[f1b8eb84-c55c-4d0d-b5f8-fdd3305f340d]   Rendered shared/_match_card.html.erb (Duration: 0.0ms | Allocations: 31)
[f1b8eb84-c55c-4d0d-b5f8-fdd3305f340d]   Rendered shared/_match_card.html.erb (Duration: 0.1ms | Allocations: 30)
[f1b8eb84-c55c-4d0d-b5f8-fdd3305f340d]   Rendered shared/_match_card.html.erb (Duration: 0.1ms | Allocations: 26)
[f1b8eb84-c55c-4d0d-b5f8-fdd3305f340d]   Rendered shared/_match_card.html.erb (Duration: 0.1ms | Allocations: 26)
[f1b8eb84-c55c-4d0d-b5f8-fdd3305f340d]   Rendered shared/_match_card.html.erb (Duration: 0.1ms | Allocations: 29)
[f1b8eb84-c55c-4d0d-b5f8-fdd3305f340d]   Rendered shared/_match_card.html.erb (Duration: 0.1ms | Allocations: 30)
[f1b8eb84-c55c-4d0d-b5f8-fdd3305f340d]   Rendered shared/_match_card.html.erb (Duration: 0.1ms | Allocations: 29)
[f1b8eb84-c55c-4d0d-b5f8-fdd3305f340d]   Rendered shared/_match_card.html.erb (Duration: 0.1ms | Allocations: 28)
[f1b8eb84-c55c-4d0d-b5f8-fdd3305f340d]   Rendered shared/_match_card.html.erb (Duration: 0.1ms | Allocations: 26)
[f1b8eb84-c55c-4d0d-b5f8-fdd3305f340d]   Rendered shared/_match_card.html.erb (Duration: 0.1ms | Allocations: 26)
[f1b8eb84-c55c-4d0d-b5f8-fdd3305f340d]   Rendered shared/_match_card.html.erb (Duration: 0.1ms | Allocations: 28)
[f1b8eb84-c55c-4d0d-b5f8-fdd3305f340d]   Rendered shared/_match_card.html.erb (Duration: 0.1ms | Allocations: 29)
[f1b8eb84-c55c-4d0d-b5f8-fdd3305f340d]   Rendered shared/_match_card.html.erb (Duration: 0.1ms | Allocations: 28)
[f1b8eb84-c55c-4d0d-b5f8-fdd3305f340d]   Rendered shared/_match_card.html.erb (Duration: 0.0ms | Allocations: 29)
[f1b8eb84-c55c-4d0d-b5f8-fdd3305f340d]   Rendered shared/_match_card.html.erb (Duration: 0.3ms | Allocations: 28)
[f1b8eb84-c55c-4d0d-b5f8-fdd3305f340d]   Rendered shared/_match_card.html.erb (Duration: 0.1ms | Allocations: 30)
[f1b8eb84-c55c-4d0d-b5f8-fdd3305f340d]   Rendered shared/_match_card.html.erb (Duration: 0.1ms | Allocations: 28)
[f1b8eb84-c55c-4d0d-b5f8-fdd3305f340d]   Rendered shared/_match_card.html.erb (Duration: 0.1ms | Allocations: 29)
[f1b8eb84-c55c-4d0d-b5f8-fdd3305f340d]   Rendered shared/_match_card.html.erb (Duration: 0.0ms | Allocations: 28)
[f1b8eb84-c55c-4d0d-b5f8-fdd3305f340d]   Rendered shared/_match_card.html.erb (Duration: 0.1ms | Allocations: 28)
[f1b8eb84-c55c-4d0d-b5f8-fdd3305f340d]   Rendered shared/_match_card.html.erb (Duration: 0.1ms | Allocations: 28)
[f1b8eb84-c55c-4d0d-b5f8-fdd3305f340d]   Rendered shared/_match_card.html.erb (Duration: 0.1ms | Allocations: 29)
[f1b8eb84-c55c-4d0d-b5f8-fdd3305f340d]   Rendered shared/_match_card.html.erb (Duration: 0.1ms | Allocations: 29)
[f1b8eb84-c55c-4d0d-b5f8-fdd3305f340d]   Rendered shared/_match_card.html.erb (Duration: 0.3ms | Allocations: 29)
[f1b8eb84-c55c-4d0d-b5f8-fdd3305f340d]   Rendered shared/_match_card.html.erb (Duration: 0.0ms | Allocations: 28)
[f1b8eb84-c55c-4d0d-b5f8-fdd3305f340d]   Rendered shared/_match_card.html.erb (Duration: 0.2ms | Allocations: 26)
[f1b8eb84-c55c-4d0d-b5f8-fdd3305f340d]   Rendered shared/_match_card.html.erb (Duration: 0.1ms | Allocations: 29)
[f1b8eb84-c55c-4d0d-b5f8-fdd3305f340d]   Rendered shared/_match_card.html.erb (Duration: 0.1ms | Allocations: 29)
[f1b8eb84-c55c-4d0d-b5f8-fdd3305f340d]   Rendered shared/_match_card.html.erb (Duration: 0.1ms | Allocations: 28)
[f1b8eb84-c55c-4d0d-b5f8-fdd3305f340d]   Rendered shared/_match_card.html.erb (Duration: 0.1ms | Allocations: 28)
[f1b8eb84-c55c-4d0d-b5f8-fdd3305f340d]   Rendered shared/_match_card.html.erb (Duration: 0.1ms | Allocations: 29)
[f1b8eb84-c55c-4d0d-b5f8-fdd3305f340d]   Rendered shared/_match_card.html.erb (Duration: 0.1ms | Allocations: 30)
[f1b8eb84-c55c-4d0d-b5f8-fdd3305f340d]   Rendered shared/_match_card.html.erb (Duration: 0.1ms | Allocations: 29)
[f1b8eb84-c55c-4d0d-b5f8-fdd3305f340d]   Rendered shared/_match_card.html.erb (Duration: 0.1ms | Allocations: 30)
[f1b8eb84-c55c-4d0d-b5f8-fdd3305f340d]   Rendered shared/_match_card.html.erb (Duration: 0.1ms | Allocations: 30)
[f1b8eb84-c55c-4d0d-b5f8-fdd3305f340d]   Rendered shared/_match_card.html.erb (Duration: 0.1ms | Allocations: 29)
[f1b8eb84-c55c-4d0d-b5f8-fdd3305f340d]   Rendered shared/_match_card.html.erb (Duration: 0.1ms | Allocations: 26)
[f1b8eb84-c55c-4d0d-b5f8-fdd3305f340d]   Rendered shared/_match_card.html.erb (Duration: 0.1ms | Allocations: 30)
[f1b8eb84-c55c-4d0d-b5f8-fdd3305f340d]   Rendered shared/_match_card.html.erb (Duration: 0.3ms | Allocations: 28)
[f1b8eb84-c55c-4d0d-b5f8-fdd3305f340d]   Rendered shared/_match_card.html.erb (Duration: 0.3ms | Allocations: 29)
[f1b8eb84-c55c-4d0d-b5f8-fdd3305f340d]   Rendered shared/_match_card.html.erb (Duration: 0.2ms | Allocations: 29)
[f1b8eb84-c55c-4d0d-b5f8-fdd3305f340d]   Rendered shared/_match_card.html.erb (Duration: 0.1ms | Allocations: 29)
[f1b8eb84-c55c-4d0d-b5f8-fdd3305f340d]   Rendered shared/_match_card.html.erb (Duration: 0.1ms | Allocations: 29)
[f1b8eb84-c55c-4d0d-b5f8-fdd3305f340d]   Rendered shared/_match_card.html.erb (Duration: 0.1ms | Allocations: 26)
[f1b8eb84-c55c-4d0d-b5f8-fdd3305f340d]   Rendered shared/_match_card.html.erb (Duration: 0.1ms | Allocations: 28)
[f1b8eb84-c55c-4d0d-b5f8-fdd3305f340d]   Rendered shared/_match_card.html.erb (Duration: 0.1ms | Allocations: 26)
[f1b8eb84-c55c-4d0d-b5f8-fdd3305f340d]   Rendered shared/_match_card.html.erb (Duration: 0.2ms | Allocations: 28)
[f1b8eb84-c55c-4d0d-b5f8-fdd3305f340d]   Rendered shared/_match_card.html.erb (Duration: 0.1ms | Allocations: 26)
[f1b8eb84-c55c-4d0d-b5f8-fdd3305f340d]   Rendered shared/_match_card.html.erb (Duration: 0.1ms | Allocations: 28)
[f1b8eb84-c55c-4d0d-b5f8-fdd3305f340d]   Rendered shared/_match_card.html.erb (Duration: 0.2ms | Allocations: 28)
[f1b8eb84-c55c-4d0d-b5f8-fdd3305f340d]   Rendered shared/_match_card.html.erb (Duration: 0.1ms | Allocations: 28)
[f1b8eb84-c55c-4d0d-b5f8-fdd3305f340d]   Rendered shared/_match_card.html.erb (Duration: 0.1ms | Allocations: 26)
[f1b8eb84-c55c-4d0d-b5f8-fdd3305f340d]   Rendered shared/_match_card.html.erb (Duration: 0.1ms | Allocations: 29)
[f1b8eb84-c55c-4d0d-b5f8-fdd3305f340d]   Rendered shared/_match_card.html.erb (Duration: 0.1ms | Allocations: 28)
[f1b8eb84-c55c-4d0d-b5f8-fdd3305f340d]   Rendered shared/_match_card.html.erb (Duration: 0.1ms | Allocations: 26)
[f1b8eb84-c55c-4d0d-b5f8-fdd3305f340d]   Rendered shared/_match_card.html.erb (Duration: 0.1ms | Allocations: 28)
[f1b8eb84-c55c-4d0d-b5f8-fdd3305f340d]   Rendered shared/_match_card.html.erb (Duration: 0.1ms | Allocations: 26)
[f1b8eb84-c55c-4d0d-b5f8-fdd3305f340d]   Rendered shared/_match_card.html.erb (Duration: 0.1ms | Allocations: 26)
[f1b8eb84-c55c-4d0d-b5f8-fdd3305f340d]   Rendered shared/_match_card.html.erb (Duration: 0.0ms | Allocations: 28)
[f1b8eb84-c55c-4d0d-b5f8-fdd3305f340d]   Rendered shared/_match_card.html.erb (Duration: 0.2ms | Allocations: 29)
[f1b8eb84-c55c-4d0d-b5f8-fdd3305f340d]   Rendered shared/_match_card.html.erb (Duration: 0.4ms | Allocations: 26)
[f1b8eb84-c55c-4d0d-b5f8-fdd3305f340d]   Rendered shared/_match_card.html.erb (Duration: 0.2ms | Allocations: 29)
[f1b8eb84-c55c-4d0d-b5f8-fdd3305f340d]   Rendered shared/_match_card.html.erb (Duration: 0.1ms | Allocations: 28)
[f1b8eb84-c55c-4d0d-b5f8-fdd3305f340d]   Rendered shared/_match_card.html.erb (Duration: 0.1ms | Allocations: 29)
[f1b8eb84-c55c-4d0d-b5f8-fdd3305f340d]   Rendered shared/_match_card.html.erb (Duration: 0.1ms | Allocations: 28)
[f1b8eb84-c55c-4d0d-b5f8-fdd3305f340d]   Rendered shared/_match_card.html.erb (Duration: 0.1ms | Allocations: 29)
[f1b8eb84-c55c-4d0d-b5f8-fdd3305f340d]   Rendered shared/_match_card.html.erb (Duration: 0.1ms | Allocations: 28)
[f1b8eb84-c55c-4d0d-b5f8-fdd3305f340d]   Rendered shared/_match_card.html.erb (Duration: 0.1ms | Allocations: 28)
[f1b8eb84-c55c-4d0d-b5f8-fdd3305f340d]   Rendered shared/_match_card.html.erb (Duration: 0.2ms | Allocations: 29)
[f1b8eb84-c55c-4d0d-b5f8-fdd3305f340d]   Rendered shared/_match_card.html.erb (Duration: 0.1ms | Allocations: 28)
[f1b8eb84-c55c-4d0d-b5f8-fdd3305f340d]   Rendered shared/_match_card.html.erb (Duration: 0.1ms | Allocations: 26)
[f1b8eb84-c55c-4d0d-b5f8-fdd3305f340d]   Rendered shared/_match_card.html.erb (Duration: 0.1ms | Allocations: 29)
[f1b8eb84-c55c-4d0d-b5f8-fdd3305f340d]   Rendered matches/index.html.erb within layouts/application (Duration: 56.6ms | Allocations: 6793)
[f1b8eb84-c55c-4d0d-b5f8-fdd3305f340d]   Rendered layout layouts/application.html.erb (Duration: 72.2ms | Allocations: 8855)
[f1b8eb84-c55c-4d0d-b5f8-fdd3305f340d] Completed 200 OK in 515ms (Views: 73.6ms | Allocations: 11613)


[74b624c7-570c-4478-88b9-1b5dce444e56] Started GET "/" for ::1 at 2026-06-11 13:40:08 -0600
[74b624c7-570c-4478-88b9-1b5dce444e56] Processing by DashboardController#index as HTML
[74b624c7-570c-4478-88b9-1b5dce444e56]   Rendering layout layouts/application.html.erb
[74b624c7-570c-4478-88b9-1b5dce444e56]   Rendering dashboard/index.html.erb within layouts/application
[74b624c7-570c-4478-88b9-1b5dce444e56]   Rendered dashboard/index.html.erb within layouts/application (Duration: 0.7ms | Allocations: 202)
[74b624c7-570c-4478-88b9-1b5dce444e56]   Rendered layout layouts/application.html.erb (Duration: 13.8ms | Allocations: 2266)
[74b624c7-570c-4478-88b9-1b5dce444e56] Completed 200 OK in 312ms (Views: 15.6ms | Allocations: 3618)


[de489ba4-a04a-4364-93fe-0b3cc9e135e0] Started GET "/admin" for ::1 at 2026-06-11 13:44:47 -0600
[de489ba4-a04a-4364-93fe-0b3cc9e135e0] Processing by AdminController#index as HTML
[de489ba4-a04a-4364-93fe-0b3cc9e135e0]   Rendering layout layouts/application.html.erb
[de489ba4-a04a-4364-93fe-0b3cc9e135e0]   Rendering admin/index.html.erb within layouts/application
[de489ba4-a04a-4364-93fe-0b3cc9e135e0]   Rendered admin/index.html.erb within layouts/application (Duration: 1.9ms | Allocations: 696)
[de489ba4-a04a-4364-93fe-0b3cc9e135e0]   Rendered layout layouts/application.html.erb (Duration: 17.2ms | Allocations: 2484)
[de489ba4-a04a-4364-93fe-0b3cc9e135e0] Completed 200 OK in 787ms (Views: 19.7ms | Allocations: 4610)


[2cd87e3a-81a9-4bcf-b780-a3e106c6a0de] Started POST "/admin/reset_groups" for ::1 at 2026-06-11 13:44:49 -0600
[2cd87e3a-81a9-4bcf-b780-a3e106c6a0de] Processing by AdminController#reset_groups as HTML
[2cd87e3a-81a9-4bcf-b780-a3e106c6a0de]   Parameters: {"authenticity_token" => "D4NAgdDfVojruzeejbnA59Apd33qGTJylnbAMqnXqHdaZucmoUEbJrVcfuXxnpMWtZy39K-lIz6vbFsmKHvx3A", "button" => ""}
[2cd87e3a-81a9-4bcf-b780-a3e106c6a0de] Redirected to http://localhost:4000/admin
[2cd87e3a-81a9-4bcf-b780-a3e106c6a0de] Completed 302 Found in 127ms (Allocations: 818)


[bb396068-9cf8-4089-90e5-0c2676491b1f] Started GET "/admin" for ::1 at 2026-06-11 13:44:49 -0600
[bb396068-9cf8-4089-90e5-0c2676491b1f] Processing by AdminController#index as HTML
[bb396068-9cf8-4089-90e5-0c2676491b1f]   Rendering layout layouts/application.html.erb
[bb396068-9cf8-4089-90e5-0c2676491b1f]   Rendering admin/index.html.erb within layouts/application
[bb396068-9cf8-4089-90e5-0c2676491b1f]   Rendered admin/index.html.erb within layouts/application (Duration: 2.6ms | Allocations: 711)
[bb396068-9cf8-4089-90e5-0c2676491b1f]   Rendered layout layouts/application.html.erb (Duration: 16.6ms | Allocations: 2500)
[bb396068-9cf8-4089-90e5-0c2676491b1f] Completed 200 OK in 313ms (Views: 18.3ms | Allocations: 4614)


[c2a804df-0330-41de-a324-027311a1baeb] Started GET "/knockout" for ::1 at 2026-06-11 13:44:52 -0600
[c2a804df-0330-41de-a324-027311a1baeb] Processing by KnockoutController#index as HTML
[c2a804df-0330-41de-a324-027311a1baeb]   Rendering layout layouts/application.html.erb
[c2a804df-0330-41de-a324-027311a1baeb]   Rendering knockout/index.html.erb within layouts/application
[c2a804df-0330-41de-a324-027311a1baeb]   Rendered knockout/index.html.erb within layouts/application (Duration: 0.3ms | Allocations: 50)
[c2a804df-0330-41de-a324-027311a1baeb]   Rendered layout layouts/application.html.erb (Duration: 14.1ms | Allocations: 2116)
[c2a804df-0330-41de-a324-027311a1baeb] Completed 200 OK in 347ms (Views: 16.5ms | Allocations: 3456)


[7d0f189b-10ea-4240-a787-7ef4c559d30b] Started GET "/admin" for ::1 at 2026-06-11 13:44:53 -0600
[7d0f189b-10ea-4240-a787-7ef4c559d30b] Processing by AdminController#index as HTML
[7d0f189b-10ea-4240-a787-7ef4c559d30b]   Rendering layout layouts/application.html.erb
[7d0f189b-10ea-4240-a787-7ef4c559d30b]   Rendering admin/index.html.erb within layouts/application
[7d0f189b-10ea-4240-a787-7ef4c559d30b]   Rendered admin/index.html.erb within layouts/application (Duration: 2.4ms | Allocations: 699)
[7d0f189b-10ea-4240-a787-7ef4c559d30b]   Rendered layout layouts/application.html.erb (Duration: 21.1ms | Allocations: 2486)
[7d0f189b-10ea-4240-a787-7ef4c559d30b] Completed 200 OK in 462ms (Views: 24.2ms | Allocations: 4600)


[b2604a01-73ef-4e34-abb9-f80f7750d024] Started POST "/admin/simulate" for ::1 at 2026-06-11 13:44:56 -0600
[b2604a01-73ef-4e34-abb9-f80f7750d024] Processing by AdminController#simulate as HTML
[b2604a01-73ef-4e34-abb9-f80f7750d024]   Parameters: {"authenticity_token" => "SnhBdqld_Lc81iDaANZdd3pwVk3yZSbYiWVkekz72fYodj_wXDVfOOD5MSa1VlY2pDwG2IK6db9GWjC0_RkdDw", "button" => ""}
[b2604a01-73ef-4e34-abb9-f80f7750d024] Redirected to http://localhost:4000/admin
[b2604a01-73ef-4e34-abb9-f80f7750d024] Completed 302 Found in 2120ms (Allocations: 1230)


[076da0b6-cc1b-43d6-8c94-94f9beefd560] Started GET "/admin" for ::1 at 2026-06-11 13:44:58 -0600
[076da0b6-cc1b-43d6-8c94-94f9beefd560] Processing by AdminController#index as HTML
[076da0b6-cc1b-43d6-8c94-94f9beefd560]   Rendering layout layouts/application.html.erb
[076da0b6-cc1b-43d6-8c94-94f9beefd560]   Rendering admin/index.html.erb within layouts/application
[076da0b6-cc1b-43d6-8c94-94f9beefd560]   Rendered admin/index.html.erb within layouts/application (Duration: 3.0ms | Allocations: 705)
[076da0b6-cc1b-43d6-8c94-94f9beefd560]   Rendered layout layouts/application.html.erb (Duration: 17.8ms | Allocations: 2494)
[076da0b6-cc1b-43d6-8c94-94f9beefd560] Completed 200 OK in 427ms (Views: 19.2ms | Allocations: 4608)


[5658f057-782f-4fc3-b0e8-4f10ff7d714d] Started GET "/knockout" for ::1 at 2026-06-11 13:45:00 -0600
[5658f057-782f-4fc3-b0e8-4f10ff7d714d] Processing by KnockoutController#index as HTML
[5658f057-782f-4fc3-b0e8-4f10ff7d714d]   Rendering layout layouts/application.html.erb
[5658f057-782f-4fc3-b0e8-4f10ff7d714d]   Rendering knockout/index.html.erb within layouts/application
[5658f057-782f-4fc3-b0e8-4f10ff7d714d]   Rendered knockout/index.html.erb within layouts/application (Duration: 0.3ms | Allocations: 481)
[5658f057-782f-4fc3-b0e8-4f10ff7d714d]   Rendered layout layouts/application.html.erb (Duration: 12.9ms | Allocations: 2560)
[5658f057-782f-4fc3-b0e8-4f10ff7d714d] Completed 200 OK in 603ms (Views: 14.4ms | Allocations: 4038)


[0484b39a-219e-4630-902a-5bbcef1b4992] Started GET "/matches" for ::1 at 2026-06-11 13:45:03 -0600
[0484b39a-219e-4630-902a-5bbcef1b4992] Processing by MatchesController#index as HTML
[0484b39a-219e-4630-902a-5bbcef1b4992]   Rendering layout layouts/application.html.erb
[0484b39a-219e-4630-902a-5bbcef1b4992]   Rendering matches/index.html.erb within layouts/application
[0484b39a-219e-4630-902a-5bbcef1b4992]   Rendered shared/_match_card.html.erb (Duration: 0.1ms | Allocations: 30)
[0484b39a-219e-4630-902a-5bbcef1b4992]   Rendered shared/_match_card.html.erb (Duration: 0.1ms | Allocations: 30)
[0484b39a-219e-4630-902a-5bbcef1b4992]   Rendered shared/_match_card.html.erb (Duration: 0.1ms | Allocations: 30)
[0484b39a-219e-4630-902a-5bbcef1b4992]   Rendered shared/_match_card.html.erb (Duration: 0.2ms | Allocations: 30)
[0484b39a-219e-4630-902a-5bbcef1b4992]   Rendered shared/_match_card.html.erb (Duration: 0.2ms | Allocations: 28)
[0484b39a-219e-4630-902a-5bbcef1b4992]   Rendered shared/_match_card.html.erb (Duration: 0.1ms | Allocations: 28)
[0484b39a-219e-4630-902a-5bbcef1b4992]   Rendered shared/_match_card.html.erb (Duration: 0.1ms | Allocations: 30)
[0484b39a-219e-4630-902a-5bbcef1b4992]   Rendered shared/_match_card.html.erb (Duration: 0.1ms | Allocations: 30)
[0484b39a-219e-4630-902a-5bbcef1b4992]   Rendered shared/_match_card.html.erb (Duration: 0.1ms | Allocations: 29)
[0484b39a-219e-4630-902a-5bbcef1b4992]   Rendered shared/_match_card.html.erb (Duration: 0.1ms | Allocations: 29)
[0484b39a-219e-4630-902a-5bbcef1b4992]   Rendered shared/_match_card.html.erb (Duration: 0.1ms | Allocations: 28)
[0484b39a-219e-4630-902a-5bbcef1b4992]   Rendered shared/_match_card.html.erb (Duration: 0.1ms | Allocations: 29)
[0484b39a-219e-4630-902a-5bbcef1b4992]   Rendered shared/_match_card.html.erb (Duration: 0.1ms | Allocations: 28)
[0484b39a-219e-4630-902a-5bbcef1b4992]   Rendered shared/_match_card.html.erb (Duration: 0.1ms | Allocations: 26)
[0484b39a-219e-4630-902a-5bbcef1b4992]   Rendered shared/_match_card.html.erb (Duration: 0.1ms | Allocations: 29)
[0484b39a-219e-4630-902a-5bbcef1b4992]   Rendered shared/_match_card.html.erb (Duration: 0.1ms | Allocations: 26)
[0484b39a-219e-4630-902a-5bbcef1b4992]   Rendered shared/_match_card.html.erb (Duration: 0.1ms | Allocations: 29)
[0484b39a-219e-4630-902a-5bbcef1b4992]   Rendered shared/_match_card.html.erb (Duration: 0.1ms | Allocations: 29)
[0484b39a-219e-4630-902a-5bbcef1b4992]   Rendered shared/_match_card.html.erb (Duration: 0.1ms | Allocations: 28)
[0484b39a-219e-4630-902a-5bbcef1b4992]   Rendered shared/_match_card.html.erb (Duration: 0.1ms | Allocations: 29)
[0484b39a-219e-4630-902a-5bbcef1b4992]   Rendered shared/_match_card.html.erb (Duration: 0.1ms | Allocations: 29)
[0484b39a-219e-4630-902a-5bbcef1b4992]   Rendered shared/_match_card.html.erb (Duration: 0.1ms | Allocations: 29)
[0484b39a-219e-4630-902a-5bbcef1b4992]   Rendered shared/_match_card.html.erb (Duration: 0.1ms | Allocations: 29)
[0484b39a-219e-4630-902a-5bbcef1b4992]   Rendered shared/_match_card.html.erb (Duration: 0.1ms | Allocations: 28)
[0484b39a-219e-4630-902a-5bbcef1b4992]   Rendered shared/_match_card.html.erb (Duration: 0.2ms | Allocations: 28)
[0484b39a-219e-4630-902a-5bbcef1b4992]   Rendered shared/_match_card.html.erb (Duration: 0.1ms | Allocations: 28)
[0484b39a-219e-4630-902a-5bbcef1b4992]   Rendered shared/_match_card.html.erb (Duration: 0.1ms | Allocations: 28)
[0484b39a-219e-4630-902a-5bbcef1b4992]   Rendered shared/_match_card.html.erb (Duration: 0.1ms | Allocations: 26)
[0484b39a-219e-4630-902a-5bbcef1b4992]   Rendered shared/_match_card.html.erb (Duration: 0.1ms | Allocations: 29)
[0484b39a-219e-4630-902a-5bbcef1b4992]   Rendered shared/_match_card.html.erb (Duration: 0.1ms | Allocations: 28)
[0484b39a-219e-4630-902a-5bbcef1b4992]   Rendered shared/_match_card.html.erb (Duration: 0.1ms | Allocations: 30)
[0484b39a-219e-4630-902a-5bbcef1b4992]   Rendered shared/_match_card.html.erb (Duration: 0.1ms | Allocations: 29)
[0484b39a-219e-4630-902a-5bbcef1b4992]   Rendered shared/_match_card.html.erb (Duration: 0.1ms | Allocations: 26)
[0484b39a-219e-4630-902a-5bbcef1b4992]   Rendered shared/_match_card.html.erb (Duration: 0.1ms | Allocations: 28)
[0484b39a-219e-4630-902a-5bbcef1b4992]   Rendered shared/_match_card.html.erb (Duration: 0.1ms | Allocations: 29)
[0484b39a-219e-4630-902a-5bbcef1b4992]   Rendered shared/_match_card.html.erb (Duration: 0.2ms | Allocations: 29)
[0484b39a-219e-4630-902a-5bbcef1b4992]   Rendered shared/_match_card.html.erb (Duration: 0.1ms | Allocations: 28)
[0484b39a-219e-4630-902a-5bbcef1b4992]   Rendered shared/_match_card.html.erb (Duration: 0.1ms | Allocations: 30)
[0484b39a-219e-4630-902a-5bbcef1b4992]   Rendered shared/_match_card.html.erb (Duration: 0.2ms | Allocations: 29)
[0484b39a-219e-4630-902a-5bbcef1b4992]   Rendered shared/_match_card.html.erb (Duration: 0.1ms | Allocations: 29)
[0484b39a-219e-4630-902a-5bbcef1b4992]   Rendered shared/_match_card.html.erb (Duration: 0.1ms | Allocations: 28)
[0484b39a-219e-4630-902a-5bbcef1b4992]   Rendered shared/_match_card.html.erb (Duration: 0.1ms | Allocations: 29)
[0484b39a-219e-4630-902a-5bbcef1b4992]   Rendered shared/_match_card.html.erb (Duration: 0.1ms | Allocations: 26)
[0484b39a-219e-4630-902a-5bbcef1b4992]   Rendered shared/_match_card.html.erb (Duration: 0.1ms | Allocations: 30)
[0484b39a-219e-4630-902a-5bbcef1b4992]   Rendered shared/_match_card.html.erb (Duration: 0.1ms | Allocations: 29)
[0484b39a-219e-4630-902a-5bbcef1b4992]   Rendered shared/_match_card.html.erb (Duration: 0.1ms | Allocations: 29)
[0484b39a-219e-4630-902a-5bbcef1b4992]   Rendered shared/_match_card.html.erb (Duration: 0.1ms | Allocations: 26)
[0484b39a-219e-4630-902a-5bbcef1b4992]   Rendered shared/_match_card.html.erb (Duration: 0.1ms | Allocations: 28)
[0484b39a-219e-4630-902a-5bbcef1b4992]   Rendered shared/_match_card.html.erb (Duration: 0.1ms | Allocations: 26)
[0484b39a-219e-4630-902a-5bbcef1b4992]   Rendered shared/_match_card.html.erb (Duration: 0.1ms | Allocations: 26)
[0484b39a-219e-4630-902a-5bbcef1b4992]   Rendered shared/_match_card.html.erb (Duration: 0.1ms | Allocations: 28)
[0484b39a-219e-4630-902a-5bbcef1b4992]   Rendered shared/_match_card.html.erb (Duration: 0.1ms | Allocations: 28)
[0484b39a-219e-4630-902a-5bbcef1b4992]   Rendered shared/_match_card.html.erb (Duration: 0.1ms | Allocations: 28)
[0484b39a-219e-4630-902a-5bbcef1b4992]   Rendered shared/_match_card.html.erb (Duration: 0.1ms | Allocations: 29)
[0484b39a-219e-4630-902a-5bbcef1b4992]   Rendered shared/_match_card.html.erb (Duration: 0.1ms | Allocations: 26)
[0484b39a-219e-4630-902a-5bbcef1b4992]   Rendered shared/_match_card.html.erb (Duration: 0.1ms | Allocations: 28)
[0484b39a-219e-4630-902a-5bbcef1b4992]   Rendered shared/_match_card.html.erb (Duration: 0.1ms | Allocations: 29)
[0484b39a-219e-4630-902a-5bbcef1b4992]   Rendered shared/_match_card.html.erb (Duration: 0.1ms | Allocations: 28)
[0484b39a-219e-4630-902a-5bbcef1b4992]   Rendered shared/_match_card.html.erb (Duration: 0.1ms | Allocations: 29)
[0484b39a-219e-4630-902a-5bbcef1b4992]   Rendered shared/_match_card.html.erb (Duration: 0.2ms | Allocations: 28)
[0484b39a-219e-4630-902a-5bbcef1b4992]   Rendered shared/_match_card.html.erb (Duration: 0.1ms | Allocations: 26)
[0484b39a-219e-4630-902a-5bbcef1b4992]   Rendered shared/_match_card.html.erb (Duration: 0.2ms | Allocations: 29)
[0484b39a-219e-4630-902a-5bbcef1b4992]   Rendered shared/_match_card.html.erb (Duration: 0.2ms | Allocations: 29)
[0484b39a-219e-4630-902a-5bbcef1b4992]   Rendered shared/_match_card.html.erb (Duration: 0.1ms | Allocations: 29)
[0484b39a-219e-4630-902a-5bbcef1b4992]   Rendered shared/_match_card.html.erb (Duration: 0.1ms | Allocations: 28)
[0484b39a-219e-4630-902a-5bbcef1b4992]   Rendered shared/_match_card.html.erb (Duration: 0.0ms | Allocations: 29)
[0484b39a-219e-4630-902a-5bbcef1b4992]   Rendered shared/_match_card.html.erb (Duration: 0.1ms | Allocations: 29)
[0484b39a-219e-4630-902a-5bbcef1b4992]   Rendered shared/_match_card.html.erb (Duration: 0.1ms | Allocations: 28)
[0484b39a-219e-4630-902a-5bbcef1b4992]   Rendered shared/_match_card.html.erb (Duration: 0.1ms | Allocations: 29)
[0484b39a-219e-4630-902a-5bbcef1b4992]   Rendered shared/_match_card.html.erb (Duration: 0.0ms | Allocations: 29)
[0484b39a-219e-4630-902a-5bbcef1b4992]   Rendered shared/_match_card.html.erb (Duration: 0.0ms | Allocations: 26)
[0484b39a-219e-4630-902a-5bbcef1b4992]   Rendered shared/_match_card.html.erb (Duration: 0.1ms | Allocations: 29)
[0484b39a-219e-4630-902a-5bbcef1b4992]   Rendered matches/index.html.erb within layouts/application (Duration: 53.8ms | Allocations: 6808)
[0484b39a-219e-4630-902a-5bbcef1b4992]   Rendered layout layouts/application.html.erb (Duration: 67.1ms | Allocations: 8874)
[0484b39a-219e-4630-902a-5bbcef1b4992] Completed 200 OK in 598ms (Views: 68.5ms | Allocations: 11647)


[1c4ed660-5087-40d2-96a8-e634b59b2eba] Started GET "/groups" for ::1 at 2026-06-11 13:45:06 -0600
[1c4ed660-5087-40d2-96a8-e634b59b2eba] Processing by GroupsController#index as HTML
[1c4ed660-5087-40d2-96a8-e634b59b2eba]   Rendering layout layouts/application.html.erb
[1c4ed660-5087-40d2-96a8-e634b59b2eba]   Rendering groups/index.html.erb within layouts/application
[1c4ed660-5087-40d2-96a8-e634b59b2eba]   Rendered shared/_standings_table.html.erb (Duration: 0.1ms | Allocations: 108)
[1c4ed660-5087-40d2-96a8-e634b59b2eba]   Rendered shared/_standings_table.html.erb (Duration: 0.2ms | Allocations: 110)
[1c4ed660-5087-40d2-96a8-e634b59b2eba]   Rendered shared/_standings_table.html.erb (Duration: 0.1ms | Allocations: 106)
[1c4ed660-5087-40d2-96a8-e634b59b2eba]   Rendered shared/_standings_table.html.erb (Duration: 0.2ms | Allocations: 109)
[1c4ed660-5087-40d2-96a8-e634b59b2eba]   Rendered shared/_standings_table.html.erb (Duration: 0.2ms | Allocations: 105)
[1c4ed660-5087-40d2-96a8-e634b59b2eba]   Rendered shared/_standings_table.html.erb (Duration: 0.1ms | Allocations: 107)
[1c4ed660-5087-40d2-96a8-e634b59b2eba]   Rendered shared/_standings_table.html.erb (Duration: 0.1ms | Allocations: 108)
[1c4ed660-5087-40d2-96a8-e634b59b2eba]   Rendered shared/_standings_table.html.erb (Duration: 0.1ms | Allocations: 106)
[1c4ed660-5087-40d2-96a8-e634b59b2eba]   Rendered shared/_standings_table.html.erb (Duration: 0.1ms | Allocations: 107)
[1c4ed660-5087-40d2-96a8-e634b59b2eba]   Rendered shared/_standings_table.html.erb (Duration: 0.2ms | Allocations: 108)
[1c4ed660-5087-40d2-96a8-e634b59b2eba]   Rendered shared/_standings_table.html.erb (Duration: 0.1ms | Allocations: 105)
[1c4ed660-5087-40d2-96a8-e634b59b2eba]   Rendered shared/_standings_table.html.erb (Duration: 0.2ms | Allocations: 109)
[1c4ed660-5087-40d2-96a8-e634b59b2eba]   Rendered groups/index.html.erb within layouts/application (Duration: 13.2ms | Allocations: 2872)
[1c4ed660-5087-40d2-96a8-e634b59b2eba]   Rendered layout layouts/application.html.erb (Duration: 27.5ms | Allocations: 4939)
[1c4ed660-5087-40d2-96a8-e634b59b2eba] Completed 200 OK in 206ms (Views: 29.1ms | Allocations: 7154)


[9df268d3-b5d8-45d0-8319-daa5f4fd14b0] Started GET "/matches" for ::1 at 2026-06-11 13:45:11 -0600
[9df268d3-b5d8-45d0-8319-daa5f4fd14b0] Processing by MatchesController#index as HTML
[9df268d3-b5d8-45d0-8319-daa5f4fd14b0]   Rendering layout layouts/application.html.erb
[9df268d3-b5d8-45d0-8319-daa5f4fd14b0]   Rendering matches/index.html.erb within layouts/application
[9df268d3-b5d8-45d0-8319-daa5f4fd14b0]   Rendered shared/_match_card.html.erb (Duration: 0.1ms | Allocations: 30)
[9df268d3-b5d8-45d0-8319-daa5f4fd14b0]   Rendered shared/_match_card.html.erb (Duration: 0.1ms | Allocations: 30)
[9df268d3-b5d8-45d0-8319-daa5f4fd14b0]   Rendered shared/_match_card.html.erb (Duration: 0.1ms | Allocations: 30)
[9df268d3-b5d8-45d0-8319-daa5f4fd14b0]   Rendered shared/_match_card.html.erb (Duration: 0.1ms | Allocations: 30)
[9df268d3-b5d8-45d0-8319-daa5f4fd14b0]   Rendered shared/_match_card.html.erb (Duration: 0.1ms | Allocations: 28)
[9df268d3-b5d8-45d0-8319-daa5f4fd14b0]   Rendered shared/_match_card.html.erb (Duration: 0.1ms | Allocations: 28)
[9df268d3-b5d8-45d0-8319-daa5f4fd14b0]   Rendered shared/_match_card.html.erb (Duration: 0.2ms | Allocations: 30)
[9df268d3-b5d8-45d0-8319-daa5f4fd14b0]   Rendered shared/_match_card.html.erb (Duration: 0.1ms | Allocations: 30)
[9df268d3-b5d8-45d0-8319-daa5f4fd14b0]   Rendered shared/_match_card.html.erb (Duration: 0.1ms | Allocations: 29)
[9df268d3-b5d8-45d0-8319-daa5f4fd14b0]   Rendered shared/_match_card.html.erb (Duration: 0.1ms | Allocations: 29)
[9df268d3-b5d8-45d0-8319-daa5f4fd14b0]   Rendered shared/_match_card.html.erb (Duration: 0.1ms | Allocations: 28)
[9df268d3-b5d8-45d0-8319-daa5f4fd14b0]   Rendered shared/_match_card.html.erb (Duration: 0.1ms | Allocations: 29)
[9df268d3-b5d8-45d0-8319-daa5f4fd14b0]   Rendered shared/_match_card.html.erb (Duration: 0.1ms | Allocations: 28)
[9df268d3-b5d8-45d0-8319-daa5f4fd14b0]   Rendered shared/_match_card.html.erb (Duration: 0.1ms | Allocations: 26)
[9df268d3-b5d8-45d0-8319-daa5f4fd14b0]   Rendered shared/_match_card.html.erb (Duration: 0.1ms | Allocations: 29)
[9df268d3-b5d8-45d0-8319-daa5f4fd14b0]   Rendered shared/_match_card.html.erb (Duration: 0.1ms | Allocations: 26)
[9df268d3-b5d8-45d0-8319-daa5f4fd14b0]   Rendered shared/_match_card.html.erb (Duration: 0.1ms | Allocations: 29)
[9df268d3-b5d8-45d0-8319-daa5f4fd14b0]   Rendered shared/_match_card.html.erb (Duration: 0.1ms | Allocations: 29)
[9df268d3-b5d8-45d0-8319-daa5f4fd14b0]   Rendered shared/_match_card.html.erb (Duration: 0.1ms | Allocations: 28)
[9df268d3-b5d8-45d0-8319-daa5f4fd14b0]   Rendered shared/_match_card.html.erb (Duration: 0.1ms | Allocations: 29)
[9df268d3-b5d8-45d0-8319-daa5f4fd14b0]   Rendered shared/_match_card.html.erb (Duration: 0.1ms | Allocations: 29)
[9df268d3-b5d8-45d0-8319-daa5f4fd14b0]   Rendered shared/_match_card.html.erb (Duration: 0.0ms | Allocations: 29)
[9df268d3-b5d8-45d0-8319-daa5f4fd14b0]   Rendered shared/_match_card.html.erb (Duration: 0.1ms | Allocations: 29)
[9df268d3-b5d8-45d0-8319-daa5f4fd14b0]   Rendered shared/_match_card.html.erb (Duration: 0.1ms | Allocations: 28)
[9df268d3-b5d8-45d0-8319-daa5f4fd14b0]   Rendered shared/_match_card.html.erb (Duration: 0.1ms | Allocations: 28)
[9df268d3-b5d8-45d0-8319-daa5f4fd14b0]   Rendered shared/_match_card.html.erb (Duration: 0.1ms | Allocations: 28)
[9df268d3-b5d8-45d0-8319-daa5f4fd14b0]   Rendered shared/_match_card.html.erb (Duration: 0.2ms | Allocations: 28)
[9df268d3-b5d8-45d0-8319-daa5f4fd14b0]   Rendered shared/_match_card.html.erb (Duration: 0.1ms | Allocations: 26)
[9df268d3-b5d8-45d0-8319-daa5f4fd14b0]   Rendered shared/_match_card.html.erb (Duration: 0.1ms | Allocations: 29)
[9df268d3-b5d8-45d0-8319-daa5f4fd14b0]   Rendered shared/_match_card.html.erb (Duration: 0.1ms | Allocations: 28)
[9df268d3-b5d8-45d0-8319-daa5f4fd14b0]   Rendered shared/_match_card.html.erb (Duration: 0.1ms | Allocations: 30)
[9df268d3-b5d8-45d0-8319-daa5f4fd14b0]   Rendered shared/_match_card.html.erb (Duration: 0.1ms | Allocations: 29)
[9df268d3-b5d8-45d0-8319-daa5f4fd14b0]   Rendered shared/_match_card.html.erb (Duration: 0.1ms | Allocations: 26)
[9df268d3-b5d8-45d0-8319-daa5f4fd14b0]   Rendered shared/_match_card.html.erb (Duration: 0.1ms | Allocations: 28)
[9df268d3-b5d8-45d0-8319-daa5f4fd14b0]   Rendered shared/_match_card.html.erb (Duration: 0.1ms | Allocations: 29)
[9df268d3-b5d8-45d0-8319-daa5f4fd14b0]   Rendered shared/_match_card.html.erb (Duration: 0.1ms | Allocations: 29)
[9df268d3-b5d8-45d0-8319-daa5f4fd14b0]   Rendered shared/_match_card.html.erb (Duration: 0.1ms | Allocations: 28)
[9df268d3-b5d8-45d0-8319-daa5f4fd14b0]   Rendered shared/_match_card.html.erb (Duration: 0.1ms | Allocations: 30)
[9df268d3-b5d8-45d0-8319-daa5f4fd14b0]   Rendered shared/_match_card.html.erb (Duration: 0.2ms | Allocations: 29)
[9df268d3-b5d8-45d0-8319-daa5f4fd14b0]   Rendered shared/_match_card.html.erb (Duration: 0.1ms | Allocations: 29)
[9df268d3-b5d8-45d0-8319-daa5f4fd14b0]   Rendered shared/_match_card.html.erb (Duration: 0.1ms | Allocations: 28)
[9df268d3-b5d8-45d0-8319-daa5f4fd14b0]   Rendered shared/_match_card.html.erb (Duration: 0.1ms | Allocations: 29)
[9df268d3-b5d8-45d0-8319-daa5f4fd14b0]   Rendered shared/_match_card.html.erb (Duration: 0.1ms | Allocations: 26)
[9df268d3-b5d8-45d0-8319-daa5f4fd14b0]   Rendered shared/_match_card.html.erb (Duration: 0.1ms | Allocations: 30)
[9df268d3-b5d8-45d0-8319-daa5f4fd14b0]   Rendered shared/_match_card.html.erb (Duration: 0.1ms | Allocations: 29)
[9df268d3-b5d8-45d0-8319-daa5f4fd14b0]   Rendered shared/_match_card.html.erb (Duration: 0.1ms | Allocations: 29)
[9df268d3-b5d8-45d0-8319-daa5f4fd14b0]   Rendered shared/_match_card.html.erb (Duration: 0.1ms | Allocations: 26)
[9df268d3-b5d8-45d0-8319-daa5f4fd14b0]   Rendered shared/_match_card.html.erb (Duration: 0.1ms | Allocations: 28)
[9df268d3-b5d8-45d0-8319-daa5f4fd14b0]   Rendered shared/_match_card.html.erb (Duration: 0.1ms | Allocations: 26)
[9df268d3-b5d8-45d0-8319-daa5f4fd14b0]   Rendered shared/_match_card.html.erb (Duration: 0.1ms | Allocations: 26)
[9df268d3-b5d8-45d0-8319-daa5f4fd14b0]   Rendered shared/_match_card.html.erb (Duration: 0.1ms | Allocations: 28)
[9df268d3-b5d8-45d0-8319-daa5f4fd14b0]   Rendered shared/_match_card.html.erb (Duration: 0.1ms | Allocations: 28)
[9df268d3-b5d8-45d0-8319-daa5f4fd14b0]   Rendered shared/_match_card.html.erb (Duration: 0.4ms | Allocations: 28)
[9df268d3-b5d8-45d0-8319-daa5f4fd14b0]   Rendered shared/_match_card.html.erb (Duration: 0.1ms | Allocations: 29)
[9df268d3-b5d8-45d0-8319-daa5f4fd14b0]   Rendered shared/_match_card.html.erb (Duration: 0.0ms | Allocations: 26)
[9df268d3-b5d8-45d0-8319-daa5f4fd14b0]   Rendered shared/_match_card.html.erb (Duration: 0.1ms | Allocations: 28)
[9df268d3-b5d8-45d0-8319-daa5f4fd14b0]   Rendered shared/_match_card.html.erb (Duration: 0.1ms | Allocations: 29)
[9df268d3-b5d8-45d0-8319-daa5f4fd14b0]   Rendered shared/_match_card.html.erb (Duration: 0.1ms | Allocations: 28)
[9df268d3-b5d8-45d0-8319-daa5f4fd14b0]   Rendered shared/_match_card.html.erb (Duration: 0.1ms | Allocations: 29)
[9df268d3-b5d8-45d0-8319-daa5f4fd14b0]   Rendered shared/_match_card.html.erb (Duration: 0.3ms | Allocations: 28)
[9df268d3-b5d8-45d0-8319-daa5f4fd14b0]   Rendered shared/_match_card.html.erb (Duration: 0.1ms | Allocations: 26)
[9df268d3-b5d8-45d0-8319-daa5f4fd14b0]   Rendered shared/_match_card.html.erb (Duration: 0.3ms | Allocations: 29)
[9df268d3-b5d8-45d0-8319-daa5f4fd14b0]   Rendered shared/_match_card.html.erb (Duration: 0.1ms | Allocations: 29)
[9df268d3-b5d8-45d0-8319-daa5f4fd14b0]   Rendered shared/_match_card.html.erb (Duration: 0.1ms | Allocations: 29)
[9df268d3-b5d8-45d0-8319-daa5f4fd14b0]   Rendered shared/_match_card.html.erb (Duration: 0.1ms | Allocations: 28)
[9df268d3-b5d8-45d0-8319-daa5f4fd14b0]   Rendered shared/_match_card.html.erb (Duration: 0.4ms | Allocations: 29)
[9df268d3-b5d8-45d0-8319-daa5f4fd14b0]   Rendered shared/_match_card.html.erb (Duration: 0.1ms | Allocations: 29)
[9df268d3-b5d8-45d0-8319-daa5f4fd14b0]   Rendered shared/_match_card.html.erb (Duration: 0.1ms | Allocations: 28)
[9df268d3-b5d8-45d0-8319-daa5f4fd14b0]   Rendered shared/_match_card.html.erb (Duration: 0.1ms | Allocations: 29)
[9df268d3-b5d8-45d0-8319-daa5f4fd14b0]   Rendered shared/_match_card.html.erb (Duration: 0.1ms | Allocations: 29)
[9df268d3-b5d8-45d0-8319-daa5f4fd14b0]   Rendered shared/_match_card.html.erb (Duration: 0.2ms | Allocations: 26)
[9df268d3-b5d8-45d0-8319-daa5f4fd14b0]   Rendered shared/_match_card.html.erb (Duration: 0.3ms | Allocations: 29)
[9df268d3-b5d8-45d0-8319-daa5f4fd14b0]   Rendered matches/index.html.erb within layouts/application (Duration: 58.1ms | Allocations: 6808)
[9df268d3-b5d8-45d0-8319-daa5f4fd14b0]   Rendered layout layouts/application.html.erb (Duration: 71.0ms | Allocations: 8892)
[9df268d3-b5d8-45d0-8319-daa5f4fd14b0] Completed 200 OK in 624ms (Views: 72.8ms | Allocations: 11663)


[8f7a86c0-c6bd-4b73-b7cd-0561b82bc21f] Started GET "/knockout" for ::1 at 2026-06-11 13:45:13 -0600
[8f7a86c0-c6bd-4b73-b7cd-0561b82bc21f] Processing by KnockoutController#index as HTML
[8f7a86c0-c6bd-4b73-b7cd-0561b82bc21f]   Rendering layout layouts/application.html.erb
[8f7a86c0-c6bd-4b73-b7cd-0561b82bc21f]   Rendering knockout/index.html.erb within layouts/application
[8f7a86c0-c6bd-4b73-b7cd-0561b82bc21f]   Rendered knockout/index.html.erb within layouts/application (Duration: 0.3ms | Allocations: 481)
[8f7a86c0-c6bd-4b73-b7cd-0561b82bc21f]   Rendered layout layouts/application.html.erb (Duration: 14.4ms | Allocations: 2554)
[8f7a86c0-c6bd-4b73-b7cd-0561b82bc21f] Completed 200 OK in 289ms (Views: 15.7ms | Allocations: 4030)


[5fc3b735-2922-479f-9068-4a7208cc0c31] Started GET "/groups" for ::1 at 2026-06-11 13:45:18 -0600
[5fc3b735-2922-479f-9068-4a7208cc0c31] Processing by GroupsController#index as HTML
[5fc3b735-2922-479f-9068-4a7208cc0c31]   Rendering layout layouts/application.html.erb
[5fc3b735-2922-479f-9068-4a7208cc0c31]   Rendering groups/index.html.erb within layouts/application
[5fc3b735-2922-479f-9068-4a7208cc0c31]   Rendered shared/_standings_table.html.erb (Duration: 0.5ms | Allocations: 108)
[5fc3b735-2922-479f-9068-4a7208cc0c31]   Rendered shared/_standings_table.html.erb (Duration: 0.2ms | Allocations: 110)
[5fc3b735-2922-479f-9068-4a7208cc0c31]   Rendered shared/_standings_table.html.erb (Duration: 0.1ms | Allocations: 106)
[5fc3b735-2922-479f-9068-4a7208cc0c31]   Rendered shared/_standings_table.html.erb (Duration: 0.1ms | Allocations: 109)
[5fc3b735-2922-479f-9068-4a7208cc0c31]   Rendered shared/_standings_table.html.erb (Duration: 0.2ms | Allocations: 105)
[5fc3b735-2922-479f-9068-4a7208cc0c31]   Rendered shared/_standings_table.html.erb (Duration: 0.2ms | Allocations: 107)
[5fc3b735-2922-479f-9068-4a7208cc0c31]   Rendered shared/_standings_table.html.erb (Duration: 0.1ms | Allocations: 108)
[5fc3b735-2922-479f-9068-4a7208cc0c31]   Rendered shared/_standings_table.html.erb (Duration: 0.2ms | Allocations: 106)
[5fc3b735-2922-479f-9068-4a7208cc0c31]   Rendered shared/_standings_table.html.erb (Duration: 0.1ms | Allocations: 107)
[5fc3b735-2922-479f-9068-4a7208cc0c31]   Rendered shared/_standings_table.html.erb (Duration: 0.1ms | Allocations: 108)
[5fc3b735-2922-479f-9068-4a7208cc0c31]   Rendered shared/_standings_table.html.erb (Duration: 0.4ms | Allocations: 105)
[5fc3b735-2922-479f-9068-4a7208cc0c31]   Rendered shared/_standings_table.html.erb (Duration: 0.1ms | Allocations: 109)
[5fc3b735-2922-479f-9068-4a7208cc0c31]   Rendered groups/index.html.erb within layouts/application (Duration: 21.5ms | Allocations: 2872)
[5fc3b735-2922-479f-9068-4a7208cc0c31]   Rendered layout layouts/application.html.erb (Duration: 37.5ms | Allocations: 4937)
[5fc3b735-2922-479f-9068-4a7208cc0c31] Completed 200 OK in 227ms (Views: 39.0ms | Allocations: 7152)


[d8f4764d-d1da-412b-ab42-45af4a575cce] Started GET "/matches" for ::1 at 2026-06-11 13:45:27 -0600
[d8f4764d-d1da-412b-ab42-45af4a575cce] Processing by MatchesController#index as HTML
[d8f4764d-d1da-412b-ab42-45af4a575cce]   Rendering layout layouts/application.html.erb
[d8f4764d-d1da-412b-ab42-45af4a575cce]   Rendering matches/index.html.erb within layouts/application
[d8f4764d-d1da-412b-ab42-45af4a575cce]   Rendered shared/_match_card.html.erb (Duration: 0.1ms | Allocations: 30)
[d8f4764d-d1da-412b-ab42-45af4a575cce]   Rendered shared/_match_card.html.erb (Duration: 0.3ms | Allocations: 30)
[d8f4764d-d1da-412b-ab42-45af4a575cce]   Rendered shared/_match_card.html.erb (Duration: 0.4ms | Allocations: 30)
[d8f4764d-d1da-412b-ab42-45af4a575cce]   Rendered shared/_match_card.html.erb (Duration: 0.1ms | Allocations: 30)
[d8f4764d-d1da-412b-ab42-45af4a575cce]   Rendered shared/_match_card.html.erb (Duration: 0.1ms | Allocations: 28)
[d8f4764d-d1da-412b-ab42-45af4a575cce]   Rendered shared/_match_card.html.erb (Duration: 0.1ms | Allocations: 28)
[d8f4764d-d1da-412b-ab42-45af4a575cce]   Rendered shared/_match_card.html.erb (Duration: 0.1ms | Allocations: 30)
[d8f4764d-d1da-412b-ab42-45af4a575cce]   Rendered shared/_match_card.html.erb (Duration: 0.1ms | Allocations: 30)
[d8f4764d-d1da-412b-ab42-45af4a575cce]   Rendered shared/_match_card.html.erb (Duration: 0.2ms | Allocations: 29)
[d8f4764d-d1da-412b-ab42-45af4a575cce]   Rendered shared/_match_card.html.erb (Duration: 0.1ms | Allocations: 29)
[d8f4764d-d1da-412b-ab42-45af4a575cce]   Rendered shared/_match_card.html.erb (Duration: 0.2ms | Allocations: 28)
[d8f4764d-d1da-412b-ab42-45af4a575cce]   Rendered shared/_match_card.html.erb (Duration: 0.2ms | Allocations: 29)
[d8f4764d-d1da-412b-ab42-45af4a575cce]   Rendered shared/_match_card.html.erb (Duration: 0.1ms | Allocations: 28)
[d8f4764d-d1da-412b-ab42-45af4a575cce]   Rendered shared/_match_card.html.erb (Duration: 0.1ms | Allocations: 26)
[d8f4764d-d1da-412b-ab42-45af4a575cce]   Rendered shared/_match_card.html.erb (Duration: 0.1ms | Allocations: 29)
[d8f4764d-d1da-412b-ab42-45af4a575cce]   Rendered shared/_match_card.html.erb (Duration: 0.1ms | Allocations: 26)
[d8f4764d-d1da-412b-ab42-45af4a575cce]   Rendered shared/_match_card.html.erb (Duration: 0.1ms | Allocations: 29)
[d8f4764d-d1da-412b-ab42-45af4a575cce]   Rendered shared/_match_card.html.erb (Duration: 0.1ms | Allocations: 29)
[d8f4764d-d1da-412b-ab42-45af4a575cce]   Rendered shared/_match_card.html.erb (Duration: 0.2ms | Allocations: 28)
[d8f4764d-d1da-412b-ab42-45af4a575cce]   Rendered shared/_match_card.html.erb (Duration: 0.1ms | Allocations: 29)
[d8f4764d-d1da-412b-ab42-45af4a575cce]   Rendered shared/_match_card.html.erb (Duration: 0.1ms | Allocations: 29)
[d8f4764d-d1da-412b-ab42-45af4a575cce]   Rendered shared/_match_card.html.erb (Duration: 0.2ms | Allocations: 29)
[d8f4764d-d1da-412b-ab42-45af4a575cce]   Rendered shared/_match_card.html.erb (Duration: 0.2ms | Allocations: 29)
[d8f4764d-d1da-412b-ab42-45af4a575cce]   Rendered shared/_match_card.html.erb (Duration: 0.7ms | Allocations: 28)
[d8f4764d-d1da-412b-ab42-45af4a575cce]   Rendered shared/_match_card.html.erb (Duration: 0.1ms | Allocations: 28)
[d8f4764d-d1da-412b-ab42-45af4a575cce]   Rendered shared/_match_card.html.erb (Duration: 0.1ms | Allocations: 28)
[d8f4764d-d1da-412b-ab42-45af4a575cce]   Rendered shared/_match_card.html.erb (Duration: 0.1ms | Allocations: 28)
[d8f4764d-d1da-412b-ab42-45af4a575cce]   Rendered shared/_match_card.html.erb (Duration: 0.1ms | Allocations: 26)
[d8f4764d-d1da-412b-ab42-45af4a575cce]   Rendered shared/_match_card.html.erb (Duration: 0.1ms | Allocations: 29)
[d8f4764d-d1da-412b-ab42-45af4a575cce]   Rendered shared/_match_card.html.erb (Duration: 0.1ms | Allocations: 28)
[d8f4764d-d1da-412b-ab42-45af4a575cce]   Rendered shared/_match_card.html.erb (Duration: 0.1ms | Allocations: 30)
[d8f4764d-d1da-412b-ab42-45af4a575cce]   Rendered shared/_match_card.html.erb (Duration: 0.1ms | Allocations: 29)
[d8f4764d-d1da-412b-ab42-45af4a575cce]   Rendered shared/_match_card.html.erb (Duration: 0.1ms | Allocations: 26)
[d8f4764d-d1da-412b-ab42-45af4a575cce]   Rendered shared/_match_card.html.erb (Duration: 0.1ms | Allocations: 28)
[d8f4764d-d1da-412b-ab42-45af4a575cce]   Rendered shared/_match_card.html.erb (Duration: 0.2ms | Allocations: 29)
[d8f4764d-d1da-412b-ab42-45af4a575cce]   Rendered shared/_match_card.html.erb (Duration: 0.1ms | Allocations: 29)
[d8f4764d-d1da-412b-ab42-45af4a575cce]   Rendered shared/_match_card.html.erb (Duration: 0.1ms | Allocations: 28)
[d8f4764d-d1da-412b-ab42-45af4a575cce]   Rendered shared/_match_card.html.erb (Duration: 0.1ms | Allocations: 30)
[d8f4764d-d1da-412b-ab42-45af4a575cce]   Rendered shared/_match_card.html.erb (Duration: 0.1ms | Allocations: 29)
[d8f4764d-d1da-412b-ab42-45af4a575cce]   Rendered shared/_match_card.html.erb (Duration: 0.1ms | Allocations: 29)
[d8f4764d-d1da-412b-ab42-45af4a575cce]   Rendered shared/_match_card.html.erb (Duration: 0.1ms | Allocations: 28)
[d8f4764d-d1da-412b-ab42-45af4a575cce]   Rendered shared/_match_card.html.erb (Duration: 0.1ms | Allocations: 29)
[d8f4764d-d1da-412b-ab42-45af4a575cce]   Rendered shared/_match_card.html.erb (Duration: 0.2ms | Allocations: 26)
[d8f4764d-d1da-412b-ab42-45af4a575cce]   Rendered shared/_match_card.html.erb (Duration: 0.1ms | Allocations: 30)
[d8f4764d-d1da-412b-ab42-45af4a575cce]   Rendered shared/_match_card.html.erb (Duration: 0.1ms | Allocations: 29)
[d8f4764d-d1da-412b-ab42-45af4a575cce]   Rendered shared/_match_card.html.erb (Duration: 0.1ms | Allocations: 29)
[d8f4764d-d1da-412b-ab42-45af4a575cce]   Rendered shared/_match_card.html.erb (Duration: 0.1ms | Allocations: 26)
[d8f4764d-d1da-412b-ab42-45af4a575cce]   Rendered shared/_match_card.html.erb (Duration: 0.1ms | Allocations: 28)
[d8f4764d-d1da-412b-ab42-45af4a575cce]   Rendered shared/_match_card.html.erb (Duration: 0.1ms | Allocations: 26)
[d8f4764d-d1da-412b-ab42-45af4a575cce]   Rendered shared/_match_card.html.erb (Duration: 0.1ms | Allocations: 26)
[d8f4764d-d1da-412b-ab42-45af4a575cce]   Rendered shared/_match_card.html.erb (Duration: 0.2ms | Allocations: 28)
[d8f4764d-d1da-412b-ab42-45af4a575cce]   Rendered shared/_match_card.html.erb (Duration: 0.2ms | Allocations: 28)
[d8f4764d-d1da-412b-ab42-45af4a575cce]   Rendered shared/_match_card.html.erb (Duration: 0.1ms | Allocations: 28)
[d8f4764d-d1da-412b-ab42-45af4a575cce]   Rendered shared/_match_card.html.erb (Duration: 0.1ms | Allocations: 29)
[d8f4764d-d1da-412b-ab42-45af4a575cce]   Rendered shared/_match_card.html.erb (Duration: 0.1ms | Allocations: 26)
[d8f4764d-d1da-412b-ab42-45af4a575cce]   Rendered shared/_match_card.html.erb (Duration: 0.1ms | Allocations: 28)
[d8f4764d-d1da-412b-ab42-45af4a575cce]   Rendered shared/_match_card.html.erb (Duration: 0.2ms | Allocations: 29)
[d8f4764d-d1da-412b-ab42-45af4a575cce]   Rendered shared/_match_card.html.erb (Duration: 0.1ms | Allocations: 28)
[d8f4764d-d1da-412b-ab42-45af4a575cce]   Rendered shared/_match_card.html.erb (Duration: 0.1ms | Allocations: 29)
[d8f4764d-d1da-412b-ab42-45af4a575cce]   Rendered shared/_match_card.html.erb (Duration: 0.1ms | Allocations: 28)
[d8f4764d-d1da-412b-ab42-45af4a575cce]   Rendered shared/_match_card.html.erb (Duration: 0.1ms | Allocations: 26)
[d8f4764d-d1da-412b-ab42-45af4a575cce]   Rendered shared/_match_card.html.erb (Duration: 0.1ms | Allocations: 29)
[d8f4764d-d1da-412b-ab42-45af4a575cce]   Rendered shared/_match_card.html.erb (Duration: 0.2ms | Allocations: 29)
[d8f4764d-d1da-412b-ab42-45af4a575cce]   Rendered shared/_match_card.html.erb (Duration: 0.1ms | Allocations: 29)
[d8f4764d-d1da-412b-ab42-45af4a575cce]   Rendered shared/_match_card.html.erb (Duration: 0.1ms | Allocations: 28)
[d8f4764d-d1da-412b-ab42-45af4a575cce]   Rendered shared/_match_card.html.erb (Duration: 0.2ms | Allocations: 29)
[d8f4764d-d1da-412b-ab42-45af4a575cce]   Rendered shared/_match_card.html.erb (Duration: 0.2ms | Allocations: 29)
[d8f4764d-d1da-412b-ab42-45af4a575cce]   Rendered shared/_match_card.html.erb (Duration: 0.1ms | Allocations: 28)
[d8f4764d-d1da-412b-ab42-45af4a575cce]   Rendered shared/_match_card.html.erb (Duration: 0.1ms | Allocations: 29)
[d8f4764d-d1da-412b-ab42-45af4a575cce]   Rendered shared/_match_card.html.erb (Duration: 0.2ms | Allocations: 29)
[d8f4764d-d1da-412b-ab42-45af4a575cce]   Rendered shared/_match_card.html.erb (Duration: 0.1ms | Allocations: 26)
[d8f4764d-d1da-412b-ab42-45af4a575cce]   Rendered shared/_match_card.html.erb (Duration: 0.1ms | Allocations: 29)
[d8f4764d-d1da-412b-ab42-45af4a575cce]   Rendered matches/index.html.erb within layouts/application (Duration: 73.8ms | Allocations: 6808)
[d8f4764d-d1da-412b-ab42-45af4a575cce]   Rendered layout layouts/application.html.erb (Duration: 89.4ms | Allocations: 8869)
[d8f4764d-d1da-412b-ab42-45af4a575cce] Completed 200 OK in 694ms (Views: 90.6ms | Allocations: 11637)


[81c8e23c-4ddc-4044-9f96-f80e99f69ee5] Started GET "/knockout" for ::1 at 2026-06-11 13:45:28 -0600
[81c8e23c-4ddc-4044-9f96-f80e99f69ee5] Processing by KnockoutController#index as HTML
[81c8e23c-4ddc-4044-9f96-f80e99f69ee5]   Rendering layout layouts/application.html.erb
[81c8e23c-4ddc-4044-9f96-f80e99f69ee5]   Rendering knockout/index.html.erb within layouts/application
[81c8e23c-4ddc-4044-9f96-f80e99f69ee5]   Rendered knockout/index.html.erb within layouts/application (Duration: 0.7ms | Allocations: 481)
[81c8e23c-4ddc-4044-9f96-f80e99f69ee5]   Rendered layout layouts/application.html.erb (Duration: 17.7ms | Allocations: 2565)
[81c8e23c-4ddc-4044-9f96-f80e99f69ee5] Completed 200 OK in 310ms (Views: 19.8ms | Allocations: 4038)


[127611b9-a1fd-4203-bb51-4dadd8c9871d] Started GET "/groups" for ::1 at 2026-06-11 13:45:40 -0600
[127611b9-a1fd-4203-bb51-4dadd8c9871d] Processing by GroupsController#index as HTML
[127611b9-a1fd-4203-bb51-4dadd8c9871d]   Rendering layout layouts/application.html.erb
[127611b9-a1fd-4203-bb51-4dadd8c9871d]   Rendering groups/index.html.erb within layouts/application
[127611b9-a1fd-4203-bb51-4dadd8c9871d]   Rendered shared/_standings_table.html.erb (Duration: 0.1ms | Allocations: 108)
[127611b9-a1fd-4203-bb51-4dadd8c9871d]   Rendered shared/_standings_table.html.erb (Duration: 0.1ms | Allocations: 110)
[127611b9-a1fd-4203-bb51-4dadd8c9871d]   Rendered shared/_standings_table.html.erb (Duration: 0.1ms | Allocations: 106)
[127611b9-a1fd-4203-bb51-4dadd8c9871d]   Rendered shared/_standings_table.html.erb (Duration: 0.1ms | Allocations: 109)
[127611b9-a1fd-4203-bb51-4dadd8c9871d]   Rendered shared/_standings_table.html.erb (Duration: 0.3ms | Allocations: 105)
[127611b9-a1fd-4203-bb51-4dadd8c9871d]   Rendered shared/_standings_table.html.erb (Duration: 0.1ms | Allocations: 107)
[127611b9-a1fd-4203-bb51-4dadd8c9871d]   Rendered shared/_standings_table.html.erb (Duration: 0.1ms | Allocations: 108)
[127611b9-a1fd-4203-bb51-4dadd8c9871d]   Rendered shared/_standings_table.html.erb (Duration: 0.1ms | Allocations: 106)
[127611b9-a1fd-4203-bb51-4dadd8c9871d]   Rendered shared/_standings_table.html.erb (Duration: 0.3ms | Allocations: 107)
[127611b9-a1fd-4203-bb51-4dadd8c9871d]   Rendered shared/_standings_table.html.erb (Duration: 0.2ms | Allocations: 108)
[127611b9-a1fd-4203-bb51-4dadd8c9871d]   Rendered shared/_standings_table.html.erb (Duration: 0.1ms | Allocations: 105)
[127611b9-a1fd-4203-bb51-4dadd8c9871d]   Rendered shared/_standings_table.html.erb (Duration: 0.2ms | Allocations: 109)
[127611b9-a1fd-4203-bb51-4dadd8c9871d]   Rendered groups/index.html.erb within layouts/application (Duration: 19.0ms | Allocations: 2872)
[127611b9-a1fd-4203-bb51-4dadd8c9871d]   Rendered layout layouts/application.html.erb (Duration: 35.3ms | Allocations: 4938)
[127611b9-a1fd-4203-bb51-4dadd8c9871d] Completed 200 OK in 218ms (Views: 36.6ms | Allocations: 7157)


[1dcae62e-cd91-40f9-a33a-441ff5c3a945] Started GET "/matches" for ::1 at 2026-06-11 13:45:53 -0600
[1dcae62e-cd91-40f9-a33a-441ff5c3a945] Processing by MatchesController#index as HTML
[1dcae62e-cd91-40f9-a33a-441ff5c3a945]   Rendering layout layouts/application.html.erb
[1dcae62e-cd91-40f9-a33a-441ff5c3a945]   Rendering matches/index.html.erb within layouts/application
[1dcae62e-cd91-40f9-a33a-441ff5c3a945]   Rendered shared/_match_card.html.erb (Duration: 0.1ms | Allocations: 30)
[1dcae62e-cd91-40f9-a33a-441ff5c3a945]   Rendered shared/_match_card.html.erb (Duration: 0.1ms | Allocations: 30)
[1dcae62e-cd91-40f9-a33a-441ff5c3a945]   Rendered shared/_match_card.html.erb (Duration: 0.1ms | Allocations: 30)
[1dcae62e-cd91-40f9-a33a-441ff5c3a945]   Rendered shared/_match_card.html.erb (Duration: 0.1ms | Allocations: 30)
[1dcae62e-cd91-40f9-a33a-441ff5c3a945]   Rendered shared/_match_card.html.erb (Duration: 0.1ms | Allocations: 28)
[1dcae62e-cd91-40f9-a33a-441ff5c3a945]   Rendered shared/_match_card.html.erb (Duration: 0.1ms | Allocations: 28)
[1dcae62e-cd91-40f9-a33a-441ff5c3a945]   Rendered shared/_match_card.html.erb (Duration: 0.1ms | Allocations: 30)
[1dcae62e-cd91-40f9-a33a-441ff5c3a945]   Rendered shared/_match_card.html.erb (Duration: 0.1ms | Allocations: 30)
[1dcae62e-cd91-40f9-a33a-441ff5c3a945]   Rendered shared/_match_card.html.erb (Duration: 0.1ms | Allocations: 29)
[1dcae62e-cd91-40f9-a33a-441ff5c3a945]   Rendered shared/_match_card.html.erb (Duration: 0.1ms | Allocations: 29)
[1dcae62e-cd91-40f9-a33a-441ff5c3a945]   Rendered shared/_match_card.html.erb (Duration: 0.1ms | Allocations: 28)
[1dcae62e-cd91-40f9-a33a-441ff5c3a945]   Rendered shared/_match_card.html.erb (Duration: 0.1ms | Allocations: 29)
[1dcae62e-cd91-40f9-a33a-441ff5c3a945]   Rendered shared/_match_card.html.erb (Duration: 0.1ms | Allocations: 28)
[1dcae62e-cd91-40f9-a33a-441ff5c3a945]   Rendered shared/_match_card.html.erb (Duration: 0.2ms | Allocations: 26)
[1dcae62e-cd91-40f9-a33a-441ff5c3a945]   Rendered shared/_match_card.html.erb (Duration: 0.5ms | Allocations: 29)
[1dcae62e-cd91-40f9-a33a-441ff5c3a945]   Rendered shared/_match_card.html.erb (Duration: 0.1ms | Allocations: 26)
[1dcae62e-cd91-40f9-a33a-441ff5c3a945]   Rendered shared/_match_card.html.erb (Duration: 0.1ms | Allocations: 29)
[1dcae62e-cd91-40f9-a33a-441ff5c3a945]   Rendered shared/_match_card.html.erb (Duration: 0.1ms | Allocations: 29)
[1dcae62e-cd91-40f9-a33a-441ff5c3a945]   Rendered shared/_match_card.html.erb (Duration: 0.1ms | Allocations: 28)
[1dcae62e-cd91-40f9-a33a-441ff5c3a945]   Rendered shared/_match_card.html.erb (Duration: 0.1ms | Allocations: 29)
[1dcae62e-cd91-40f9-a33a-441ff5c3a945]   Rendered shared/_match_card.html.erb (Duration: 0.1ms | Allocations: 29)
[1dcae62e-cd91-40f9-a33a-441ff5c3a945]   Rendered shared/_match_card.html.erb (Duration: 0.1ms | Allocations: 29)
[1dcae62e-cd91-40f9-a33a-441ff5c3a945]   Rendered shared/_match_card.html.erb (Duration: 0.1ms | Allocations: 29)
[1dcae62e-cd91-40f9-a33a-441ff5c3a945]   Rendered shared/_match_card.html.erb (Duration: 0.1ms | Allocations: 28)
[1dcae62e-cd91-40f9-a33a-441ff5c3a945]   Rendered shared/_match_card.html.erb (Duration: 0.1ms | Allocations: 28)
[1dcae62e-cd91-40f9-a33a-441ff5c3a945]   Rendered shared/_match_card.html.erb (Duration: 0.1ms | Allocations: 28)
[1dcae62e-cd91-40f9-a33a-441ff5c3a945]   Rendered shared/_match_card.html.erb (Duration: 0.1ms | Allocations: 28)
[1dcae62e-cd91-40f9-a33a-441ff5c3a945]   Rendered shared/_match_card.html.erb (Duration: 0.1ms | Allocations: 26)
[1dcae62e-cd91-40f9-a33a-441ff5c3a945]   Rendered shared/_match_card.html.erb (Duration: 0.1ms | Allocations: 29)
[1dcae62e-cd91-40f9-a33a-441ff5c3a945]   Rendered shared/_match_card.html.erb (Duration: 0.1ms | Allocations: 28)
[1dcae62e-cd91-40f9-a33a-441ff5c3a945]   Rendered shared/_match_card.html.erb (Duration: 0.1ms | Allocations: 30)
[1dcae62e-cd91-40f9-a33a-441ff5c3a945]   Rendered shared/_match_card.html.erb (Duration: 0.2ms | Allocations: 29)
[1dcae62e-cd91-40f9-a33a-441ff5c3a945]   Rendered shared/_match_card.html.erb (Duration: 0.1ms | Allocations: 26)
[1dcae62e-cd91-40f9-a33a-441ff5c3a945]   Rendered shared/_match_card.html.erb (Duration: 0.1ms | Allocations: 28)
[1dcae62e-cd91-40f9-a33a-441ff5c3a945]   Rendered shared/_match_card.html.erb (Duration: 0.1ms | Allocations: 29)
[1dcae62e-cd91-40f9-a33a-441ff5c3a945]   Rendered shared/_match_card.html.erb (Duration: 0.1ms | Allocations: 29)
[1dcae62e-cd91-40f9-a33a-441ff5c3a945]   Rendered shared/_match_card.html.erb (Duration: 0.1ms | Allocations: 28)
[1dcae62e-cd91-40f9-a33a-441ff5c3a945]   Rendered shared/_match_card.html.erb (Duration: 0.1ms | Allocations: 30)
[1dcae62e-cd91-40f9-a33a-441ff5c3a945]   Rendered shared/_match_card.html.erb (Duration: 0.1ms | Allocations: 29)
[1dcae62e-cd91-40f9-a33a-441ff5c3a945]   Rendered shared/_match_card.html.erb (Duration: 0.1ms | Allocations: 29)
[1dcae62e-cd91-40f9-a33a-441ff5c3a945]   Rendered shared/_match_card.html.erb (Duration: 0.3ms | Allocations: 28)
[1dcae62e-cd91-40f9-a33a-441ff5c3a945]   Rendered shared/_match_card.html.erb (Duration: 0.1ms | Allocations: 29)
[1dcae62e-cd91-40f9-a33a-441ff5c3a945]   Rendered shared/_match_card.html.erb (Duration: 0.1ms | Allocations: 26)
[1dcae62e-cd91-40f9-a33a-441ff5c3a945]   Rendered shared/_match_card.html.erb (Duration: 0.1ms | Allocations: 30)
[1dcae62e-cd91-40f9-a33a-441ff5c3a945]   Rendered shared/_match_card.html.erb (Duration: 0.1ms | Allocations: 29)
[1dcae62e-cd91-40f9-a33a-441ff5c3a945]   Rendered shared/_match_card.html.erb (Duration: 0.1ms | Allocations: 29)
[1dcae62e-cd91-40f9-a33a-441ff5c3a945]   Rendered shared/_match_card.html.erb (Duration: 0.1ms | Allocations: 26)
[1dcae62e-cd91-40f9-a33a-441ff5c3a945]   Rendered shared/_match_card.html.erb (Duration: 0.1ms | Allocations: 28)
[1dcae62e-cd91-40f9-a33a-441ff5c3a945]   Rendered shared/_match_card.html.erb (Duration: 0.1ms | Allocations: 26)
[1dcae62e-cd91-40f9-a33a-441ff5c3a945]   Rendered shared/_match_card.html.erb (Duration: 0.5ms | Allocations: 26)
[1dcae62e-cd91-40f9-a33a-441ff5c3a945]   Rendered shared/_match_card.html.erb (Duration: 0.2ms | Allocations: 28)
[1dcae62e-cd91-40f9-a33a-441ff5c3a945]   Rendered shared/_match_card.html.erb (Duration: 0.1ms | Allocations: 28)
[1dcae62e-cd91-40f9-a33a-441ff5c3a945]   Rendered shared/_match_card.html.erb (Duration: 0.1ms | Allocations: 28)
[1dcae62e-cd91-40f9-a33a-441ff5c3a945]   Rendered shared/_match_card.html.erb (Duration: 0.1ms | Allocations: 29)
[1dcae62e-cd91-40f9-a33a-441ff5c3a945]   Rendered shared/_match_card.html.erb (Duration: 0.1ms | Allocations: 26)
[1dcae62e-cd91-40f9-a33a-441ff5c3a945]   Rendered shared/_match_card.html.erb (Duration: 0.1ms | Allocations: 28)
[1dcae62e-cd91-40f9-a33a-441ff5c3a945]   Rendered shared/_match_card.html.erb (Duration: 0.1ms | Allocations: 29)
[1dcae62e-cd91-40f9-a33a-441ff5c3a945]   Rendered shared/_match_card.html.erb (Duration: 0.1ms | Allocations: 28)
[1dcae62e-cd91-40f9-a33a-441ff5c3a945]   Rendered shared/_match_card.html.erb (Duration: 0.1ms | Allocations: 29)
[1dcae62e-cd91-40f9-a33a-441ff5c3a945]   Rendered shared/_match_card.html.erb (Duration: 0.1ms | Allocations: 28)
[1dcae62e-cd91-40f9-a33a-441ff5c3a945]   Rendered shared/_match_card.html.erb (Duration: 0.0ms | Allocations: 26)
[1dcae62e-cd91-40f9-a33a-441ff5c3a945]   Rendered shared/_match_card.html.erb (Duration: 0.1ms | Allocations: 29)
[1dcae62e-cd91-40f9-a33a-441ff5c3a945]   Rendered shared/_match_card.html.erb (Duration: 0.1ms | Allocations: 29)
[1dcae62e-cd91-40f9-a33a-441ff5c3a945]   Rendered shared/_match_card.html.erb (Duration: 0.1ms | Allocations: 29)
[1dcae62e-cd91-40f9-a33a-441ff5c3a945]   Rendered shared/_match_card.html.erb (Duration: 0.1ms | Allocations: 28)
[1dcae62e-cd91-40f9-a33a-441ff5c3a945]   Rendered shared/_match_card.html.erb (Duration: 0.2ms | Allocations: 29)
[1dcae62e-cd91-40f9-a33a-441ff5c3a945]   Rendered shared/_match_card.html.erb (Duration: 0.1ms | Allocations: 29)
[1dcae62e-cd91-40f9-a33a-441ff5c3a945]   Rendered shared/_match_card.html.erb (Duration: 0.3ms | Allocations: 28)
[1dcae62e-cd91-40f9-a33a-441ff5c3a945]   Rendered shared/_match_card.html.erb (Duration: 0.1ms | Allocations: 29)
[1dcae62e-cd91-40f9-a33a-441ff5c3a945]   Rendered shared/_match_card.html.erb (Duration: 0.1ms | Allocations: 29)
[1dcae62e-cd91-40f9-a33a-441ff5c3a945]   Rendered shared/_match_card.html.erb (Duration: 0.1ms | Allocations: 26)
[1dcae62e-cd91-40f9-a33a-441ff5c3a945]   Rendered shared/_match_card.html.erb (Duration: 0.1ms | Allocations: 29)
[1dcae62e-cd91-40f9-a33a-441ff5c3a945]   Rendered matches/index.html.erb within layouts/application (Duration: 56.2ms | Allocations: 6808)
[1dcae62e-cd91-40f9-a33a-441ff5c3a945]   Rendered layout layouts/application.html.erb (Duration: 69.9ms | Allocations: 8872)
[1dcae62e-cd91-40f9-a33a-441ff5c3a945] Completed 200 OK in 530ms (Views: 71.4ms | Allocations: 11640)


[41dccd6e-6b6d-4c0b-9107-c2b78d3c5c14] Started GET "/knockout" for ::1 at 2026-06-11 13:45:55 -0600
[41dccd6e-6b6d-4c0b-9107-c2b78d3c5c14] Processing by KnockoutController#index as HTML
[41dccd6e-6b6d-4c0b-9107-c2b78d3c5c14]   Rendering layout layouts/application.html.erb
[41dccd6e-6b6d-4c0b-9107-c2b78d3c5c14]   Rendering knockout/index.html.erb within layouts/application
[41dccd6e-6b6d-4c0b-9107-c2b78d3c5c14]   Rendered knockout/index.html.erb within layouts/application (Duration: 0.3ms | Allocations: 481)
[41dccd6e-6b6d-4c0b-9107-c2b78d3c5c14]   Rendered layout layouts/application.html.erb (Duration: 24.2ms | Allocations: 2559)
[41dccd6e-6b6d-4c0b-9107-c2b78d3c5c14] Completed 200 OK in 381ms (Views: 26.1ms | Allocations: 4041)


[51c6cd01-8b55-4b70-ad22-1d780a79dacb] Started GET "/" for ::1 at 2026-06-11 13:46:12 -0600
[51c6cd01-8b55-4b70-ad22-1d780a79dacb] Processing by DashboardController#index as HTML
[51c6cd01-8b55-4b70-ad22-1d780a79dacb]   Rendering layout layouts/application.html.erb
[51c6cd01-8b55-4b70-ad22-1d780a79dacb]   Rendering dashboard/index.html.erb within layouts/application
[51c6cd01-8b55-4b70-ad22-1d780a79dacb]   Rendered dashboard/index.html.erb within layouts/application (Duration: 1.6ms | Allocations: 196)
[51c6cd01-8b55-4b70-ad22-1d780a79dacb]   Rendered layout layouts/application.html.erb (Duration: 19.2ms | Allocations: 2261)
[51c6cd01-8b55-4b70-ad22-1d780a79dacb] Completed 200 OK in 311ms (Views: 20.8ms | Allocations: 3597)


